notatie,cas,label,stored_inchikey,resolved_inchikey,resolution_method,status
V_1524,38083-17-9,Climbazool,OWEGWHBOCFMBLP-UHFFFAOYSA-N,OWEGWHBOCFMBLP-UHFFFAOYSA-N,cas,match
V_191,5345-54-0,3-Chloor-4-methoxyaniline,XQVCBOLNTSUFGD-UHFFFAOYSA-N,XQVCBOLNTSUFGD-UHFFFAOYSA-N,cas,match
V_357,71-43-2,Benzeen,UHOVQNZJYSORNB-UHFFFAOYSA-N,UHOVQNZJYSORNB-UHFFFAOYSA-N,cas,match
V_1537,109-86-4,Methylglycol,XNWFRZJHXBZDAG-UHFFFAOYSA-N,XNWFRZJHXBZDAG-UHFFFAOYSA-N,cas,match
V_217,172960-62-2,Metazachloor ESA,IPVCSECPEVHQOV-UHFFFAOYSA-N,IPVCSECPEVHQOV-UHFFFAOYSA-N,cas,match
V_990,834-12-8,Ametryn,RQVYBGPQFYCBGX-UHFFFAOYSA-N,RQVYBGPQFYCBGX-UHFFFAOYSA-N,cas,match
V_727,74-98-6,Propaan,ATUOYWHBWRKTHZ-UHFFFAOYSA-N,ATUOYWHBWRKTHZ-UHFFFAOYSA-N,cas,match
V_2142,334-48-5,Decaanzuur,GHVNFZFCNZKVNT-UHFFFAOYSA-N,GHVNFZFCNZKVNT-UHFFFAOYSA-N,cas,match
V_1595,107-01-7,2-Buteen,IAQRGUVFOMOMEM-UHFFFAOYSA-N,IAQRGUVFOMOMEM-ONEGZZNKSA-N,cas,mismatch
V_903,142459-58-3,Flufenacet,IANUJLZYFUDJIH-UHFFFAOYSA-N,IANUJLZYFUDJIH-UHFFFAOYSA-N,cas,match
V_996,2164-08-1,Lenacil,ZTMKADLOSYKWCA-UHFFFAOYSA-N,ZTMKADLOSYKWCA-UHFFFAOYSA-N,cas,match
V_1393,125116-23-6,Metconazool,XWPZUHJBOLQNMN-UHFFFAOYSA-N,XWPZUHJBOLQNMN-UHFFFAOYSA-N,cas,match
V_829,68783-78-8,Ditallowdimethylammoniumchloride,,,,unresolved
V_930,79415-41-1,Pentabroombenzylalcohol,KKWHDMUCBWSKGL-UHFFFAOYSA-N,KKWHDMUCBWSKGL-UHFFFAOYSA-N,cas,match
V_2056,91-57-6,2-Methylnaftaleen,QIMMUPPBPVKWKM-UHFFFAOYSA-N,QIMMUPPBPVKWKM-UHFFFAOYSA-N,cas,match
V_722,1689-84-5,Bromoxynil,UPMXNNIRAGDFEH-UHFFFAOYSA-N,UPMXNNIRAGDFEH-UHFFFAOYSA-N,cas,match
V_717,5598-13-0,Chloorpyrifos-methyl,HRBKVYFZANMGRE-UHFFFAOYSA-N,HRBKVYFZANMGRE-UHFFFAOYSA-N,cas,match
V_594,5103-74-2,trans-Chloordaan,BIWJNBZANLAXMG-OESJLNMISA-N,BIWJNBZANLAXMG-OESJLNMISA-N,cas,match
V_2192,79-31-2,iso-Boterzuur,KQNPFQTWMSNSAP-UHFFFAOYSA-N,KQNPFQTWMSNSAP-UHFFFAOYSA-N,cas,match
V_1993,78-85-3,Metacroleïne,STNJBCKSHOAVAJ-UHFFFAOYSA-N,STNJBCKSHOAVAJ-UHFFFAOYSA-N,cas,match
V_1002,95-15-8,Benzothiofeen,FCEHBMOGCRZNNI-UHFFFAOYSA-N,FCEHBMOGCRZNNI-UHFFFAOYSA-N,cas,match
V_2127,2425-06-1,Captafol,JHRWWRDRBPCWTF-UHFFFAOYNA-N,JHRWWRDRBPCWTF-UHFFFAOYSA-N,cas,mismatch
V_496,101-84-8,Difenyloxide,USIUVYZYUHIAEV-UHFFFAOYSA-N,USIUVYZYUHIAEV-UHFFFAOYSA-N,cas,match
V_1505,34454-99-4,2-perfluorbutaansulfonamidoethanol (FBSE),ASJXVGSUYQIIBC-UHFFFAOYSA-N,ASJXVGSUYQIIBC-UHFFFAOYSA-N,cas,match
V_1016,1119-94-4,Dodecyltrimethylammonium,,XJWSAJYUBXQQDR-UHFFFAOYSA-M,cas,resolved_new
V_902,13360-45-7,Chloorbromuron,NLYNUTMZTCLNOO-UHFFFAOYSA-N,NLYNUTMZTCLNOO-UHFFFAOYSA-N,cas,match
V_934,121552-61-2,Cyprodinil,HAORKNGNJCEJBX-UHFFFAOYSA-N,HAORKNGNJCEJBX-UHFFFAOYSA-N,cas,match
V_1278,66-79-5,Oxacilline,UWYHMGVUTGAWSP-JKIFEVAISA-N,UWYHMGVUTGAWSP-JKIFEVAISA-N,cas,match
V_2129,1563-66-2,Carbofuran,DUEPRVBVGDRKAG-UHFFFAOYSA-N,DUEPRVBVGDRKAG-UHFFFAOYSA-N,cas,match
V_474,23103-98-2,Pirimicarb,YFGYUFNIOHWBOB-UHFFFAOYSA-N,YFGYUFNIOHWBOB-UHFFFAOYSA-N,cas,match
V_1686,124-38-9,Koolstofdioxide,CURLTUGMZLYLDI-UHFFFAOYSA-N,CURLTUGMZLYLDI-UHFFFAOYSA-N,cas,match
V_1606,1576-67-6,"3,6-Dimethylfenantreen",OMIBPZBOAJFEJS-UHFFFAOYSA-N,OMIBPZBOAJFEJS-UHFFFAOYSA-N,cas,match
V_502,120-82-1,"1,2,4-Trichloorbenzeen",PBKONEOXTCPAFI-UHFFFAOYSA-N,PBKONEOXTCPAFI-UHFFFAOYSA-N,cas,match
V_549,74-83-9,Broommethaan,GZUXJHMPEANEGY-UHFFFAOYSA-N,GZUXJHMPEANEGY-UHFFFAOYSA-N,cas,match
V_999,4265-25-2,2-Methylbenzofuraan,GBGPVUAOTCNZPT-UHFFFAOYSA-N,GBGPVUAOTCNZPT-UHFFFAOYSA-N,cas,match
V_339,7440-50-8,Koper,RYGMFSIKBFXOCR-UHFFFAOYSA-N,RYGMFSIKBFXOCR-UHFFFAOYSA-N,cas,match
V_1069,308069-13-8,Perfluorkoolwaterstoffen,,,,unresolved
V_719,333-41-5,Diazinon,FHIVAFMUCKRCQO-UHFFFAOYSA-N,FHIVAFMUCKRCQO-UHFFFAOYSA-N,cas,match
V_1497,74472-40-5,"2,2',3,4,6,6'-Hexachloorbifenyl (PCB 145)",JZFZCLFEPXCRCA-UHFFFAOYSA-N,JZFZCLFEPXCRCA-UHFFFAOYSA-N,cas,match
V_1450,1190931-41-9,"Perfluor([5-methoxy-1,3-dioxolaan-4-yl]oxy)azijnzu",CJAXBZSIMAURNW-UHFFFAOYSA-N,CJAXBZSIMAURNW-UHFFFAOYSA-N,cas,match
V_1395,4151-50-2,N-ethylperfluoroctaan-1-sulfonamide (EtPFOSA),CCEKAJIANROZEO-UHFFFAOYSA-N,CCEKAJIANROZEO-UHFFFAOYSA-N,cas,match
V_590,103-65-1,Propylbenzeen,ODLMAHJVESYWTB-UHFFFAOYSA-N,ODLMAHJVESYWTB-UHFFFAOYSA-N,cas,match
V_349,7440-62-2,Vanadium,LEONUFNNVUYDNQ-UHFFFAOYSA-N,LEONUFNNVUYDNQ-UHFFFAOYSA-N,cas,match
V_995,77238-39-2,Microcystine,SRUWWOSWHXIIIA-UKPGNTDSSA-N,SRUWWOSWHXIIIA-UKPGNTDSSA-N,cas,match
V_1359,27619-97-2,6:2 fluortelomeersulfonzuur (6:2 FTS),VIONGDJUYAYOPU-UHFFFAOYSA-N,VIONGDJUYAYOPU-UHFFFAOYSA-N,cas,match
V_1409,791563-89-8,Perfluor-1-tridecaansulfonzuur (PFTrS),JMIXTHMPTMXARZ-UHFFFAOYSA-N,JMIXTHMPTMXARZ-UHFFFAOYSA-N,cas,match
V_2039,111991-09-4,Nicosulferon,RTCOGUMHFFWOJV-UHFFFAOYSA-N,RTCOGUMHFFWOJV-UHFFFAOYSA-N,cas,match
V_1770,78-79-5,Isopreen,RRHGJUQNOFWUDK-UHFFFAOYSA-N,RRHGJUQNOFWUDK-UHFFFAOYSA-N,cas,match
V_30,57117-31-4,"2,3,4,7,8-Pentachloordibenzofuraan",OGBQILNBLMPPDP-UHFFFAOYSA-N,OGBQILNBLMPPDP-UHFFFAOYSA-N,cas,match
V_1239,26787-78-0,Amoxicilline,MQXQVCLAUDMCEF-CWLIKTDRSA-N,LSQZJLSUYDQPKJ-NJBDSQKTSA-N,cas,mismatch
V_612,41464-40-8,"2,2',4,5'-Tetrachloorbifenyl (PCB49)",ZWPVHELAQPIZHO-UHFFFAOYSA-N,ZWPVHELAQPIZHO-UHFFFAOYSA-N,cas,match
V_1378,68259-12-1,Perfluornonaansulfonzuur (PFNS),MNEXVZFQQPKDHC-UHFFFAOYSA-N,MNEXVZFQQPKDHC-UHFFFAOYSA-N,cas,match
V_822,826-36-8,Tetramethylpiperidinon,ZXNWYMNKYXUZGM-UHFFFAOYSA-N,JWUXJYZVKZKLTJ-UHFFFAOYSA-N,cas,mismatch
V_886,2385-85-5,Mirex,GVYLCNUFSHDAAW-UHFFFAOYSA-N,GVYLCNUFSHDAAW-UHFFFAOYSA-N,cas,match
V_772,634-90-2,"1,2,3,5-Tetrachloorbenzeen",QZYNWJQFTJXIRN-UHFFFAOYSA-N,QZYNWJQFTJXIRN-UHFFFAOYSA-N,cas,match
V_1280,59-40-5,Sulfaquinoxaline,NHZLNPMOSADWGC-UHFFFAOYSA-N,NHZLNPMOSADWGC-UHFFFAOYSA-N,cas,match
V_271,608-27-5,"2,3-Dichlooraniline",BRPSAOUFIJSKOT-UHFFFAOYSA-N,BRPSAOUFIJSKOT-UHFFFAOYSA-N,cas,match
V_218,1231244-60-2,Metazachloor OA,PHMHHVKFXZNTKU-UHFFFAOYSA-N,PHMHHVKFXZNTKU-UHFFFAOYSA-N,cas,match
V_637,56-72-4,Cumafos,BXNANOICGRISHX-UHFFFAOYSA-N,BXNANOICGRISHX-UHFFFAOYSA-N,cas,match
V_433,79-34-5,"1,1,2,2-Tetrachloorethaan",QPFMBZIOSGYJDE-UHFFFAOYSA-N,QPFMBZIOSGYJDE-UHFFFAOYSA-N,cas,match
V_283,84-66-2,Diethylftalaat,FLKPEMZONWLCSK-UHFFFAOYSA-N,FLKPEMZONWLCSK-UHFFFAOYSA-N,cas,match
V_789,2406-68-0,Monofenyltin,JDWJZEXJARCHAT-UHFFFAOYSA-N,JDWJZEXJARCHAT-UHFFFAOYSA-N,cas,match
V_588,95-63-6,"1,2,4-Trimethylbenzeen",GWHJZXXIDMPWGX-UHFFFAOYSA-N,GWHJZXXIDMPWGX-UHFFFAOYSA-N,cas,match
V_547,106-43-4,4-Chloortolueen,NPDACUSDTOMAMK-UHFFFAOYSA-N,NPDACUSDTOMAMK-UHFFFAOYSA-N,cas,match
V_1472,50-84-0,"2,4-Dichlorobenzoëzuur",ATCRIUVQKHMXSH-UHFFFAOYSA-N,ATCRIUVQKHMXSH-UHFFFAOYSA-N,cas,match
V_1633,107-02-8,Acroleine,HGINCPLSRVDWNT-UHFFFAOYSA-N,HGINCPLSRVDWNT-UHFFFAOYSA-N,cas,match
V_634,101-21-3,Chloorprofam,CWJSHJJYOPWUGX-UHFFFAOYSA-N,CWJSHJJYOPWUGX-UHFFFAOYSA-N,cas,match
V_1,115-29-7,alfa+beta Endosulfan,RDYMFSUJUZBWLH-UHFFFAOYSA-N,RDYMFSUJUZBWLH-UHFFFAOYSA-N,cas,match
V_1383,943913-15-3,6:2/8:2 Fluortelomeerfosfaat diester,KHLRYLUKBJEYFH-UHFFFAOYSA-N,KHLRYLUKBJEYFH-UHFFFAOYSA-N,cas,match
V_395,72-43-5,Methoxychloor,IAKOZHOLGAGEJT-UHFFFAOYSA-N,IAKOZHOLGAGEJT-UHFFFAOYSA-N,cas,match
V_2139,79-43-6,dichloorazijnzuur,JXTHNDFMNIQAHM-UHFFFAOYSA-N,JXTHNDFMNIQAHM-UHFFFAOYSA-N,cas,match
V_2052,103-11-7,2-Ethylhexylacrylaat,GOXQRTZXKQZDDN-UHFFFAOYNA-N,GOXQRTZXKQZDDN-UHFFFAOYSA-N,cas,mismatch
V_804,1014-69-3,Desmetryn,HCRWJJJUKUVORR-UHFFFAOYSA-N,HCRWJJJUKUVORR-UHFFFAOYSA-N,cas,match
V_2100,64-19-7,Azijnzuur,QTBSBXVTEAMEQO-UHFFFAOYSA-N,QTBSBXVTEAMEQO-UHFFFAOYSA-N,cas,match
V_746,592-41-6,1-Hexeen,LIKMAJRDDDTEIG-UHFFFAOYSA-N,LIKMAJRDDDTEIG-UHFFFAOYSA-N,cas,match
V_489,14938-35-3,4-n-Pentylfenol,ZNPSUQQXTRRSBM-UHFFFAOYSA-N,ZNPSUQQXTRRSBM-UHFFFAOYSA-N,cas,match
V_1396,57678-01-0,6:2 fluortelomeerfosfaat monoester (6:2 PAP),FZTRDYSPWWJCOF-UHFFFAOYSA-N,FZTRDYSPWWJCOF-UHFFFAOYSA-N,cas,match
V_949,72-56-0,Perthane,QFMDFTQOJHFVNR-UHFFFAOYSA-N,QFMDFTQOJHFVNR-UHFFFAOYSA-N,cas,match
V_2216,1343-98-2,Kiezelzuur,RMAQACBXLXPBSY-UHFFFAOYSA-N,RMAQACBXLXPBSY-UHFFFAOYSA-N,cas,match
V_440,615-65-6,2-Chloor-4-methylaniline,XGYLSRFSXKAYCR-UHFFFAOYSA-N,XGYLSRFSXKAYCR-UHFFFAOYSA-N,cas,match
V_352,108-67-8,"1,3,5-Trimethylbenzeen",AUHZEENZYGFFBQ-UHFFFAOYSA-N,AUHZEENZYGFFBQ-UHFFFAOYSA-N,cas,match
V_553,96-12-8,"1,2-Dibroom-3-chloorpropaan",WBEJYOJJBDISQU-UHFFFAOYSA-N,WBEJYOJJBDISQU-UHFFFAOYSA-N,cas,match
V_923,98-94-2,"N,N-Dimethylcyclohexylamine",SVYKKECYCPFKGB-UHFFFAOYSA-N,SVYKKECYCPFKGB-UHFFFAOYSA-N,cas,match
V_1487,2051-61-8,3-Chloorbifenyl (PCB 2),NMWSKOLWZZWHPL-UHFFFAOYSA-N,NMWSKOLWZZWHPL-UHFFFAOYSA-N,cas,match
V_148,120068-37-3,Fipronil,ZOCSXAVNDGMNBV-UHFFFAOYSA-N,ZOCSXAVNDGMNBV-UHFFFAOYSA-N,cas,match
V_763,7440-23-5,Natrium,KEAYESYHFKHZAL-UHFFFAOYSA-N,KEAYESYHFKHZAL-UHFFFAOYSA-N,cas,match
V_2132,3734-48-3,Chloordeen,XCJXQCUJXDUNDN-UHFFFAOYSA-N,XCJXQCUJXDUNDN-UHFFFAOYSA-N,cas,match
V_991,1610-18-0,Prometon,ISEUFVQQFVOBCY-UHFFFAOYSA-N,ISEUFVQQFVOBCY-UHFFFAOYSA-N,cas,match
V_973,78-92-2,2-Butanol,BTANRVKWQNVYAZ-UHFFFAOYSA-N,BTANRVKWQNVYAZ-UHFFFAOYSA-N,cas,match
V_631,75-00-3,Chloorethaan,HRYZWHHZPQKTII-UHFFFAOYSA-N,HRYZWHHZPQKTII-UHFFFAOYSA-N,cas,match
V_794,36580-86-6,Tricyclohexyltin,WSSWKXSQIKBUQR-UHFFFAOYSA-N,,,unresolved
V_150,36483-60-0,Hexabroomdifenylether,,HRSCBOSGEKXXSI-UHFFFAOYSA-N,cas,resolved_new
V_774,95-94-3,"1,2,4,5-Tetrachloorbenzeen",JHBKHLUZVFWLAG-UHFFFAOYSA-N,JHBKHLUZVFWLAG-UHFFFAOYSA-N,cas,match
V_1449,149-30-4,2-Mercaptobenzothiazole,YXIWHUQXZSMYRE-UHFFFAOYSA-N,YXIWHUQXZSMYRE-UHFFFAOYSA-N,cas,match
V_846,15231-44-4,Dioctyltin,HGQSXVKHVMGQRG-UHFFFAOYSA-N,HGQSXVKHVMGQRG-UHFFFAOYSA-N,cas,match
V_205,111-30-8,Glutaaraldehyde,SXRSQZLOMIGNAQ-UHFFFAOYSA-N,SXRSQZLOMIGNAQ-UHFFFAOYSA-N,cas,match
V_985,754-91-6,Perfluoroctaansulfonamide (PFOSA),RRRXPPIDPYTNJG-UHFFFAOYSA-N,RRRXPPIDPYTNJG-UHFFFAOYSA-N,cas,match
V_1274,98106-17-3,Difloxacine,NOCJXYPHIIZEHN-UHFFFAOYSA-N,NOCJXYPHIIZEHN-UHFFFAOYSA-N,cas,match
V_1263,57-62-5,Chloortetracycline,DHPRQBPJLMKORJ-XRNKAMNCSA-N,DHPRQBPJLMKORJ-XRNKAMNCSA-N,cas,match
V_344,7440-02-0,Nikkel,PXHVJJICTQNCMI-UHFFFAOYSA-N,PXHVJJICTQNCMI-UHFFFAOYSA-N,cas,match
V_1426,63387-28-0,"2,2',3,3',4,4',5,5',6-Nonabroomdifenylether (BDE206)",CYRHBNRLQMLULE-UHFFFAOYSA-N,CYRHBNRLQMLULE-UHFFFAOYSA-N,cas,match
V_793,36643-28-4,Tributyltin,LSKGFBJLYWXIOF-UHFFFAOYSA-N,LSKGFBJLYWXIOF-UHFFFAOYSA-N,cas,match
V_611,92-87-5,Benzidine,HFACYLZERDEVSX-UHFFFAOYSA-N,HFACYLZERDEVSX-UHFFFAOYSA-N,cas,match
V_2309,78-42-2,Tri-ethylhexylfosfaat,GTVWRXDRKAHEAD-UHFFFAOYNA-N,GTVWRXDRKAHEAD-UHFFFAOYSA-N,cas,mismatch
V_1495,70362-49-1,"3,3',4,5'-Tetrachloorbifenyl (PCB 78)",SXFLURRQRFKBNN-UHFFFAOYSA-N,SXFLURRQRFKBNN-UHFFFAOYSA-N,cas,match
V_222,28343-61-5,"4-Hydroxy-2,5,6-trichloroisophthalonitrile",MDQKYGOECVSPIW-UHFFFAOYSA-N,MDQKYGOECVSPIW-UHFFFAOYSA-N,cas,match
V_282,117-84-0,Di-n-octylftalaat,MQIUGAXCHLFZKX-UHFFFAOYSA-N,MQIUGAXCHLFZKX-UHFFFAOYSA-N,cas,match
V_517,100-00-5,1-Chloor-4-nitrobenzeen,CZGCEKJOLUNIFY-UHFFFAOYSA-N,CZGCEKJOLUNIFY-UHFFFAOYSA-N,cas,match
V_1376,75-60-5,Dimethyl Arseenzuur,OGGXGZAMXPVRFZ-UHFFFAOYSA-N,OGGXGZAMXPVRFZ-UHFFFAOYSA-N,cas,match
V_221,3984-14-3,Dimethylsulfamide,QMHAHUAQAJVBIW-UHFFFAOYSA-N,QMHAHUAQAJVBIW-UHFFFAOYSA-N,cas,match
V_2010,611-14-3,ortho-Ethyltolueen,HYFLWBNQFMXCPA-UHFFFAOYSA-N,HYFLWBNQFMXCPA-UHFFFAOYSA-N,cas,match
V_328,7440-36-0,Antimoon,WUOBERCRSABHOT-UHFFFAOYSA-N,WATWJIUSRGPENY-UHFFFAOYSA-N,cas,mismatch
V_2191,123-92-2,iso-Amylacetaat,MLFHJEHSLIIPHL-UHFFFAOYSA-N,MLFHJEHSLIIPHL-UHFFFAOYSA-N,cas,match
V_89,29122-68-7,Atenolol,METKIMKYRPQLGS-UHFFFAOYSA-N,METKIMKYRPQLGS-UHFFFAOYSA-N,cas,match
V_628,91-94-1,"3,3'-Dichloorbenzidine",HUWXDEQWWKGHRV-UHFFFAOYSA-N,HUWXDEQWWKGHRV-UHFFFAOYSA-N,cas,match
V_582,52-68-6,Trichloorfon,NFACJZMKEDPNKN-UHFFFAOYSA-N,NFACJZMKEDPNKN-UHFFFAOYSA-N,cas,match
V_2064,1672-58-8,4-formylaminoantipyrine,WSJBSKRPKADYRQ-UHFFFAOYSA-N,WSJBSKRPKADYRQ-UHFFFAOYSA-N,cas,match
V_607,639-58-7,Trifenyltinchloride,NJVOZLGKTAPUTQ-UHFFFAOYSA-M,NJVOZLGKTAPUTQ-UHFFFAOYSA-M,cas,match
V_91,298-46-4,Carbamazepine,FFGPTBGBLSHEPO-UHFFFAOYSA-N,FFGPTBGBLSHEPO-UHFFFAOYSA-N,cas,match
V_2147,35367-38-5,Diflubenzuron,QQQYTWIFVNKMRW-UHFFFAOYSA-N,QQQYTWIFVNKMRW-UHFFFAOYSA-N,cas,match
V_1353,16517-11-6,Perfluoroctadecaanzuur (PFODA),ZTSDOGSKTICNPQ-UHFFFAOYSA-N,ZTSDOGSKTICNPQ-UHFFFAOYSA-N,cas,match
V_321,14798-03-9,Ammonium,QGZKDVFQNNGYKY-UHFFFAOYSA-O,QGZKDVFQNNGYKY-UHFFFAOYSA-O,cas,match
V_744,109-67-1,1-Penteen,YWAKXRMUMFPDSH-UHFFFAOYSA-N,YWAKXRMUMFPDSH-UHFFFAOYSA-N,cas,match
V_575,14816-18-3,Foxim,ATROHALUCMTWTB-UHFFFAOYSA-N,ATROHALUCMTWTB-UHFFFAOYSA-N,cas,match
V_13,67-43-6,Diethyleentriaminepenta-azijnzuur,QPCDCPDFJACHGM-UHFFFAOYSA-N,QPCDCPDFJACHGM-UHFFFAOYSA-N,cas,match
V_1336,13252-13-6,"2,3,3,3-tetrafluor-2(heptafluorpropoxy)propionzuur",CSEBNABAWMZWIF-UHFFFAOYSA-N,CSEBNABAWMZWIF-UHFFFAOYSA-N,cas,match
V_2315,126-71-6,Tri-isobutylfosfaat,HRKAMJBPFPHCSD-UHFFFAOYSA-N,HRKAMJBPFPHCSD-UHFFFAOYSA-N,cas,match
V_1421,147217-75-2,"2,2',4-Tribroomdifenylether (TriBDE) (BDE17)",VYBFILXLBMWOLI-UHFFFAOYSA-N,VYBFILXLBMWOLI-UHFFFAOYSA-N,cas,match
V_1254,61-33-6,Benzylpenicilline,JGSARLDLIJGVTE-MBNYWOFBSA-N,JGSARLDLIJGVTE-MBNYWOFBSA-N,cas,match
V_1012,26636-32-8,Octylfenolpolyethoxylaat,,BHNQPLPANNDEGL-UHFFFAOYSA-N,cas,resolved_new
V_509,541-73-1,"1,3-Dichloorbenzeen",ZPQOPVIELGIULI-UHFFFAOYSA-N,ZPQOPVIELGIULI-UHFFFAOYSA-N,cas,match
V_403,50-29-3,pp'Dichloordifenyltrichloorethaan,YVGGHNCTFXOJCH-UHFFFAOYSA-N,YVGGHNCTFXOJCH-UHFFFAOYSA-N,cas,match
V_2326,57-13-6,Ureum,XSQUKJJJFZCRTK-UHFFFAOYSA-N,XSQUKJJJFZCRTK-UHFFFAOYSA-N,cas,match
V_1521,793-24-8,"N-1,3-Dimethylbutyl-N’-fenyl-p-fenylenediamine",ZZMVLMVFYMGSMY-UHFFFAOYSA-N,ZZMVLMVFYMGSMY-UHFFFAOYSA-N,cas,match
V_959,2655-15-4,"2,3,5-Trimethacarb",NYOKZHDTNBDPOB-UHFFFAOYSA-N,NYOKZHDTNBDPOB-UHFFFAOYSA-N,cas,match
V_2189,111-27-3,Hexanol,ZSIAUFGUXNUGDI-UHFFFAOYSA-N,ZSIAUFGUXNUGDI-UHFFFAOYSA-N,cas,match
V_918,85-22-3,Pentabroomethylbenzeen,FIAXCDIQXHJNIX-UHFFFAOYSA-N,FIAXCDIQXHJNIX-UHFFFAOYSA-N,cas,match
V_374,57-74-9,Chloordaan,BIWJNBZANLAXMG-UHFFFAOYSA-N,BIWJNBZANLAXMG-YQELWRJZSA-N,cas,mismatch
V_617,13982-63-3,Radium 226,HCWPIIXVSYCSAN-UHFFFAOYSA-N,HCWPIIXVSYCSAN-IGMARMGPSA-N,cas,mismatch
V_248,14797-65-0,Nitriet,IOVCWXUNBOPUCH-UHFFFAOYSA-M,IOVCWXUNBOPUCH-UHFFFAOYSA-M,cas,match
V_1601,107-83-5,2-Methylpentaan,AFABGHUZZDYHJO-UHFFFAOYSA-N,AFABGHUZZDYHJO-UHFFFAOYSA-N,cas,match
V_581,24017-47-8,Triazofos,AMFGTOFWMRQMEM-UHFFFAOYSA-N,AMFGTOFWMRQMEM-UHFFFAOYSA-N,cas,match
V_2193,110-19-0,iso-Butylacetaat,GJRQTCIYDGXPES-UHFFFAOYSA-N,GJRQTCIYDGXPES-UHFFFAOYSA-N,cas,match
V_1474,359-49-9,"2,3,3,3-Tetrafluorpropaanzuur",GPKYZQLMEPJAGJ-UHFFFAOYSA-N,GPKYZQLMEPJAGJ-UHFFFAOYSA-N,cas,match
V_1001,86-74-8,Carbazole,UJOBWOGCFQCDNV-UHFFFAOYSA-N,UJOBWOGCFQCDNV-UHFFFAOYSA-N,cas,match
V_442,95-69-2,4-Chloor-2-methylaniline,CXNVOWPRHWWCQR-UHFFFAOYSA-N,CXNVOWPRHWWCQR-UHFFFAOYSA-N,cas,match
V_1388,131807-57-3,Famoxadone,PCCSBWNGDMYFCW-UHFFFAOYSA-N,PCCSBWNGDMYFCW-UHFFFAOYSA-N,cas,match
V_105,81103-11-9,Clarithromycine,AGOYDEPGAOXOCK-KCBOHYOISA-N,AGOYDEPGAOXOCK-KCBOHYOISA-N,cas,match
V_668,107-13-1,Acrylonitrile,NLHHRLWOUZZQLW-UHFFFAOYSA-N,NLHHRLWOUZZQLW-UHFFFAOYSA-N,cas,match
V_964,335-67-1,Perfluoroctaanzuur (PFOA),SNGREZUHAYWORS-UHFFFAOYSA-N,SNGREZUHAYWORS-UHFFFAOYSA-N,cas,match
V_614,1336-36-3,"Polychloorbifenyl, totaal",,,,unresolved
V_1405,159381-10-9,N-methylperfluorbutaansulfonamidoazijnzuur,SKGBGOQHXBAKKO-UHFFFAOYSA-N,SKGBGOQHXBAKKO-UHFFFAOYSA-N,cas,match
V_1365,678-41-1,8:2 fluortelomeerfosfaat diester (8:2 diPAP),AFWOYEYXUDHGHF-UHFFFAOYSA-N,AFWOYEYXUDHGHF-UHFFFAOYSA-N,cas,match
V_99,37350-58-6,Metoprolol,IUBSYMUCCVWXPE-UHFFFAOYSA-N,IUBSYMUCCVWXPE-UHFFFAOYSA-N,cas,match
V_1650,30777-19-6,Benzo(b)fluoreen,HAPOJKSPCGLOOD-UHFFFAOYSA-N,HAPOJKSPCGLOOD-UHFFFAOYSA-N,cas,match
V_485,120-32-1,4-Chloor-2-benzylfenol,NCKMMSIFQUPKCK-UHFFFAOYSA-N,NCKMMSIFQUPKCK-UHFFFAOYSA-N,cas,match
V_2179,56-81-5,Glycerine,PEDCQBHIVMGVHV-UHFFFAOYSA-N,PEDCQBHIVMGVHV-UHFFFAOYSA-N,cas,match
V_55,203-12-3,"Benzo(g,h,i)fluorantheen",YEIHPPOCKIHUQJ-UHFFFAOYSA-N,YEIHPPOCKIHUQJ-UHFFFAOYSA-N,cas,match
V_1204,513-02-0,Triisopropylfosfaat,OXFUXNFMHFCELM-UHFFFAOYSA-N,OXFUXNFMHFCELM-UHFFFAOYSA-N,cas,match
V_116,120-12-7,Anthraceen,MWPLVEDNUUSJAV-UHFFFAOYSA-N,MWPLVEDNUUSJAV-UHFFFAOYSA-N,cas,match
V_117,56-55-3,Benzo(a)anthraceen,DXBHBZVCASKNBY-UHFFFAOYSA-N,DXBHBZVCASKNBY-UHFFFAOYSA-N,cas,match
V_1459,76-05-1,Trifluorazijnzuur,DTQVDTLACAAQTR-UHFFFAOYSA-N,DTQVDTLACAAQTR-UHFFFAOYSA-N,cas,match
V_603,108-20-3,Di-isopropylether,ZAFNJMIOTHYJRJ-UHFFFAOYSA-N,ZAFNJMIOTHYJRJ-UHFFFAOYSA-N,cas,match
V_162,67747-09-5,Prochloraz,TVLSRXXIMLFWEO-UHFFFAOYSA-N,TVLSRXXIMLFWEO-UHFFFAOYSA-N,cas,match
V_672,7439-93-2,Lithium,WHXSMMKQMYFTQS-UHFFFAOYSA-N,WHXSMMKQMYFTQS-UHFFFAOYSA-N,cas,match
V_966,335-76-2,Perfluordecaanzuur (PFDA),PCIUEQPBYFRTEM-UHFFFAOYSA-N,PCIUEQPBYFRTEM-UHFFFAOYSA-N,cas,match
V_1508,347872-22-4,perfluorbutaansulfonamidoazijnzuur (FBSAA),IIJKOWPVAXZAKE-UHFFFAOYSA-N,IIJKOWPVAXZAKE-UHFFFAOYSA-N,cas,match
V_791,1011-95-6,Difenyltin,KUCPUSUXIGWHFB-UHFFFAOYSA-N,KUCPUSUXIGWHFB-UHFFFAOYSA-N,cas,match
V_702,156-59-2,"cis-1,2-Dichlooretheen",KFUSEUYYWQURPO-UPHRSURJSA-N,KFUSEUYYWQURPO-UPHRSURJSA-N,cas,match
V_596,13194-48-4,Ethoprofos,VJYFKVYYMZPMAB-UHFFFAOYSA-N,VJYFKVYYMZPMAB-UHFFFAOYSA-N,cas,match
V_369,621-64-7,N-Nitrosodipropylamine,YLKFDHTUAUWZPQ-UHFFFAOYSA-N,YLKFDHTUAUWZPQ-UHFFFAOYSA-N,cas,match
V_284,3648-21-3,Diheptylftalaat,JQCXWCOOWVGKMT-UHFFFAOYSA-N,JQCXWCOOWVGKMT-UHFFFAOYSA-N,cas,match
V_478,13071-79-9,Terbufos,XLNZEKHULJKQBA-UHFFFAOYSA-N,XLNZEKHULJKQBA-UHFFFAOYSA-N,cas,match
V_541,108-41-8,3-Chloortolueen,OSOUNOBYRMOXQQ-UHFFFAOYSA-N,OSOUNOBYRMOXQQ-UHFFFAOYSA-N,cas,match
V_759,74-85-1,Etheen,VGGSQFUCUMXWEO-UHFFFAOYSA-N,VGGSQFUCUMXWEO-UHFFFAOYSA-N,cas,match
V_1294,7440-69-9,Bismut,JCXGWMGPZLAOME-UHFFFAOYSA-N,JCXGWMGPZLAOME-UHFFFAOYSA-N,cas,match
V_715,2104-96-3,Bromofos-methyl,NYQDCVLCJXRDSK-UHFFFAOYSA-N,NYQDCVLCJXRDSK-UHFFFAOYSA-N,cas,match
V_904,1241-94-7,2-Ethylhexyldifenylfosfaat,CGSLYBDCEGBZCG-UHFFFAOYSA-N,CGSLYBDCEGBZCG-UHFFFAOYSA-N,cas,match
V_720,3813-05-6,Benazolin,HYJSGOXICXYZGS-UHFFFAOYSA-N,HYJSGOXICXYZGS-UHFFFAOYSA-N,cas,match
V_253,18496-25-8,Sulfide,UCKMPCXJQFINFW-UHFFFAOYSA-N,UCKMPCXJQFINFW-UHFFFAOYSA-N,cas,match
V_101,22204-53-1,Naproxen,CMWTZPSULFXXJA-UHFFFAOYSA-N,CMWTZPSULFXXJA-VIFPVBQESA-N,cas,mismatch
V_216,6339-19-1,Desfenylchloridazon,FEWPCPCEGBPTAL-UHFFFAOYSA-N,FEWPCPCEGBPTAL-UHFFFAOYSA-N,cas,match
V_1443,1643-19-2,Tetrabutylammoniumbromide,JRMUNVKIHCOMHV-UHFFFAOYSA-M,JRMUNVKIHCOMHV-UHFFFAOYSA-M,cas,match
V_1402,141074-63-7,Perfluorpentadecaanzuur (PFPeDA),BJNCSIWIMCWIMS-UHFFFAOYSA-N,BJNCSIWIMCWIMS-UHFFFAOYSA-N,cas,match
V_2133,5278-95-5,chloordibroomazijnzuur,UCZDDMGNCJJAHK-UHFFFAOYSA-N,UCZDDMGNCJJAHK-UHFFFAOYSA-N,cas,match
V_543,89-63-4,4-Chloor-2-nitroaniline,PBGKNXWGYQPUJK-UHFFFAOYSA-N,PBGKNXWGYQPUJK-UHFFFAOYSA-N,cas,match
V_562,79-01-6,Trichlooretheen,XSTXAVWGXDQKEL-UHFFFAOYSA-N,XSTXAVWGXDQKEL-UHFFFAOYSA-N,cas,match
V_499,122-42-9,Profam,VXPLXMJHHKHSOA-UHFFFAOYSA-N,VXPLXMJHHKHSOA-UHFFFAOYSA-N,cas,match
V_1258,72-14-0,Sulfathiazole,JNMRHUJNCSQMMB-UHFFFAOYSA-N,JNMRHUJNCSQMMB-UHFFFAOYSA-N,cas,match
V_1457,422-64-0,Perfluor-n-propaanzuur,LRMSQVBRUNSOJL-UHFFFAOYSA-N,LRMSQVBRUNSOJL-UHFFFAOYSA-N,cas,match
V_510,142-28-9,"1,3-Dichloorpropaan",YHRUOJUYPBUZOS-UHFFFAOYSA-N,YHRUOJUYPBUZOS-UHFFFAOYSA-N,cas,match
V_778,534-52-1,"4,6-Dinitro-o-cresol",ZXVONLUNISGICL-UHFFFAOYSA-N,ZXVONLUNISGICL-UHFFFAOYSA-N,cas,match
V_405,297-78-9,Telodrin,LRWHHSXTGZSMSN-UHFFFAOYSA-N,LRWHHSXTGZSMSN-UHFFFAOYSA-N,cas,match
V_1346,68603-42-9,"Amides, coco, N,N-bis(hydroxyethyl)",,,,unresolved
V_807,32774-16-6,"3,3',4,4',5,5'-Hexachloorbifenyl (PCB169)",ZHLICBPIXDOFFG-UHFFFAOYSA-N,ZHLICBPIXDOFFG-UHFFFAOYSA-N,cas,match
V_820,64-17-5,Ethanol,LFQSCWFLJHTTHZ-UHFFFAOYSA-N,LFQSCWFLJHTTHZ-UHFFFAOYSA-N,cas,match
V_121,207-08-9,Benzo(k)fluorantheen,HAXBIWFMXWRORI-UHFFFAOYSA-N,HAXBIWFMXWRORI-UHFFFAOYSA-N,cas,match
V_1473,756-09-2,"2,2,3,3-Tetrafluorpropaanzuur",PXRROZVNOOEPPZ-UHFFFAOYSA-N,PXRROZVNOOEPPZ-UHFFFAOYSA-N,cas,match
V_2194,538-93-2,iso-Butylbenzeen,KXUHSQYYJYAXGZ-UHFFFAOYSA-N,KXUHSQYYJYAXGZ-UHFFFAOYSA-N,cas,match
V_78,70362-50-4,"3,4,4',5-Tetrachloorbifenyl (PCB81)",BHWVLZJTVIYLIV-UHFFFAOYSA-N,BHWVLZJTVIYLIV-UHFFFAOYSA-N,cas,match
V_1603,607-57-8,2-Nitrofluoreen,XFOHWECQTFIEIX-UHFFFAOYSA-N,XFOHWECQTFIEIX-UHFFFAOYSA-N,cas,match
V_371,94-75-7,"2,4-Dichloorfenoxyazijnzuur",OVSKIKFHRZPJSS-UHFFFAOYSA-N,OVSKIKFHRZPJSS-UHFFFAOYSA-N,cas,match
V_1555,763051-92-9,11chloorperfluor-3-oxaundecaansulfonzuur,SZVGIJOITCPDPM-UHFFFAOYSA-N,SZVGIJOITCPDPM-UHFFFAOYSA-N,cas,match
V_556,75-71-8,Dichloordifluormethaan (CFK12),PXBRQCKWGAHEHS-UHFFFAOYSA-N,PXBRQCKWGAHEHS-UHFFFAOYSA-N,cas,match
V_482,615-58-7,"2,4-Dibroomfenol",FAXWFCTVSHEODL-UHFFFAOYSA-N,FAXWFCTVSHEODL-UHFFFAOYSA-N,cas,match
V_211,21462-39-5,"Clindamycine, waterstofchloride",AUODDLQVRAJAJM-GQYOKNPUSA-N,AUODDLQVRAJAJM-XJQDNNTCSA-N,cas,mismatch
V_2055,104-76-7,2-Ethylhexanol,YIWUKEYIRIRTPP-UHFFFAOYSA-N,YIWUKEYIRIRTPP-UHFFFAOYSA-N,cas,match
V_955,53112-28-0,Pyrimethanil,ZLIBICFPKPWGIZ-UHFFFAOYSA-N,ZLIBICFPKPWGIZ-UHFFFAOYSA-N,cas,match
V_1431,147217-78-5,Tribroomdifenylether,BUQBQEYUVAKJQK-UHFFFAOYSA-N,BUQBQEYUVAKJQK-UHFFFAOYSA-N,cas,match
V_824,1634-04-4,Methyl-tert.butylether,BZLVMXJERCGZMT-UHFFFAOYSA-N,BZLVMXJERCGZMT-UHFFFAOYSA-N,cas,match
V_1245,1401-69-0,Tylosine,WBPYTXDJUQJLPQ-VMXQISHHSA-N,WBPYTXDJUQJLPQ-VMXQISHHSA-N,cas,match
V_1481,519-62-0,Chlorofyl b,,NSMUHPMZFPKNMZ-VBYMZDBQSA-M,cas,resolved_new
V_159,111974-69-7,Quetiapine,URKOMYMAXPYINW-UHFFFAOYSA-N,URKOMYMAXPYINW-UHFFFAOYSA-N,cas,match
V_1240,72629-94-8,Perfluortridecaanzuur (PFTrDA),LVDGGZAZAYHXEY-UHFFFAOYSA-N,LVDGGZAZAYHXEY-UHFFFAOYSA-N,cas,match
V_2145,111-40-0,Diethyleentriamine,RPNUMPOLZDHAAY-UHFFFAOYSA-N,RPNUMPOLZDHAAY-UHFFFAOYSA-N,cas,match
V_1531,65195-56-4,Abamectine B1b,ZFUKERYTFURFGA-PVVXTEPVSA-N,ZFUKERYTFURFGA-PVVXTEPVSA-N,cas,match
V_1419,182677-30-1,"2,2',3,4,4',5'-Hexabroomdifenylether (BDE138)",IZFQCEZFGCMHOM-UHFFFAOYSA-N,IZFQCEZFGCMHOM-UHFFFAOYSA-N,cas,match
V_1526,1417782-03-6,Mefentrifluconazool,JERZEQUMJNCPRJ-UHFFFAOYSA-N,JERZEQUMJNCPRJ-UHFFFAOYSA-N,cas,match
V_125,206-44-0,Fluorantheen,GVEPBJHOBDJJJI-UHFFFAOYSA-N,GVEPBJHOBDJJJI-UHFFFAOYSA-N,cas,match
V_605,56-35-9,Tributyltinoxide,APQHKWPGGHMYKJ-UHFFFAOYSA-N,APQHKWPGGHMYKJ-UHFFFAOYSA-N,cas,match
V_513,106-46-7,"1,4-Dichloorbenzeen",OCJBOOLMMGQPQU-UHFFFAOYSA-N,OCJBOOLMMGQPQU-UHFFFAOYSA-N,cas,match
V_188,527-20-8,Pentachlooraniline,KHCZSJXTDDHLGJ-UHFFFAOYSA-N,KHCZSJXTDDHLGJ-UHFFFAOYSA-N,cas,match
V_887,36355-01-8,Hexabroomdifenyl,PTJQVJQAZSLKJO-UHFFFAOYSA-N,DJHWAIPYZDRNMH-UHFFFAOYSA-N,cas,mismatch
V_167,1861-40-1,Benfluralin,SMDHCQAYESWHAE-UHFFFAOYSA-N,SMDHCQAYESWHAE-UHFFFAOYSA-N,cas,match
V_810,117-81-7,bis-(2-ethylhexyl)-ftalaat,BJQHLKABXJIVAM-UHFFFAOYSA-N,BJQHLKABXJIVAM-UHFFFAOYSA-N,cas,match
V_1252,80-35-3,Sulfamethoxypyridazine,VLYWMPOKSSWJAL-UHFFFAOYSA-N,VLYWMPOKSSWJAL-UHFFFAOYSA-N,cas,match
V_246,16887-00-6,Chloride,VEXZGXHMUGYJMC-UHFFFAOYSA-M,VEXZGXHMUGYJMC-UHFFFAOYSA-M,cas,match
V_568,7786-34-7,Mevinfos,GEPDYQSQVLXLEU-UHFFFAOYSA-N,GEPDYQSQVLXLEU-UHFFFAOYSA-N,cas,match
V_1832,124-13-0,Octanaldehyde,NUJGJRNETVAIRJ-UHFFFAOYSA-N,NUJGJRNETVAIRJ-UHFFFAOYSA-N,cas,match
V_675,90-00-6,2-Ethylfenol,IXQGCWUGDFDQMF-UHFFFAOYSA-N,IXQGCWUGDFDQMF-UHFFFAOYSA-N,cas,match
V_2045,591-78-6,2-Hexanon,QQZOPKMRPOGIEB-UHFFFAOYSA-N,QQZOPKMRPOGIEB-UHFFFAOYSA-N,cas,match
V_1793,14168-65-1,Mannosan,TWNIBLMWSKIRAT-RWOPYEJCSA-N,TWNIBLMWSKIRAT-RWOPYEJCSA-N,cas,match
V_402,72-55-9,pp'Dichloordifenyldichlooretheen,UCNVFOCBFJOQAL-UHFFFAOYSA-N,UCNVFOCBFJOQAL-UHFFFAOYSA-N,cas,match
V_1253,564-25-0,Doxycycline,KWOLJWUETSQNHB-CFLUDCDHSA-N,SGKRLCUYIXIAHR-AKNGSSGZSA-N,cas,mismatch
V_2199,496-11-7,Indaan,PQNFLJBBNBOBRQ-UHFFFAOYSA-N,PQNFLJBBNBOBRQ-UHFFFAOYSA-N,cas,match
V_1208,75-59-2,Tetramethylammoniumhydroxide,WGTYBPLFGIVFAS-UHFFFAOYSA-M,WGTYBPLFGIVFAS-UHFFFAOYSA-M,cas,match
V_980,2058-94-8,Perfluorundecaanzuur (PFUnDA),SIDINRCMMRKXGQ-UHFFFAOYSA-N,SIDINRCMMRKXGQ-UHFFFAOYSA-N,cas,match
V_958,22248-79-9,Tetrachloorvinfos,UBCKGWBNUIFUST-BJMVGYQFSA-N,UBCKGWBNUIFUST-YHYXMXQVSA-N,cas,mismatch
V_60,76-14-2,Freon 114,DDMOUSALMHHKOS-UHFFFAOYSA-N,DDMOUSALMHHKOS-UHFFFAOYSA-N,cas,match
V_960,2686-99-9,"3,4,5-Trimethacarb",AUQAUAIUNJIIEP-UHFFFAOYSA-N,NYOKZHDTNBDPOB-UHFFFAOYSA-N,cas,mismatch
V_535,95-49-8,2-Chloortolueen,IBSQPLPBRSHTTG-UHFFFAOYSA-N,IBSQPLPBRSHTTG-UHFFFAOYSA-N,cas,match
V_397,3424-82-6,op'Dichloordifenyldichlooretheen,ZDYJWDIWLRZXDB-UHFFFAOYSA-N,ZDYJWDIWLRZXDB-UHFFFAOYSA-N,cas,match
V_448,89-61-2,"2,5-Dichloornitrobenzeen",RZKKOBGFCAHLCZ-UHFFFAOYSA-N,RZKKOBGFCAHLCZ-UHFFFAOYSA-N,cas,match
V_329,7440-38-2,Arseen,RQNWIZPPADIBDY-UHFFFAOYSA-N,RQNWIZPPADIBDY-UHFFFAOYSA-N,cas,match
V_1422,117948-63-7,"2,2',3,4,4',6,6'-Heptabroomdifenylether (BDE184)",JHDCZVAQPRXHEL-UHFFFAOYSA-N,JHDCZVAQPRXHEL-UHFFFAOYSA-N,cas,match
V_225,7440-06-4,Platina,BASFCYQUMIYNBI-UHFFFAOYSA-N,BASFCYQUMIYNBI-UHFFFAOYSA-N,cas,match
V_908,13674-87-8,"Tris-(1,3-dichloor-2-propyl)-fosfaat",ASLWPAWFJZFCKF-UHFFFAOYSA-N,ASLWPAWFJZFCKF-UHFFFAOYSA-N,cas,match
V_1604,789-07-1,2-Nitropyreen,MAZCGYFIOOIVHE-UHFFFAOYSA-N,MAZCGYFIOOIVHE-UHFFFAOYSA-N,cas,match
V_72,518-47-8,Natriumfluoresceïne,NJDNXYGOVLYJHP-UHFFFAOYSA-L,NJDNXYGOVLYJHP-UHFFFAOYSA-L,cas,match
V_126,86-73-7,Fluoreen,NIHNNTQXNPWCJQ-UHFFFAOYSA-N,NIHNNTQXNPWCJQ-UHFFFAOYSA-N,cas,match
V_735,111-65-9,n-Octaan,TVMXDCGIABBOFY-UHFFFAOYSA-N,TVMXDCGIABBOFY-UHFFFAOYSA-N,cas,match
V_2195,55406-53-6,3-jood-2-propynylbutylcarbanaat,WYVVKGNFXHOCQV-UHFFFAOYSA-N,WYVVKGNFXHOCQV-UHFFFAOYSA-N,cas,match
V_1329,39765-80-5,trans-Nonachloor,OCHOKXCPKDPNQU-FLVMBEMLSA-N,OCHOKXCPKDPNQU-FLVMBEMLSA-N,cas,match
V_1289,389-08-2,Nalidixinezuur,MHWLWQUZZRMNGJ-UHFFFAOYSA-N,MHWLWQUZZRMNGJ-UHFFFAOYSA-N,cas,match
V_1959,110-62-3,Valeraldehyde,HGBOYTHUEUWSSQ-UHFFFAOYSA-N,HGBOYTHUEUWSSQ-UHFFFAOYSA-N,cas,match
V_697,67-63-0,Isopropanol,KFZMGEQAYNKOFK-UHFFFAOYSA-N,KFZMGEQAYNKOFK-UHFFFAOYSA-N,cas,match
V_2174,54-31-9,Furosemide,ZZUFCTLCJUWOSV-UHFFFAOYSA-N,ZZUFCTLCJUWOSV-UHFFFAOYSA-N,cas,match
V_1026,20256-56-8,Didecyldimethylammonium,JGFDZZLUDWMUQH-UHFFFAOYSA-N,JGFDZZLUDWMUQH-UHFFFAOYSA-N,cas,match
V_926,1717-00-6,"1,1-Dichloorfluorethaan",FRCHKSNAZZFGCA-UHFFFAOYSA-N,FRCHKSNAZZFGCA-UHFFFAOYSA-N,cas,match
V_1476,1493-13-6,Trifluormethaansulfonzuur,ITMCEJHCFYSIIV-UHFFFAOYSA-N,ITMCEJHCFYSIIV-UHFFFAOYSA-N,cas,match
V_173,52645-53-1,Permethrin,RLLPVAHGXHCWKJ-UHFFFAOYSA-N,RLLPVAHGXHCWKJ-UHFFFAOYSA-N,cas,match
V_501,96-18-4,"1,2,3-Trichloorpropaan",CFXQEHVMCRXUSD-UHFFFAOYSA-N,CFXQEHVMCRXUSD-UHFFFAOYSA-N,cas,match
V_331,7440-41-7,Beryllium,ATBAMAFKBVZNFJ-UHFFFAOYSA-N,ATBAMAFKBVZNFJ-UHFFFAOYSA-N,cas,match
V_808,35065-30-6,"2,2',3,3',4,4',5-Heptachloorbifenyl (PCB170)",RMPWIIKNWPVWNG-UHFFFAOYSA-N,RMPWIIKNWPVWNG-UHFFFAOYSA-N,cas,match
V_354,51-28-5,"2,4-Dinitrofenol",UFBJCMHMOXMLKC-UHFFFAOYSA-N,UFBJCMHMOXMLKC-UHFFFAOYSA-N,cas,match
V_762,7439-95-4,Magnesium,FYYHWMGAXLPEAU-UHFFFAOYSA-N,FYYHWMGAXLPEAU-UHFFFAOYSA-N,cas,match
V_1380,646-83-3,Perfluor-4-ethylcyclohexaansulfonzuur (PFECHS),ICKAEAFPESRWOT-UHFFFAOYSA-N,ICKAEAFPESRWOT-UHFFFAOYSA-N,cas,match
V_813,27554-26-3,Di-isooctylftalaat,IJFPVINAQGWBRJ-UHFFFAOYSA-N,IJFPVINAQGWBRJ-UHFFFAOYSA-N,cas,match
V_275,95-51-2,2-Chlooraniline,AKCRQHGQIJBRMN-UHFFFAOYSA-N,AKCRQHGQIJBRMN-UHFFFAOYSA-N,cas,match
V_113,35693-99-3,"2,2',5,5'-Tetrachloorbifenyl (PCB52)",HCWZEPKLWVAEOV-UHFFFAOYSA-N,HCWZEPKLWVAEOV-UHFFFAOYSA-N,cas,match
V_663,13494-80-9,Telluur,PORWMNRCUJJQNO-UHFFFAOYSA-N,PORWMNRCUJJQNO-UHFFFAOYSA-N,cas,match
V_156,154-21-2,Lincomycine,LFZGYTBWUHCAKF-DCNJEFSFSA-N,OJMMVQQUTAEWLP-KIDUDLJLSA-N,cas,mismatch
V_33,72918-21-9,"1,2,3,7,8,9-Hexachloordibenzofuraan",PYUSJFJVDVSXIU-UHFFFAOYSA-N,PYUSJFJVDVSXIU-UHFFFAOYSA-N,cas,match
V_1465,70356-09-1,Butylmethoxydibenzoylmethaan,XNEFYCZVKIDDMS-UHFFFAOYSA-N,XNEFYCZVKIDDMS-UHFFFAOYSA-N,cas,match
V_2183,111-14-8,Heptaanzuur,MNWFXJYAOYHMED-UHFFFAOYSA-N,MNWFXJYAOYHMED-UHFFFAOYSA-N,cas,match
V_392,465-73-6,Isodrin,QBYJBZPUGVGKQQ-DIFDVCDBSA-N,QBYJBZPUGVGKQQ-DIFDVCDBSA-N,cas,match
V_146,18323-44-9,Clindamycine,KDLRVYVGXIQJDK-NOWPCOIGSA-N,KDLRVYVGXIQJDK-AWPVFWJPSA-N,cas,mismatch
V_627,108-77-0,"2,4,6-Trichloor-1,3,5-triazine",MGNCLNQXLYJVJD-UHFFFAOYSA-N,MGNCLNQXLYJVJD-UHFFFAOYSA-N,cas,match
V_386,87-68-3,Hexachloorbutadieen,RWNKSTSCBHKHTB-UHFFFAOYSA-N,RWNKSTSCBHKHTB-UHFFFAOYSA-N,cas,match
V_1291,115550-35-1,Marbofloxacine,BPFYOAJNDMUVBL-UHFFFAOYSA-N,BPFYOAJNDMUVBL-UHFFFAOYSA-N,cas,match
V_1969,80-56-8,alfa-Pineen,GRWFGVWFFZKLTI-UHFFFAOYSA-N,GRWFGVWFFZKLTI-UHFFFAOYSA-N,cas,match
V_1277,80-08-0,Dapsone,MQJKPEGWNLWLTK-UHFFFAOYSA-N,MQJKPEGWNLWLTK-UHFFFAOYSA-N,cas,match
V_106,114-07-8,Erythromycine,ULGZDMOVFRHVEP-RWJQBGPGSA-N,ULGZDMOVFRHVEP-RWJQBGPGSA-N,cas,match
V_983,375-73-5,Perfluorbutaansulfonzuur (PFBS),JGTNAGYHADQMCM-UHFFFAOYSA-N,JGTNAGYHADQMCM-UHFFFAOYSA-N,cas,match
V_1610,96-14-0,3-Methylpentaan,PFEOZHBOMNWTJB-UHFFFAOYSA-N,PFEOZHBOMNWTJB-UHFFFAOYSA-N,cas,match
V_417,19937-59-8,Metoxuron,DSRNRYQBBJQVCW-UHFFFAOYSA-N,DSRNRYQBBJQVCW-UHFFFAOYSA-N,cas,match
V_560,56-23-5,Tetrachloormethaan,VZGDMQKNWNREIO-UHFFFAOYSA-N,VZGDMQKNWNREIO-UHFFFAOYSA-N,cas,match
V_730,109-66-0,n-Pentaan,OFBQJSOFQDEBGM-UHFFFAOYSA-N,OFBQJSOFQDEBGM-UHFFFAOYSA-N,cas,match
V_623,14866-68-3,Chloraat,XTEGARKTQYYJKE-UHFFFAOYSA-M,XTEGARKTQYYJKE-UHFFFAOYSA-M,cas,match
V_1017,207234-02-4,Dodecylpyridinium,,BDGGUWSWAKGEGH-UHFFFAOYSA-M,cas,resolved_new
V_451,618-62-2,"3,5-Dichloornitrobenzeen",RNABGKOKSBUFHW-UHFFFAOYSA-N,RNABGKOKSBUFHW-UHFFFAOYSA-N,cas,match
V_1286,80370-57-6,Ceftiofur,ZBHXIWJRIFEVQY-IHMPYVIRSA-N,ZBHXIWJRIFEVQY-IHMPYVIRSA-N,cas,match
V_1248,2447-57-6,Sulfadoxine,PJSFRIWCGOHTNF-UHFFFAOYSA-N,PJSFRIWCGOHTNF-UHFFFAOYSA-N,cas,match
V_707,156-60-5,"trans-1,2-Dichlooretheen",KFUSEUYYWQURPO-OWOJBTEDSA-N,KFUSEUYYWQURPO-OWOJBTEDSA-N,cas,match
V_2143,25339-53-1,Deceen,YKNMBTZOEVIJCM-HWKANZROSA-N,YKNMBTZOEVIJCM-HWKANZROSA-N,cas,match
V_208,56392-17-7,Metoprololtartraat,YGULWPYYGQCFMP-CEAXSRTFSA-N,YGULWPYYGQCFMP-CEAXSRTFSA-N,cas,match
V_818,75-56-9,Propyleenoxide,GOOHAUXETOMSMM-UHFFFAOYSA-N,GOOHAUXETOMSMM-UHFFFAOYSA-N,cas,match
V_1348,22967-92-6,Methylkwik,DBUXSCUEGJMZAE-UHFFFAOYSA-N,DBUXSCUEGJMZAE-UHFFFAOYSA-N,cas,match
V_998,132-64-9,Dibenzofuraan,TXCDCPKCNAJMEE-UHFFFAOYSA-N,TXCDCPKCNAJMEE-UHFFFAOYSA-N,cas,match
V_368,67129-08-2,Metazachloor,STEPQTYSZVCJPV-UHFFFAOYSA-N,STEPQTYSZVCJPV-UHFFFAOYSA-N,cas,match
V_729,106-97-8,n-Butaan,IJDNQMDRQITEOD-UHFFFAOYSA-N,IJDNQMDRQITEOD-UHFFFAOYSA-N,cas,match
V_725,94-81-5,4-(4-Chloor-2-methylfenoxy)boterzuur,LLWADFLAOKUBDR-UHFFFAOYSA-N,LLWADFLAOKUBDR-UHFFFAOYSA-N,cas,match
V_2148,60-29-7,Diethylether,RTZKZFJDLAIYFH-UHFFFAOYSA-N,RTZKZFJDLAIYFH-UHFFFAOYSA-N,cas,match
V_1404,68298-12-4,N-methylperfluorbutaansulfonamide (MePFBSA),GFZPUWKGPNHWHD-UHFFFAOYSA-N,GFZPUWKGPNHWHD-UHFFFAOYSA-N,cas,match
V_943,21087-64-9,Metribuzin,FOXFZRUHNHCZPX-UHFFFAOYSA-N,FOXFZRUHNHCZPX-UHFFFAOYSA-N,cas,match
V_989,52315-07-8,Cypermethrin,KAATUXNTWXVJKI-UHFFFAOYSA-N,KAATUXNTWXVJKI-UHFFFAOYSA-N,cas,match
V_545,59-50-7,4-Chloor-3-methylfenol,CFKMVGJGLGKFKI-UHFFFAOYSA-N,CFKMVGJGLGKFKI-UHFFFAOYSA-N,cas,match
V_2198,503-74-2,iso-Valeriaanzuur,GWYFCOCPABKNJV-UHFFFAOYSA-N,GWYFCOCPABKNJV-UHFFFAOYSA-N,cas,match
V_956,124495-18-7,Quinoxyfen,WRPIRSINYZBGPK-UHFFFAOYSA-N,WRPIRSINYZBGPK-UHFFFAOYSA-N,cas,match
V_1076,117976-89-3,Rabeprazol,YREYEVIYCVEVJK-UHFFFAOYSA-N,YREYEVIYCVEVJK-UHFFFAOYSA-N,cas,match
V_2059,563-80-4,3-Methyl-2-butanon,SYBYTAAJFKOIEJ-UHFFFAOYSA-N,SYBYTAAJFKOIEJ-UHFFFAOYSA-N,cas,match
V_1543,112-34-5,Butyldiglycol,OAYXUHPQHDHDDZ-UHFFFAOYSA-N,OAYXUHPQHDHDDZ-UHFFFAOYSA-N,cas,match
V_1267,5575-21-3,Cefalonium,FMZXNVLFJHCSAF-DNVCBOLYSA-N,FMZXNVLFJHCSAF-DNVCBOLYSA-N,cas,match
V_2038,66230-04-4,Esfenvaleraat,NYPJDWWKZLNGGM-RPWUZVMVSA-N,NYPJDWWKZLNGGM-RPWUZVMVSA-N,cas,match
V_469,198-55-0,Peryleen,CSHWQDPOILHKBI-UHFFFAOYSA-N,CSHWQDPOILHKBI-UHFFFAOYSA-N,cas,match
V_544,89-59-8,4-Chloor-2-nitrotolueen,SQFLFRQWPBEDHM-UHFFFAOYSA-N,SQFLFRQWPBEDHM-UHFFFAOYSA-N,cas,match
V_165,40487-42-1,Pendimethalin,CHIFOSRWCNZCFN-UHFFFAOYSA-N,CHIFOSRWCNZCFN-UHFFFAOYSA-N,cas,match
V_336,18540-29-9,"Chroom, zeswaardig",JOPOVCBBYLSVDA-UHFFFAOYSA-N,JOPOVCBBYLSVDA-UHFFFAOYSA-N,cas,match
V_2128,786-19-6,Carbofenothion,VEDTXTNSFWUXGQ-UHFFFAOYSA-N,VEDTXTNSFWUXGQ-UHFFFAOYSA-N,cas,match
V_168,67306-00-7,Fenpropidin,MGNFYQILYYYUBS-UHFFFAOYSA-N,MGNFYQILYYYUBS-UHFFFAOYSA-N,cas,match
V_338,7440-48-4,Kobalt,GUTLYIVDDKVIGB-UHFFFAOYSA-N,GUTLYIVDDKVIGB-UHFFFAOYSA-N,cas,match
V_505,540-59-0,"1,2-Dichlooretheen",KFUSEUYYWQURPO-UHFFFAOYSA-N,KFUSEUYYWQURPO-UHFFFAOYSA-N,cas,match
V_1910,74-99-7,Propyn,MWWATHDPGQKSAR-UHFFFAOYSA-N,MWWATHDPGQKSAR-UHFFFAOYSA-N,cas,match
V_206,42576-02-3,Bifenox,SUSRORUBZHMPCO-UHFFFAOYSA-N,SUSRORUBZHMPCO-UHFFFAOYSA-N,cas,match
V_128,91-20-3,Naftaleen,UFWIBTONFRDIAS-UHFFFAOYSA-N,UFWIBTONFRDIAS-UHFFFAOYSA-N,cas,match
V_760,627-20-3,cis-2-Penteen,QMMOXUPEWRXHJS-HYXAFXHYSA-N,QMMOXUPEWRXHJS-HYXAFXHYSA-N,cas,match
V_993,34643-46-4,Prothiofos,FITIWKDOCAUBQD-UHFFFAOYSA-N,FITIWKDOCAUBQD-UHFFFAOYSA-N,cas,match
V_640,109-89-7,Diethylamine,HPNMFZURTQLUMO-UHFFFAOYSA-N,HPNMFZURTQLUMO-UHFFFAOYSA-N,cas,match
V_687,7647-14-5,Natriumchloride,FAPWRFPIFSIZLT-UHFFFAOYSA-M,FAPWRFPIFSIZLT-UHFFFAOYSA-M,cas,match
V_416,18691-97-9,Metabenzthiazuron,RRVIAQKBTUQODI-UHFFFAOYSA-N,RRVIAQKBTUQODI-UHFFFAOYSA-N,cas,match
V_873,3194-55-6,Hexabroomcyclododecaan,DEIGXXQKDWULML-UHFFFAOYSA-N,DEIGXXQKDWULML-UHFFFAOYSA-N,cas,match
V_512,10061-02-6,"trans-1,3-Dichloorpropeen",UOORRWUZONOOLO-OWOJBTEDSA-N,UOORRWUZONOOLO-OWOJBTEDSA-N,cas,match
V_694,950-37-8,Methidation,MEBQXILRKZHVCX-UHFFFAOYSA-N,MEBQXILRKZHVCX-UHFFFAOYSA-N,cas,match
V_175,7440-31-5,Tin,ATJFFYVFTNAWJD-UHFFFAOYSA-N,ATJFFYVFTNAWJD-UHFFFAOYSA-N,cas,match
V_764,7440-09-7,Kalium,ZLMJMSJWJFRBEC-UHFFFAOYSA-N,ZLMJMSJWJFRBEC-UHFFFAOYSA-N,cas,match
V_507,108-70-3,"1,3,5-Trichloorbenzeen",XKEFYDZQGKAQCN-UHFFFAOYSA-N,XKEFYDZQGKAQCN-UHFFFAOYSA-N,cas,match
V_2261,26627-45-2,nitrilotriazijnzuur,MGFYIUFZLHCRTH-UHFFFAOYSA-N,,,unresolved
V_207,74070-46-5,Aclonifen,DDBMQDADIHOWIC-UHFFFAOYSA-N,DDBMQDADIHOWIC-UHFFFAOYSA-N,cas,match
V_1600,592-27-8,2-Methylheptaan,JVSWJIKNEAIKJW-UHFFFAOYSA-N,JVSWJIKNEAIKJW-UHFFFAOYSA-N,cas,match
V_819,78-83-1,Isobutanol,ZXEKIIBDNHEJCQ-UHFFFAOYSA-N,ZXEKIIBDNHEJCQ-UHFFFAOYSA-N,cas,match
V_1397,57678-03-2,8:2 fluortelomeerfosfaat monoester (8:2 PAP),MIABSAQIFYEDJP-UHFFFAOYSA-N,MIABSAQIFYEDJP-UHFFFAOYSA-N,cas,match
V_182,141-32-2,n-Butylacrylaat,CQEYYJKEWSMYFG-UHFFFAOYSA-N,CQEYYJKEWSMYFG-UHFFFAOYSA-N,cas,match
V_629,39638-32-9,bis-(2-Chloorisopropyl)-ether,BULHJTXRZFEUDQ-UHFFFAOYSA-N,BULHJTXRZFEUDQ-UHFFFAOYSA-N,cas,match
V_529,120-83-2,"2,4-Dichloorfenol",HFZWRUODUSTPEG-UHFFFAOYSA-N,HFZWRUODUSTPEG-UHFFFAOYSA-N,cas,match
V_1364,31506-32-8,N-methylperfluoroctaan-1-sulfonamide (MePFOSA),SRMWNTGHXHOWBT-UHFFFAOYSA-N,SRMWNTGHXHOWBT-UHFFFAOYSA-N,cas,match
V_997,271-89-6,Benzofuraan,IANQTJSKSUMEQM-UHFFFAOYSA-N,IANQTJSKSUMEQM-UHFFFAOYSA-N,cas,match
V_491,104-40-5,4-n-Nonylfenol,IGFHQQFPSIBGKE-UHFFFAOYSA-N,IGFHQQFPSIBGKE-UHFFFAOYSA-N,cas,match
V_2053,149-57-5,2-Ethylhexaanzuur,OBETXYAYXDNJHR-UHFFFAOYSA-N,OBETXYAYXDNJHR-UHFFFAOYSA-N,cas,match
V_739,61193-21-3,Undecaan,RSJKGSCJYJTIGS-UHFFFAOYSA-N,RSJKGSCJYJTIGS-UHFFFAOYSA-N,cas,match
V_1757,74-90-8,Waterstofcyanide,LELOWRISYMNNSU-UHFFFAOYSA-N,LELOWRISYMNNSU-UHFFFAOYSA-N,cas,match
V_907,13674-84-5,Tris-(2-chloorisopropyl)-fosfaat,KVMPUXDNESXNOH-UHFFFAOYSA-N,KVMPUXDNESXNOH-UHFFFAOYSA-N,cas,match
V_2338,77536-66-4,actinoliet,JFXRITDJGBOATP-UHFFFAOYSA-P,,,unresolved
V_1608,589-34-4,3-Methylhexaan,VLJXXKKOSFGPHI-UHFFFAOYSA-N,VLJXXKKOSFGPHI-UHFFFAOYSA-N,cas,match
V_2178,65907-30-4,Furathiocarb,HAWJXYBZNNRMNO-UHFFFAOYSA-N,HAWJXYBZNNRMNO-UHFFFAOYSA-N,cas,match
V_797,818-08-6,Dibutyltinoxide,JGFBRKRYDCGYKD-UHFFFAOYSA-N,JGFBRKRYDCGYKD-UHFFFAOYSA-N,cas,match
V_1055,72674-05-6,Alfa-Olefinesulfonaten,,,,unresolved
V_161,93413-69-5,Venlafaxine,PNVNVHUZROJLTJ-UHFFFAOYSA-N,PNVNVHUZROJLTJ-UHFFFAOYSA-N,cas,match
V_81,69782-90-7,"2,3,3',4,4',5'-Hexachloorbifenyl (PCB157)",YTWXDQVNPCIEOX-UHFFFAOYSA-N,YTWXDQVNPCIEOX-UHFFFAOYSA-N,cas,match
V_992,299-84-3,Fenchloorfos,JHJOOSLFWRRSGU-UHFFFAOYSA-N,JHJOOSLFWRRSGU-UHFFFAOYSA-N,cas,match
V_1827,10028-15-6,Ozon,CBENFWSGALASAD-UHFFFAOYSA-N,CBENFWSGALASAD-UHFFFAOYSA-N,cas,match
V_572,60-51-5,Dimethoaat,MCWXGJITAZMZEV-UHFFFAOYSA-N,MCWXGJITAZMZEV-UHFFFAOYSA-N,cas,match
V_497,75-21-8,Ethyleenoxide,IAYPIBMASNFSPL-UHFFFAOYSA-N,IAYPIBMASNFSPL-UHFFFAOYSA-N,cas,match
V_68,75-08-1,Ethaanthiol,DNJIEGIFACGWOD-UHFFFAOYSA-N,DNJIEGIFACGWOD-UHFFFAOYSA-N,cas,match
V_899,84-61-7,Dicyclohexylftalaat,VOWAEIGWURALJQ-UHFFFAOYSA-N,VOWAEIGWURALJQ-UHFFFAOYSA-N,cas,match
V_538,591-35-5,"3,5-Dichloorfenol",VPOMSPZBQMDLTM-UHFFFAOYSA-N,VPOMSPZBQMDLTM-UHFFFAOYSA-N,cas,match
V_870,207122-15-4,"2,2',4,4',5,6'-Hexabroomdifenylether (BDE154)",VHNPZYZQKWIWOD-UHFFFAOYSA-N,VHNPZYZQKWIWOD-UHFFFAOYSA-N,cas,match
V_408,1912-24-9,Atrazine,MXWJVTOOROXGIU-UHFFFAOYSA-N,MXWJVTOOROXGIU-UHFFFAOYSA-N,cas,match
V_863,41318-75-6,"2,4,4'-Tribroomdifenylether (BDE28)",UPNBETHEXPIWQX-UHFFFAOYSA-N,UPNBETHEXPIWQX-UHFFFAOYSA-N,cas,match
V_90,41859-67-0,Bezafibraat,IIBYAHWJQTYFKB-UHFFFAOYSA-N,IIBYAHWJQTYFKB-UHFFFAOYSA-N,cas,match
V_795,13356-08-6,Fenbutatinoxide,HOXINJBQVZWYGZ-UHFFFAOYSA-N,HOXINJBQVZWYGZ-UHFFFAOYSA-N,cas,match
V_2357,288-13-1,Pyrazole,WTKZEGDFNFYCGP-UHFFFAOYSA-N,WTKZEGDFNFYCGP-UHFFFAOYSA-N,cas,match
V_375,120-36-5,Dichloorprop,MZHCENGPTKEIGP-UHFFFAOYSA-N,MZHCENGPTKEIGP-UHFFFAOYSA-N,cas,match
V_185,636-30-6,"2,4,5-Trichlooraniline",GUMCAKKKNKYFEB-UHFFFAOYSA-N,GUMCAKKKNKYFEB-UHFFFAOYSA-N,cas,match
V_924,3030-47-5,Pentamethyldiethyleentriamine,UKODFQOELJFMII-UHFFFAOYSA-N,UKODFQOELJFMII-UHFFFAOYSA-N,cas,match
V_94,54910-89-3,Fluoxetine,RTHCYVBBDHJXIQ-UHFFFAOYSA-N,RTHCYVBBDHJXIQ-UHFFFAOYSA-N,cas,match
V_86,30125-63-4,Desethylterbutylazine,LMKQNTMFZLAJDV-UHFFFAOYSA-N,LMKQNTMFZLAJDV-UHFFFAOYSA-N,cas,match
V_894,57-91-0,17-alfa-Estradiol,VOXZDWNPVJITMN-SFFUCWETSA-N,VOXZDWNPVJITMN-SFFUCWETSA-N,cas,match
V_1283,1173-88-2,Dicloxacilline,YFAGHNZHGGCZAX-JKIFEVAISA-N,VDUVBBMAXXHEQP-SLINCCQESA-M,cas,mismatch
V_228,28553-12-0,Di-isononylftalaat,HBGGXOJOCNVPFY-UHFFFAOYSA-N,HBGGXOJOCNVPFY-UHFFFAOYSA-N,cas,match
V_1430,93703-48-1,"3,3',4,4'- Tetrabroomdifenylether (BDE77)",RYGLOWMCGZHYRQ-UHFFFAOYSA-N,RYGLOWMCGZHYRQ-UHFFFAOYSA-N,cas,match
V_35,67562-39-4,"1,2,3,4,6,7,8-Heptachloordibenzofuraan",WDMKCPIVJOGHBF-UHFFFAOYSA-N,WDMKCPIVJOGHBF-UHFFFAOYSA-N,cas,match
V_154,115-32-2,Dicofol,UOAMTSKGCBMZTC-UHFFFAOYSA-N,UOAMTSKGCBMZTC-UHFFFAOYSA-N,cas,match
V_667,7440-61-1,Uranium,JFALSRSLKYAFGM-UHFFFAOYSA-N,JFALSRSLKYAFGM-UHFFFAOYSA-N,cas,match
V_87,811-97-2,"1,1,1,2-Tetrafluorethaan (HFK134a)",LVGUZGTVOIAKKC-UHFFFAOYSA-N,LVGUZGTVOIAKKC-UHFFFAOYSA-N,cas,match
V_355,88-75-5,2-Nitrofenol,IQUPABOKLQSFBK-UHFFFAOYSA-N,IQUPABOKLQSFBK-UHFFFAOYSA-N,cas,match
V_1360,39108-34-4,8:2 fluortelomeersulfonzuur (8:2 FTS),ALVYVCQIFHTIRD-UHFFFAOYSA-N,ALVYVCQIFHTIRD-UHFFFAOYSA-N,cas,match
V_2324,43121-43-3,Triadimefon,WURBVZBTWMNKQT-UHFFFAOYNA-N,WURBVZBTWMNKQT-UHFFFAOYSA-N,cas,mismatch
V_362,98-95-3,Nitrobenzeen,LQNUZADURLCDLV-UHFFFAOYSA-N,LQNUZADURLCDLV-UHFFFAOYSA-N,cas,match
V_276,95-76-1,"3,4-Dichlooraniline",SDYWXFYBZPNOFX-UHFFFAOYSA-N,SDYWXFYBZPNOFX-UHFFFAOYSA-N,cas,match
V_137,58-93-5,Hydrochloorthiazide,JZUFKLXOESDKRF-UHFFFAOYSA-N,JZUFKLXOESDKRF-UHFFFAOYSA-N,cas,match
V_2044,110-43-0,2-Heptanon,CATSNJVOTSVZJV-UHFFFAOYSA-N,CATSNJVOTSVZJV-UHFFFAOYSA-N,cas,match
V_122,218-01-9,Chryseen,WDECIBYCCFPHNR-UHFFFAOYSA-N,WDECIBYCCFPHNR-UHFFFAOYSA-N,cas,match
V_984,355-46-4,Perfluorhexaansulfonzuur (PFHxS),QZHDEAJFRJCDMF-UHFFFAOYSA-N,QZHDEAJFRJCDMF-UHFFFAOYSA-N,cas,match
V_32,57117-44-9,"1,2,3,6,7,8-Hexachloordibenzofuraan",JEYJJJXOFWNEHN-UHFFFAOYSA-N,JEYJJJXOFWNEHN-UHFFFAOYSA-N,cas,match
V_2343,66722-44-9,bisoprolol,VHYCDWMUTMEGQY-UHFFFAOYSA-N,VHYCDWMUTMEGQY-UHFFFAOYSA-N,cas,match
V_350,7440-22-4,Zilver,BQCADISMDOOEFD-UHFFFAOYSA-N,BQCADISMDOOEFD-UHFFFAOYSA-N,cas,match
V_1361,120226-60-0,10:2 fluortelomeersulfonzuur (10:2 FTS),AJMAYLFJZQYRHN-UHFFFAOYSA-N,AJMAYLFJZQYRHN-UHFFFAOYSA-N,cas,match
V_290,131-16-8,Dipropylftalaat,MQHNKCZKNAJROC-UHFFFAOYSA-N,MQHNKCZKNAJROC-UHFFFAOYSA-N,cas,match
V_610,84-68-4,"2,2'-Dichloorbenzidine",XKXPBJBODVHDAW-UHFFFAOYSA-N,XKXPBJBODVHDAW-UHFFFAOYSA-N,cas,match
V_2314,110-01-0,Tetrahydrothiofeen,RAOIDOHSFRTOEL-UHFFFAOYSA-N,RAOIDOHSFRTOEL-UHFFFAOYSA-N,cas,match
V_76,224-41-9,"Dibenzo(a,j)anthraceen",KLIHYVJAYWCEDM-UHFFFAOYSA-N,KLIHYVJAYWCEDM-UHFFFAOYSA-N,cas,match
V_1906,463-49-0,Propadieen,IYABWNGZIDDRAK-UHFFFAOYSA-N,IYABWNGZIDDRAK-UHFFFAOYSA-N,cas,match
V_947,19666-30-9,Oxadiazon,CHNUNORXWHYHNE-UHFFFAOYSA-N,CHNUNORXWHYHNE-UHFFFAOYSA-N,cas,match
V_1075,298-57-7,Cinnarizine,DERZBLKQOCDDDZ-JLHYYAGUSA-N,DERZBLKQOCDDDZ-JLHYYAGUSA-N,cas,match
V_895,57-63-6,17-alfa-Ethinylestradiol,BFPYWIDHMRZLRN-SLHNCBLASA-N,BFPYWIDHMRZLRN-SLHNCBLASA-N,cas,match
V_932,2008-58-4,"2,6-Dichloorbenzamide",JHSPCUHPSIUQRB-UHFFFAOYSA-N,JHSPCUHPSIUQRB-UHFFFAOYSA-N,cas,match
V_708,78-78-4,Isopentaan,QWTDNUCVQCZILF-UHFFFAOYSA-N,QWTDNUCVQCZILF-UHFFFAOYSA-N,cas,match
V_2111,71133-14-7,broomdichloorazijnzuur,XSWVFEQKZFUULO-UHFFFAOYSA-N,XSWVFEQKZFUULO-UHFFFAOYSA-N,cas,match
V_477,944-22-9,Fonofos,KVGLBTYUCJYMND-UHFFFAOYSA-N,KVGLBTYUCJYMND-UHFFFAOYSA-N,cas,match
V_598,563-58-6,"1,1-Dichloorpropeen",ZAIDIVBQUMFXEC-UHFFFAOYSA-N,ZAIDIVBQUMFXEC-UHFFFAOYSA-N,cas,match
V_2341,77536-67-5,anthofylliet,GZMQPIZRSTWQQR-UHFFFAOYSA-P,,,unresolved
V_592,135-98-8,sec-Butylbenzeen,ZJMWRROPUADPEA-UHFFFAOYSA-N,ZJMWRROPUADPEA-UHFFFAOYSA-N,cas,match
V_1762,7697-37-2,Salpeterzuur,GRYLNZFGIOXLOG-UHFFFAOYSA-N,GRYLNZFGIOXLOG-UHFFFAOYSA-N,cas,match
V_176,7440-32-6,Titaan,RTAQQCXQSZGOHL-UHFFFAOYSA-N,RTAQQCXQSZGOHL-UHFFFAOYSA-N,cas,match
V_25,41394-05-2,Metamitron,VHCNQEUWZYOAEV-UHFFFAOYSA-N,VHCNQEUWZYOAEV-UHFFFAOYSA-N,cas,match
V_527,95-95-4,"2,4,5-Trichloorfenol",LHJGJYXLEPZJPM-UHFFFAOYSA-N,LHJGJYXLEPZJPM-UHFFFAOYSA-N,cas,match
V_1458,423-41-6,Perfluor-n-propaansulfonzuur,XBWQFDNGNOOMDZ-UHFFFAOYSA-N,XBWQFDNGNOOMDZ-UHFFFAOYSA-N,cas,match
V_695,29232-93-7,Pirimifos-methyl,QHOQHJPRIBSPCY-UHFFFAOYSA-N,QHOQHJPRIBSPCY-UHFFFAOYSA-N,cas,match
V_1385,634-83-3,"2,3,4,5 Tetrachlooraniline",GBKZRUCVLTWAML-UHFFFAOYSA-N,GBKZRUCVLTWAML-UHFFFAOYSA-N,cas,match
V_2298,994-05-8,tert-Amyl methyl ether (TAME),HVZJRWJGKQPSFL-UHFFFAOYSA-N,HVZJRWJGKQPSFL-UHFFFAOYSA-N,cas,match
V_2165,75-04-7,Ethylamine,QUSNBJAOOMFDIB-UHFFFAOYSA-N,QUSNBJAOOMFDIB-UHFFFAOYSA-N,cas,match
V_842,95-80-7,Tolueendiamine,VOZKAJLKRJDJLL-UHFFFAOYSA-N,VOZKAJLKRJDJLL-UHFFFAOYSA-N,cas,match
V_845,15231-57-9,Monooctyltin,ZMHZSHHZIKJFIR-UHFFFAOYSA-N,ZMHZSHHZIKJFIR-UHFFFAOYSA-N,cas,match
V_204,55335-06-3,Triclopyr,REEQLXCGVXDJSQ-UHFFFAOYSA-N,REEQLXCGVXDJSQ-UHFFFAOYSA-N,cas,match
V_978,375-22-4,Perfluorbutaanzuur (PFBA),YPJUNDFVDDCYIH-UHFFFAOYSA-N,YPJUNDFVDDCYIH-UHFFFAOYSA-N,cas,match
V_1776,498-07-7,Levoglucosan,TWNIBLMWSKIRAT-VFUOTHLCSA-N,TWNIBLMWSKIRAT-VFUOTHLCSA-N,cas,match
V_685,64743-03-9,Fenolen,,,,unresolved
V_446,611-06-3,"2,4-Dichloornitrobenzeen",QUIMTLZDMCNYGY-UHFFFAOYSA-N,QUIMTLZDMCNYGY-UHFFFAOYSA-N,cas,match
V_721,25057-89-0,Bentazone,ZOMSMJKLGFBRBS-UHFFFAOYSA-N,ZOMSMJKLGFBRBS-UHFFFAOYSA-N,cas,match
V_601,108-86-1,Broombenzeen,QARVLSVVCXYDNA-UHFFFAOYSA-N,QARVLSVVCXYDNA-UHFFFAOYSA-N,cas,match
V_803,7286-69-3,Sebutylazine,BZRUVKZGXNSXMB-UHFFFAOYSA-N,BZRUVKZGXNSXMB-UHFFFAOYSA-N,cas,match
V_880,13463-67-7,Titaandioxide,GWEVSGVZZGPLCZ-UHFFFAOYSA-N,GWEVSGVZZGPLCZ-UHFFFAOYSA-N,cas,match
V_189,95-74-9,3-Chloor-4-methylaniline,RQKFYFNZSHWXAW-UHFFFAOYSA-N,RQKFYFNZSHWXAW-UHFFFAOYSA-N,cas,match
V_1304,7439-91-0,Lanthaan,FZLIPJUXYLNCLC-UHFFFAOYSA-N,FZLIPJUXYLNCLC-UHFFFAOYSA-N,cas,match
V_1995,620-23-5,meta-Tolualdehyde,OVWYEQOVUDKZNU-UHFFFAOYSA-N,OVWYEQOVUDKZNU-UHFFFAOYSA-N,cas,match
V_1799,10024-97-2,Distikstofmonoxide,GQPLMRYTRLFLPF-UHFFFAOYSA-N,GQPLMRYTRLFLPF-UHFFFAOYSA-N,cas,match
V_332,7440-42-8,Boor,ZOXJGFHDIHLPTG-UHFFFAOYSA-N,ZOXJGFHDIHLPTG-UHFFFAOYSA-N,cas,match
V_621,14380-61-1,Hypochloriet,WQYVRQLZKVEZGA-UHFFFAOYSA-N,WQYVRQLZKVEZGA-UHFFFAOYSA-N,cas,match
V_974,71-23-8,n-Propanol,BDERNNFJNOPAEC-UHFFFAOYSA-N,BDERNNFJNOPAEC-UHFFFAOYSA-N,cas,match
V_242,33284-50-3,"2,4-Dichloorbifenyl (PCB 7)",WEJZHZJJXPXXMU-UHFFFAOYSA-N,WEJZHZJJXPXXMU-UHFFFAOYSA-N,cas,match
V_783,886-50-0,Terbutryn,IROINLKCQGIITA-UHFFFAOYSA-N,IROINLKCQGIITA-UHFFFAOYSA-N,cas,match
V_70,16984-48-8,Fluoride,KRHYYFGTRYWZRS-UHFFFAOYSA-M,KRHYYFGTRYWZRS-UHFFFAOYSA-M,cas,match
V_1541,57-55-6,Propyleenglycol,DNIAPMSPPWPWGF-UHFFFAOYSA-N,DNIAPMSPPWPWGF-UHFFFAOYSA-N,cas,match
V_666,302-17-0,Trichlooracetaldehyde-hydraat,RNFNDJAIBTYOQL-UHFFFAOYSA-N,RNFNDJAIBTYOQL-UHFFFAOYSA-N,cas,match
V_952,2631-37-0,Promecarb,DTAPQAJKAFRNJB-UHFFFAOYSA-N,DTAPQAJKAFRNJB-UHFFFAOYSA-N,cas,match
V_63,133855-98-8,Epoxiconazole,ZMYFCFLJBGAQRS-DLBZAZTESA-N,ZMYFCFLJBGAQRS-IAGOWNOFSA-N,cas,mismatch
V_1261,21593-23-7,Cefapirine,UQLLWWBDSUHNEB-CZUORRHYSA-N,UQLLWWBDSUHNEB-CZUORRHYSA-N,cas,match
V_325,17341-25-2,"Natrium, éénwaardig",FKNQFGJONOIPTF-UHFFFAOYSA-N,FKNQFGJONOIPTF-UHFFFAOYSA-N,cas,match
V_726,56-38-2,Parathion-ethyl,LCCNCVORNKJIRZ-UHFFFAOYSA-N,LCCNCVORNKJIRZ-UHFFFAOYSA-N,cas,match
V_2197,119-65-3,Isoquinoline,AWJUIBRHMBBTKR-UHFFFAOYSA-N,AWJUIBRHMBBTKR-UHFFFAOYSA-N,cas,match
V_936,1194-65-6,Dichlobenil,YOYAIZYFCNQIRF-UHFFFAOYSA-N,YOYAIZYFCNQIRF-UHFFFAOYSA-N,cas,match
V_851,53494-70-5,Endrin keton,IZHZFAQWVKBTSL-UHFFFAOYSA-N,IZHZFAQWVKBTSL-UHFFFAOYSA-N,cas,match
V_152,32536-52-0,Octabroomdifenylether,,ORYGKUIDIMIRNN-UHFFFAOYSA-N,cas,resolved_new
V_756,563-12-2,Ethion,RIZMRRKBZQXFOY-UHFFFAOYSA-N,RIZMRRKBZQXFOY-UHFFFAOYSA-N,cas,match
V_657,2303-17-5,Triallaat,MWBPRDONLNQCFV-UHFFFAOYSA-N,MWBPRDONLNQCFV-UHFFFAOYSA-N,cas,match
V_1464,131-57-7,Benzofenon-3,DXGLGDHPHMLXJC-UHFFFAOYSA-N,DXGLGDHPHMLXJC-UHFFFAOYSA-N,cas,match
V_2105,109-73-9,Butylamine,HQABUPZFAYXKJW-UHFFFAOYSA-N,HQABUPZFAYXKJW-UHFFFAOYSA-N,cas,match
V_546,106-48-9,4-Chloorfenol,WXNZTHHGJRFXKQ-UHFFFAOYSA-N,WXNZTHHGJRFXKQ-UHFFFAOYSA-N,cas,match
V_2285,26002-80-2,Phenothrin,SBNFWQZLDJGRLK-UHFFFAOYSA-N,SBNFWQZLDJGRLK-UHFFFAOYSA-N,cas,match
V_140,60-80-0,Fenazon,VEQOALNAAJBPNY-UHFFFAOYSA-N,VEQOALNAAJBPNY-UHFFFAOYSA-N,cas,match
V_606,900-95-8,Trifenyltinacetaat,WDQNIWFZKXZFAY-UHFFFAOYSA-M,WDQNIWFZKXZFAY-UHFFFAOYSA-M,cas,match
V_41,19408-74-3,"1,2,3,7,8,9-Hexachloordibenzo-para-dioxine",LGIRBUBHIWTVCK-UHFFFAOYSA-N,LGIRBUBHIWTVCK-UHFFFAOYSA-N,cas,match
V_909,107-49-3,Tetraethylpyrofosfaat,IDCBOTIENDVCBQ-UHFFFAOYSA-N,IDCBOTIENDVCBQ-UHFFFAOYSA-N,cas,match
V_2344,98-54-4,p-(tert)Butylfenol,QHPQWRBYOIRBIT-UHFFFAOYSA-N,QHPQWRBYOIRBIT-UHFFFAOYSA-N,cas,match
V_473,3060-89-7,Metobromuron,WLFDQEVORAMCIM-UHFFFAOYSA-N,WLFDQEVORAMCIM-UHFFFAOYSA-N,cas,match
V_1546,109-59-1,Isopropylglycol,HCGFUIQPSOCUHI-UHFFFAOYSA-N,HCGFUIQPSOCUHI-UHFFFAOYSA-N,cas,match
V_951,61949-77-7,trans-Permethrin,RLLPVAHGXHCWKJ-MJGOQNOKSA-N,RLLPVAHGXHCWKJ-MJGOQNOKSA-N,cas,match
V_874,79-94-7,Tetrabroombisfenol-A,VEORPZCZECFIRK-UHFFFAOYSA-N,VEORPZCZECFIRK-UHFFFAOYSA-N,cas,match
V_2342,63659-18-7,betaxolol,NWIUTZDMDHAVTP-UHFFFAOYSA-N,NWIUTZDMDHAVTP-UHFFFAOYSA-N,cas,match
V_1022,57-09-0,Hexadecyltrimethylammonium,LZZYPRNAOMGNLH-UHFFFAOYSA-M,LZZYPRNAOMGNLH-UHFFFAOYSA-M,cas,match
V_1266,112398-08-0,Danofloxacine,QMLVECGLEOSESV-RYUDHWBXSA-N,QMLVECGLEOSESV-RYUDHWBXSA-N,cas,match
V_2247,8008-20-6,Kerosine,,,,unresolved
V_533,107-07-3,2-Chloorethanol,SZIFAVKTNFCBPC-UHFFFAOYSA-N,SZIFAVKTNFCBPC-UHFFFAOYSA-N,cas,match
V_745,646-04-8,trans-2-Penteen,QMMOXUPEWRXHJS-HWKANZROSA-N,QMMOXUPEWRXHJS-HWKANZROSA-N,cas,match
V_2146,122-39-4,Difenylamine,DMBHHRLKUKUOEG-UHFFFAOYSA-N,DMBHHRLKUKUOEG-UHFFFAOYSA-N,cas,match
V_781,1071-83-6,Glyfosaat,XDDAORKBJWWYJS-UHFFFAOYSA-N,XDDAORKBJWWYJS-UHFFFAOYSA-N,cas,match
V_1074,1893-33-0,Pipamperon,AXKPFOAXAHJUAG-UHFFFAOYSA-N,AXKPFOAXAHJUAG-UHFFFAOYSA-N,cas,match
V_213,79-06-1,Acrylamide,HRPVXLWXLXDGHG-UHFFFAOYSA-N,HRPVXLWXLXDGHG-UHFFFAOYSA-N,cas,match
V_2356,175013-18-0,pyraclostrobin,HZRSNVGNWUDEFX-UHFFFAOYSA-N,HZRSNVGNWUDEFX-UHFFFAOYSA-N,cas,match
V_1498,74472-52-9,"2,2',3,4,4',5,6,6'-Octachloorbifenyl",JDZUWXRNKHXZFE-UHFFFAOYSA-N,JDZUWXRNKHXZFE-UHFFFAOYSA-N,cas,match
V_520,58-90-2,"2,3,4,6-Tetrachloorfenol",VGVRPFIJEJYOFN-UHFFFAOYSA-N,VGVRPFIJEJYOFN-UHFFFAOYSA-N,cas,match
V_2154,109-87-5,Dimethoxymethaan,NKDDWNXOKDWJAK-UHFFFAOYSA-N,NKDDWNXOKDWJAK-UHFFFAOYSA-N,cas,match
V_444,83-42-1,2-Chloor-6-nitrotolueen,XCSNRORTQRKCHB-UHFFFAOYSA-N,XCSNRORTQRKCHB-UHFFFAOYSA-N,cas,match
V_753,23560-59-0,Heptenofos,GBAWQJNHVWMTLU-UHFFFAOYSA-N,GBAWQJNHVWMTLU-UHFFFAOYSA-N,cas,match
V_1518,1478-61-1,Bisfenol-AF,ZFVMWEVVKGLCIJ-UHFFFAOYSA-N,ZFVMWEVVKGLCIJ-UHFFFAOYSA-N,cas,match
V_2176,79622-59-6,Fluazinam,UZCGKGPEKUCDTF-UHFFFAOYSA-N,UZCGKGPEKUCDTF-UHFFFAOYSA-N,cas,match
V_736,540-84-1,Iso-octaan,NHTMVDHEPJAVLT-UHFFFAOYSA-N,NHTMVDHEPJAVLT-UHFFFAOYSA-N,cas,match
V_1676,123-72-8,Butyraldehyde,ZTQSAGDEMFDKMZ-UHFFFAOYSA-N,ZTQSAGDEMFDKMZ-UHFFFAOYSA-N,cas,match
V_1062,205-82-3,Benzo(j)fluorantheen,KHNYNFUTFKJLDD-UHFFFAOYSA-N,KHNYNFUTFKJLDD-UHFFFAOYSA-N,cas,match
V_138,551-92-8,Dimetridazol,IBXPYPUJPLLOIN-UHFFFAOYSA-N,IBXPYPUJPLLOIN-UHFFFAOYSA-N,cas,match
V_40,57653-85-7,"1,2,3,6,7,8-Hexachloordibenzo-para-dioxine",YCLUIPQDHHPDJJ-UHFFFAOYSA-N,YCLUIPQDHHPDJJ-UHFFFAOYSA-N,cas,match
V_1605,109-68-2,2-Penteen,QMMOXUPEWRXHJS-UHFFFAOYSA-N,QMMOXUPEWRXHJS-UHFFFAOYSA-N,cas,match
V_1250,122-11-2,Sulfadimethoxine,ZZORFUFYDOWNEF-UHFFFAOYSA-N,ZZORFUFYDOWNEF-UHFFFAOYSA-N,cas,match
V_1624,756426-58-1,9-chloorhexadecafluor-3-oxanonaan-1-sulfonzuur,GGOUUEMCWBTDMT-UHFFFAOYSA-N,GGOUUEMCWBTDMT-UHFFFAOYSA-N,cas,match
V_917,87-83-2,Pentabroomtolueen,OZHJEQVYCBTHJT-UHFFFAOYSA-N,OZHJEQVYCBTHJT-UHFFFAOYSA-N,cas,match
V_104,738-70-5,Trimethoprim,IEDVJHCEMCRBQM-UHFFFAOYSA-N,IEDVJHCEMCRBQM-UHFFFAOYSA-N,cas,match
V_2057,123-96-6,2-Octanol,SJWFXCIHNDVPSH-UHFFFAOYNA-N,SJWFXCIHNDVPSH-UHFFFAOYSA-N,cas,mismatch
V_2319,24800-44-0,Tripropyleenglycol,,,,unresolved
V_85,39635-31-9,"2,3,3',4,4',5,5'-Heptachloorbifenyl (PCB189)",XUAWBXBYHDRROL-UHFFFAOYSA-N,XUAWBXBYHDRROL-UHFFFAOYSA-N,cas,match
V_180,140-88-5,Ethylacrylaat,JIGUQPWFLRLWPJ-UHFFFAOYSA-N,JIGUQPWFLRLWPJ-UHFFFAOYSA-N,cas,match
V_279,106-47-8,4-Chlooraniline,QSNSCYSYFYORTR-UHFFFAOYSA-N,QSNSCYSYFYORTR-UHFFFAOYSA-N,cas,match
V_158,125-33-7,Primidon,DQMZLTXERSFNPB-UHFFFAOYSA-N,DQMZLTXERSFNPB-UHFFFAOYSA-N,cas,match
V_2305,75-62-7,Trichloorbroommethaan,XNNQFQFUQLJSQT-UHFFFAOYSA-N,XNNQFQFUQLJSQT-UHFFFAOYSA-N,cas,match
V_508,96-23-1,"1,3-Dichloor-2-propanol",DEWLEGDTCGBNGU-UHFFFAOYSA-N,DEWLEGDTCGBNGU-UHFFFAOYSA-N,cas,match
V_247,14797-55-8,Nitraat,NHNBFGGVMKEFGY-UHFFFAOYSA-N,NHNBFGGVMKEFGY-UHFFFAOYSA-N,cas,match
V_124,85-01-8,Fenantreen,YNPNZTXNASCQKK-UHFFFAOYSA-N,YNPNZTXNASCQKK-UHFFFAOYSA-N,cas,match
V_2248,91465-08-6,lambda-Cyhalothrin,ZXQYGBMAQZUVMI-RDDWSQKMSA-N,ZXQYGBMAQZUVMI-RDDWSQKMSA-N,cas,match
V_2262,124-07-2,Octaanzuur,WWZKQHOCKIZLMA-UHFFFAOYSA-N,WWZKQHOCKIZLMA-UHFFFAOYSA-N,cas,match
V_353,105-67-9,"2,4-Dimethylfenol",KUFFULVDNCHOFZ-UHFFFAOYSA-N,KUFFULVDNCHOFZ-UHFFFAOYSA-N,cas,match
V_294,697-82-5,"2,3,5-Trimethylfenol",OGRAOKJKVGDSFR-UHFFFAOYSA-N,OGRAOKJKVGDSFR-UHFFFAOYSA-N,cas,match
V_866,182346-21-0,"2,2',3,4,4'-Pentabroomdifenylether (BDE85)",DMLQSUZPTTUUDP-UHFFFAOYSA-N,DMLQSUZPTTUUDP-UHFFFAOYSA-N,cas,match
V_1292,147-52-4,Nafcilline,GPXLMGHLHQJAGZ-JTDSTZFVSA-N,GPXLMGHLHQJAGZ-JTDSTZFVSA-N,cas,match
V_815,123-86-4,Butylacetaat,DKPFZGUDAPQIHT-UHFFFAOYSA-N,DKPFZGUDAPQIHT-UHFFFAOYSA-N,cas,match
V_531,126-99-8,"2-Chloor-1,3-butadieen",YACLQRRMGMJLJV-UHFFFAOYSA-N,YACLQRRMGMJLJV-UHFFFAOYSA-N,cas,match
V_563,25167-82-2,Trichloorfenol,,HSQFVBWFPBKHEB-UHFFFAOYSA-N,cas,resolved_new
V_1386,93413-62-8,O-desmethylvenlafaxine,KYYIDSXMWOZKMP-UHFFFAOYSA-N,KYYIDSXMWOZKMP-UHFFFAOYSA-N,cas,match
V_524,933-75-5,"2,3,6-Trichloorfenol",XGCHAIDDPMFRLJ-UHFFFAOYSA-N,XGCHAIDDPMFRLJ-UHFFFAOYSA-N,cas,match
V_802,122-34-9,Simazine,ODCWYMIRDDJXKW-UHFFFAOYSA-N,ODCWYMIRDDJXKW-UHFFFAOYSA-N,cas,match
V_2050,95-81-8,2-Chloor-5-methyaniline,HPSCXFOQUFPEPE-UHFFFAOYSA-N,HPSCXFOQUFPEPE-UHFFFAOYSA-N,cas,match
V_418,1746-81-2,Monolinuron,LKJPSUCKSLORMF-UHFFFAOYSA-N,LKJPSUCKSLORMF-UHFFFAOYSA-N,cas,match
V_23,87674-68-8,Dimethenamid,JLYFCTQDENRSOL-UHFFFAOYSA-N,JLYFCTQDENRSOL-UHFFFAOYSA-N,cas,match
V_2125,12001-28-4,Crosidoliet,,ULEFFCDROVNTRO-UHFFFAOYSA-N,cas,resolved_new
V_833,1300-21-6,Dichloorethaan,,SCYULBFZEHDVBN-UHFFFAOYSA-N,cas,resolved_new
V_323,24203-36-9,"Kalium, éénwaardig",NPYPAHLBTDXSSS-UHFFFAOYSA-N,NPYPAHLBTDXSSS-UHFFFAOYSA-N,cas,match
V_1575,106-99-0,"1,3-Butadieen",KAKZBPTYRLMSJV-UHFFFAOYSA-N,KAKZBPTYRLMSJV-UHFFFAOYSA-N,cas,match
V_569,2642-71-9,Azinfos-ethyl,RQVGAIADHNPSME-UHFFFAOYSA-N,RQVGAIADHNPSME-UHFFFAOYSA-N,cas,match
V_514,97-00-7,"1-Chloor-2,4-dinitrobenzeen",VYZAHLCBVHPDDF-UHFFFAOYSA-N,VYZAHLCBVHPDDF-UHFFFAOYSA-N,cas,match
V_88,50978-11-5,Amidotrizoinezuur,YVPYQUNUQOZFHG-UHFFFAOYSA-N,JHQKUXXJPHSPOL-UHFFFAOYSA-N,cas,mismatch
V_351,7440-66-6,Zink,HCHKCACWOHOZIP-UHFFFAOYSA-N,HCHKCACWOHOZIP-UHFFFAOYSA-N,cas,match
V_1425,117964-21-3,"2,2',3,3',4,4',6,6'-Octabroomdifenylether (BDE197)",AAFUUKPTSPVXJH-UHFFFAOYSA-N,AAFUUKPTSPVXJH-UHFFFAOYSA-N,cas,match
V_2115,139481-59-7,Candesartan,HTQMVQVXFRQIKW-UHFFFAOYSA-N,HTQMVQVXFRQIKW-UHFFFAOYSA-N,cas,match
V_187,3481-20-7,"2,3,5,6-Tetrachlooraniline",YTDHEFNWWHSXSU-UHFFFAOYSA-N,YTDHEFNWWHSXSU-UHFFFAOYSA-N,cas,match
V_1427,437701-79-6,"2,2',3,3',4,4',5,6,6'-Nonabroomdifenylether (BDE207)",IEEVDIAVLGLVOW-UHFFFAOYSA-N,IEEVDIAVLGLVOW-UHFFFAOYSA-N,cas,match
V_186,634-91-3,"3,4,5-Trichlooraniline",XOGYQVITULCUGU-UHFFFAOYSA-N,XOGYQVITULCUGU-UHFFFAOYSA-N,cas,match
V_319,42617-16-3,Chlorofyl a,,ATNHDLDRLWWWCB-AENOIHSZSA-M,cas,resolved_new
V_665,126-73-8,Tributylfosfaat,STCOOQWBFONSKY-UHFFFAOYSA-N,STCOOQWBFONSKY-UHFFFAOYSA-N,cas,match
V_940,2631-40-5,Isoprocarb,QBSJMKIUCUGGNG-UHFFFAOYSA-N,QBSJMKIUCUGGNG-UHFFFAOYSA-N,cas,match
V_391,58-89-9,gamma-Hexachloorcyclohexaan,JLYXXMFPNIAWKQ-GNIYUCBRSA-N,JLYXXMFPNIAWKQ-UHFFFAOYSA-N,cas,mismatch
V_2325,112-24-3,Triethyleentetramine,VILCJCGEZXAXTO-UHFFFAOYSA-N,VILCJCGEZXAXTO-UHFFFAOYSA-N,cas,match
V_882,7440-15-5,Renium,WUAPFZMCVAUBPE-UHFFFAOYSA-N,WUAPFZMCVAUBPE-UHFFFAOYSA-N,cas,match
V_2083,12172-73-5,Amosiet,,XYCWOLUUHSNDRX-UHFFFAOYSA-L,cas,resolved_new
V_567,62-73-7,Dichloorvos,OEBRKCOSUFCWJD-UHFFFAOYSA-N,OEBRKCOSUFCWJD-UHFFFAOYSA-N,cas,match
V_83,32598-13-3,"3,3',4,4'-Tetrachloorbifenyl (PCB77)",UQMGJOKDKOLIDP-UHFFFAOYSA-N,UQMGJOKDKOLIDP-UHFFFAOYSA-N,cas,match
V_2351,51630-58-1,Fenvalerate,NYPJDWWKZLNGGM-UHFFFAOYSA-N,NYPJDWWKZLNGGM-UHFFFAOYSA-N,cas,match
V_179,96-33-3,Methylacrylaat,BAPJBEWLBFYGME-UHFFFAOYSA-N,BAPJBEWLBFYGME-UHFFFAOYSA-N,cas,match
V_1528,153233-91-1,Etoxazool,IXSZQYVWNJNRAL-UHFFFAOYSA-N,IXSZQYVWNJNRAL-UHFFFAOYSA-N,cas,match
V_1285,15318-45-3,Thiamfenicol,OTVAEFIXJLOWRX-NXEZZACHSA-N,OTVAEFIXJLOWRX-NXEZZACHSA-N,cas,match
V_335,7440-47-3,Chroom,VYZAMTAEIAYCRO-UHFFFAOYSA-N,VYZAMTAEIAYCRO-UHFFFAOYSA-N,cas,match
V_1478,100-51-6,Benzylalcohol,WVDDGKGOMKODPV-UHFFFAOYSA-N,WVDDGKGOMKODPV-UHFFFAOYSA-N,cas,match
V_754,3689-24-5,Sulfotep,XIUROWKZWPIAIB-UHFFFAOYSA-N,XIUROWKZWPIAIB-UHFFFAOYSA-N,cas,match
V_393,94-74-6,(4-Chloor-2-methylfenoxy)azijnzuur,WHKUVVPPKQRRBV-UHFFFAOYSA-N,WHKUVVPPKQRRBV-UHFFFAOYSA-N,cas,match
V_624,15438-31-0,"Ijzer, tweewaardig",CWYNVVGOOAEACU-UHFFFAOYSA-N,CWYNVVGOOAEACU-UHFFFAOYSA-N,cas,match
V_821,110-86-1,Pyridine,JUJWROOIHBZHMG-UHFFFAOYSA-N,JUJWROOIHBZHMG-UHFFFAOYSA-N,cas,match
V_432,71-55-6,"1,1,1-Trichloorethaan",UOCLXMDMGBRAIB-UHFFFAOYSA-N,UOCLXMDMGBRAIB-UHFFFAOYSA-N,cas,match
V_115,208-96-8,Acenaftyleen,HXGDTGSAIMULJN-UHFFFAOYSA-N,HXGDTGSAIMULJN-UHFFFAOYSA-N,cas,match
V_1265,15686-71-2,Cefalexine,ZAIPMKNFIOOWCQ-UEKVPHQBSA-N,ZAIPMKNFIOOWCQ-UEKVPHQBSA-N,cas,match
V_830,60-00-4,Ethyleendiaminetetra-azijnzuur,KCXVZYZYPLLWCC-UHFFFAOYSA-N,KCXVZYZYPLLWCC-UHFFFAOYSA-N,cas,match
V_987,107-21-1,Etyleenglycol,LYCAIKOWRPUZTN-UHFFFAOYSA-N,LYCAIKOWRPUZTN-UHFFFAOYSA-N,cas,match
V_2327,109-52-4,Valeriaanzuur,NQPDZGIKBAWPEJ-UHFFFAOYSA-N,NQPDZGIKBAWPEJ-UHFFFAOYSA-N,cas,match
V_153,63936-56-1,Nonabroomdifenylether,,CYRHBNRLQMLULE-UHFFFAOYSA-N,cas,resolved_new
V_1374,64436-13-1,Arsenobetaïne,SPTHHTGLGVZZRH-UHFFFAOYSA-N,SPTHHTGLGVZZRH-UHFFFAOYSA-N,cas,match
V_2061,102411-06-3,"4,4’-methylenebis(2-chloroaniline)",WAHSIPRGCUJVRE-IECFSIQFSA-N,WAHSIPRGCUJVRE-IECFSIQFSA-N,cas,match
V_2041,13290-74-9,2-Chloor-5-nitrotolueen,BGDCQZFFNFXYQC-UHFFFAOYSA-N,BGDCQZFFNFXYQC-UHFFFAOYSA-N,cas,match
V_891,98-00-0,2-Furaanmethanol,XPFVYQJUAUNWIW-UHFFFAOYSA-N,XPFVYQJUAUNWIW-UHFFFAOYSA-N,cas,match
V_1630,75-07-0,Acetaldehyde,IKHGUXGNUITLKF-UHFFFAOYSA-N,IKHGUXGNUITLKF-UHFFFAOYSA-N,cas,match
V_119,205-99-2,Benzo(b)fluorantheen,FTOVXSOBNPWTSH-UHFFFAOYSA-N,FTOVXSOBNPWTSH-UHFFFAOYSA-N,cas,match
V_2102,446255-56-7,"2,3,3’,4,4’,5,5’,6-octabromodifenyl ether (BDE 205)",CVMKCYDBEYHNBM-UHFFFAOYSA-N,CVMKCYDBEYHNBM-UHFFFAOYSA-N,cas,match
V_388,319-85-7,beta-Hexachloorcyclohexaan,JLYXXMFPNIAWKQ-CDRYSYESSA-N,JLYXXMFPNIAWKQ-UHFFFAOYSA-N,cas,mismatch
V_256,75-15-0,Koolstofdisulfide,QGJOPFRUJISHPQ-UHFFFAOYSA-N,QGJOPFRUJISHPQ-UHFFFAOYSA-N,cas,match
V_1370,95-14-7,Benzotriazool,QRUDEWIWKLJBPS-UHFFFAOYSA-N,QRUDEWIWKLJBPS-UHFFFAOYSA-N,cas,match
V_1282,60-54-8,Tetracycline,NWXMGUDVXFXRIG-WESIUVDSSA-N,NWXMGUDVXFXRIG-WESIUVDSSA-N,cas,match
V_2258,79-20-9,Methylacetaat,KXKVLQRXCPHEJC-UHFFFAOYSA-N,KXKVLQRXCPHEJC-UHFFFAOYSA-N,cas,match
V_366,100-42-5,Styreen,PPBRXRYQALVLMV-UHFFFAOYSA-N,PPBRXRYQALVLMV-UHFFFAOYSA-N,cas,match
V_1241,145435-72-9,Gamithromycine,VWAMTBXLZPEDQO-FWEXOAGLSA-N,VWAMTBXLZPEDQO-UZSBJOJWSA-N,cas,mismatch
V_2289,121-21-1,Pyrethrin-1,ROVGZAWFACYCSP-VUMXUWRFSA-N,ROVGZAWFACYCSP-VUMXUWRFSA-N,cas,match
V_905,78-51-3,Tributoxyethylfosfaat,WTLBZVNBAKMVDP-UHFFFAOYSA-N,WTLBZVNBAKMVDP-UHFFFAOYSA-N,cas,match
V_2152,108-01-0,"N,N Dimethylethanolamine",UEEJHVSXFDXPFK-UHFFFAOYSA-N,UEEJHVSXFDXPFK-UHFFFAOYSA-N,cas,match
V_2168,115-29-7,Endosulfan (a+b+sulfaat),,RDYMFSUJUZBWLH-UHFFFAOYSA-N,cas,resolved_new
V_1398,2806-24-8,Perfluoroctaansulfonamidoazijnzuur (PFOSAA),AYLOUUCBACYHAB-UHFFFAOYSA-N,AYLOUUCBACYHAB-UHFFFAOYSA-N,cas,match
V_383,1024-57-3,cis-Heptachloorepoxyde,ZXFXBSWRVIQKOD-ILPAMFKHSA-N,ZXFXBSWRVIQKOD-UOFFAGTMSA-N,cas,mismatch
V_1986,78-84-2,Isobutaanaldehyde,AMIMRNSIRUDHCM-UHFFFAOYSA-N,AMIMRNSIRUDHCM-UHFFFAOYSA-N,cas,match
V_129,129-00-0,Pyreen,BBEAQIROQSPTKN-UHFFFAOYSA-N,BBEAQIROQSPTKN-UHFFFAOYSA-N,cas,match
V_2348,37148-27-9,clenbuterol,STJMRWALKKWQGH-UHFFFAOYSA-N,STJMRWALKKWQGH-UHFFFAOYSA-N,cas,match
V_378,33213-65-9,beta-Endosulfan,RDYMFSUJUZBWLH-QTSFFCDANA-N,RDYMFSUJUZBWLH-AZVNHNRSSA-N,cas,mismatch
V_775,76-13-1,"1,1,2-Trichloortrifluorethaan",AJDIZQLSFPQPEY-UHFFFAOYSA-N,AJDIZQLSFPQPEY-UHFFFAOYSA-N,cas,match
V_1394,112281-77-3,Tetraconazool,LQDARGUHUSPFNL-UHFFFAOYSA-N,LQDARGUHUSPFNL-UHFFFAOYSA-N,cas,match
V_376,60-57-1,Dieldrin,DFBKLUNHFCTMDC-PICURKEMSA-N,DFBKLUNHFCTMDC-PICURKEMSA-N,cas,match
V_1295,7440-46-2,Cesium,TVFDJXOCXUVLDH-UHFFFAOYSA-N,TVFDJXOCXUVLDH-UHFFFAOYSA-N,cas,match
V_1506,1268835-43-3,Nonafluorobutaan-1-sulfonyl)- carboxymethylaminoazijnzuur,PQKKESZYSLDJMD-UHFFFAOYSA-N,PQKKESZYSLDJMD-UHFFFAOYSA-N,cas,match
V_542,1570-64-5,4-Chloor-2-methylfenol,RHPUJHQBPORFGV-UHFFFAOYSA-N,RHPUJHQBPORFGV-UHFFFAOYSA-N,cas,match
V_939,22224-92-6,Fenamifos,ZCJPOPBZHLUFHF-UHFFFAOYSA-N,ZCJPOPBZHLUFHF-UHFFFAOYSA-N,cas,match
V_120,191-24-2,"Benzo(g,h,i)peryleen",GYFAGKUZYNFMBN-UHFFFAOYSA-N,GYFAGKUZYNFMBN-UHFFFAOYSA-N,cas,match
V_1262,93106-60-6,Enrofloxacine,SPFYMRJSYKOXGV-UHFFFAOYSA-N,SPFYMRJSYKOXGV-UHFFFAOYSA-N,cas,match
V_197,134237-52-8,gamma-Hexabroomcyclododecaan,DEIGXXQKDWULML-MOCCIAMBSA-N,DEIGXXQKDWULML-MOCCIAMBSA-N,cas,match
V_2113,69327-76-0,Buprofezine,PRLVTUNWOQKEAI-UHFFFAOYSA-N,PRLVTUNWOQKEAI-UHFFFAOYSA-N,cas,match
V_761,583-78-8,"2,5-Dichloorfenol",RANCECPPZPIPNO-UHFFFAOYSA-N,RANCECPPZPIPNO-UHFFFAOYSA-N,cas,match
V_333,7440-43-9,Cadmium,BDOSMKKIYDKNTQ-UHFFFAOYSA-N,BDOSMKKIYDKNTQ-UHFFFAOYSA-N,cas,match
V_2106,103-82-2,Benzeenazijnzuur,WLJVXDMOQOGPHL-UHFFFAOYSA-N,WLJVXDMOQOGPHL-UHFFFAOYSA-N,cas,match
V_2086,77536-67-5,Anthophylliet,,,,unresolved
V_112,7012-37-5,"2,4,4'-Trichloorbifenyl (PCB28)",BZTYNSQSZHARAZ-UHFFFAOYSA-N,BZTYNSQSZHARAZ-UHFFFAOYSA-N,cas,match
V_1463,6197-30-4,Octocryleen,FMJSMJQBSVNSBF-UHFFFAOYSA-N,FMJSMJQBSVNSBF-UHFFFAOYSA-N,cas,match
V_1000,260-94-6,Acridine,DZBUGLKDJFMEHC-UHFFFAOYSA-N,DZBUGLKDJFMEHC-UHFFFAOYSA-N,cas,match
V_712,88-69-7,2-Isopropylfenol,CRBJBYGJVIBWIY-UHFFFAOYSA-N,CRBJBYGJVIBWIY-UHFFFAOYSA-N,cas,match
V_1992,590-86-3,Isovaleraldehyde,YGHRJJRRZDOVPD-UHFFFAOYSA-N,YGHRJJRRZDOVPD-UHFFFAOYSA-N,cas,match
V_1839,2050-67-1,"3,3'-Dichloorbifenyl (PCB11)",KTXUOWUHFLBZPW-UHFFFAOYSA-N,KTXUOWUHFLBZPW-UHFFFAOYSA-N,cas,match
V_1909,123-38-6,Propionaldehyde,NBBJYMSMWIIQGU-UHFFFAOYSA-N,NBBJYMSMWIIQGU-UHFFFAOYSA-N,cas,match
V_1611,892-21-7,3-Nitrofluorantheen,PIHGQKMEAMSUNA-UHFFFAOYSA-N,PIHGQKMEAMSUNA-UHFFFAOYSA-N,cas,match
V_2108,65-85-0,Benzoëzuur,WPYMKLBDIGXBTP-UHFFFAOYSA-N,WPYMKLBDIGXBTP-UHFFFAOYSA-N,cas,match
V_1363,2991-50-6,N-ethylperfluoroctaansulfonamidoazijnzuur,CKRXVVGETMYFIO-UHFFFAOYSA-N,CKRXVVGETMYFIO-UHFFFAOYSA-N,cas,match
V_504,107-06-2,"1,2-Dichloorethaan",WSLDOOZREJYCGB-UHFFFAOYSA-N,WSLDOOZREJYCGB-UHFFFAOYSA-N,cas,match
V_36,55673-89-7,"1,2,3,4,7,8,9-Heptachloordibenzofuraan",VEZCTZWLJYWARH-UHFFFAOYSA-N,VEZCTZWLJYWARH-UHFFFAOYSA-N,cas,match
V_360,98-83-9,alfa-Methylstyreen,XYLMUPLGERFSHI-UHFFFAOYSA-N,XYLMUPLGERFSHI-UHFFFAOYSA-N,cas,match
V_528,88-06-2,"2,4,6-Trichloorfenol",LINPIYWFGCPVIE-UHFFFAOYSA-N,LINPIYWFGCPVIE-UHFFFAOYSA-N,cas,match
V_103,723-46-6,Sulfamethoxazol,JLKIGFTWXXRPMT-UHFFFAOYSA-N,JLKIGFTWXXRPMT-UHFFFAOYSA-N,cas,match
V_109,35065-28-2,"2,2',3,4,4',5'-Hexachloorbifenyl (PCB138)",RPUMZMSNLZHIGZ-UHFFFAOYSA-N,RPUMZMSNLZHIGZ-UHFFFAOYSA-N,cas,match
V_2156,143-07-7,Dodecaanzuur,POULHZVOKOAJMA-UHFFFAOYSA-N,POULHZVOKOAJMA-UHFFFAOYSA-N,cas,match
V_868,189084-64-8,"2,2',4,4',6-Pentabroomdifenylether (BDE100)",NSKIRYMHNFTRLR-UHFFFAOYSA-N,NSKIRYMHNFTRLR-UHFFFAOYSA-N,cas,match
V_97,73334-07-3,Iopromide,DGAIEPBNLOQYER-UHFFFAOYSA-N,DGAIEPBNLOQYER-UHFFFAOYSA-N,cas,match
V_1288,84957-30-2,Cefquinome,YWKJNRNSJKEFMK-PQFQYKRASA-N,YWKJNRNSJKEFMK-PQFQYKRASA-N,cas,match
V_1293,7440-57-5,Goud,PCHJSUWPFVWCPO-UHFFFAOYSA-N,PCHJSUWPFVWCPO-UHFFFAOYSA-N,cas,match
V_896,72-33-3,Mestranol,IMSSROKUHAOUJS-MJCUULBUSA-N,IMSSROKUHAOUJS-MJCUULBUSA-N,cas,match
V_2177,131341-86-1,Fludioxonil,MUJOIMFVNIBMKC-UHFFFAOYSA-N,MUJOIMFVNIBMKC-UHFFFAOYSA-N,cas,match
V_565,67-66-3,Trichloormethaan,HEDRZPFGACZZDS-UHFFFAOYSA-N,HEDRZPFGACZZDS-UHFFFAOYSA-N,cas,match
V_1347,68333-82-4,"Amides, coco, N-(2-hydroxypropyl)",,,,unresolved
V_2060,101-77-9,4.4-Diaminodifenylmethaan,YBRVSVVVWCFQMG-UHFFFAOYSA-N,YBRVSVVVWCFQMG-UHFFFAOYSA-N,cas,match
V_770,1698-60-8,Chloridazon,WYKYKTKDBLFHCY-UHFFFAOYSA-N,WYKYKTKDBLFHCY-UHFFFAOYSA-N,cas,match
V_2175,20074-52-6,"Ijzer, driewaardig",VTLYFUHAOXGGBS-UHFFFAOYSA-N,VTLYFUHAOXGGBS-UHFFFAOYSA-N,cas,match
V_1501,239110-15-7,Fluopicolide,GBOYJIHYACSLGN-UHFFFAOYSA-N,GBOYJIHYACSLGN-UHFFFAOYSA-N,cas,match
V_2017,104-87-0,para-Tolualdehyde,FXLOVSHXALFLKQ-UHFFFAOYSA-N,FXLOVSHXALFLKQ-UHFFFAOYSA-N,cas,match
V_1276,56-75-7,Chlooramfenicol,WIIZWVCIJKGZOK-RKDXNWHRSA-N,WIIZWVCIJKGZOK-RKDXNWHRSA-N,cas,match
V_1529,71751-41-2,Som van Abamectine B1a en  B1b,,IBSREHMXUMOFBB-JFUDTMANSA-N,cas,resolved_new
V_626,106-93-4,"1,2-Dibroomethaan",PAAZPARNPHGIKF-UHFFFAOYSA-N,PAAZPARNPHGIKF-UHFFFAOYSA-N,cas,match
V_1003,132-65-0,Dibenzothiofeen,IYYZUPMFVPLQIF-UHFFFAOYSA-N,IYYZUPMFVPLQIF-UHFFFAOYSA-N,cas,match
V_946,934-34-9,2-Hydroxybenzothiazole,YEDUAINPPJYDJZ-UHFFFAOYSA-N,YEDUAINPPJYDJZ-UHFFFAOYSA-N,cas,match
V_622,14213-97-9,Boraat,BTBUEUYNUDRHOZ-UHFFFAOYSA-N,BTBUEUYNUDRHOZ-UHFFFAOYSA-N,cas,match
V_255,7664-41-7,Ammoniak,QGZKDVFQNNGYKY-UHFFFAOYSA-N,QGZKDVFQNNGYKY-UHFFFAOYSA-N,cas,match
V_950,61949-76-6,cis-Permetryn,RLLPVAHGXHCWKJ-HKUYNNGSSA-N,RLLPVAHGXHCWKJ-HKUYNNGSSA-N,cas,match
V_229,26761-40-0,Di-isodecylftalaat,ZVFDTKUVRCTHQE-UHFFFAOYSA-N,ZVFDTKUVRCTHQE-UHFFFAOYSA-N,cas,match
V_2149,75-18-3,Dimethylsulfide,QMMFVYPAHWMCMS-UHFFFAOYSA-N,QMMFVYPAHWMCMS-UHFFFAOYSA-N,cas,match
V_1417,189084-66-0,"2,3',4,4',6-Pentabroomdifenylether (BDE119)",KXEOYBYEJCRPGB-UHFFFAOYSA-N,KXEOYBYEJCRPGB-UHFFFAOYSA-N,cas,match
V_1448,121-44-8,Tri-ethylamine,ZMANZCXQSJIPKH-UHFFFAOYSA-N,ZMANZCXQSJIPKH-UHFFFAOYSA-N,cas,match
V_632,70776-03-3,Chloornaftalenen (technisch),,,,unresolved
V_420,59473-04-0,Organohalogenen,,,,unresolved
V_327,7429-90-5,Aluminium,XAGFODPZIPBFFR-UHFFFAOYSA-N,XAGFODPZIPBFFR-UHFFFAOYSA-N,cas,match
V_679,106-44-5,4-Methylfenol,IWDCLRJOBJJRNH-UHFFFAOYSA-N,IWDCLRJOBJJRNH-UHFFFAOYSA-N,cas,match
V_1337,85535-85-9,C14-17 chlooralkanen,,,,unresolved
V_2103,3033-62-3,Bis(2-dimethylaminoethyl) ether,GTEXIOINCJRBIO-UHFFFAOYSA-N,GTEXIOINCJRBIO-UHFFFAOYSA-N,cas,match
V_82,52663-72-6,"2,3',4,4',5,5'-Hexachloorbifenyl (PCB167)",AZXHAWRMEPZSSV-UHFFFAOYSA-N,AZXHAWRMEPZSSV-UHFFFAOYSA-N,cas,match
V_1519,96525-23-4,Flurtamone,NYRMIJKDBAQCHC-UHFFFAOYSA-N,NYRMIJKDBAQCHC-UHFFFAOYSA-N,cas,match
V_77,78-93-3,Methylethylketon,ZWEHNKRNPOVVGH-UHFFFAOYSA-N,ZWEHNKRNPOVVGH-UHFFFAOYSA-N,cas,match
V_942,2032-65-7,Methiocarb,YFBPRJGDJKVWAH-UHFFFAOYSA-N,YFBPRJGDJKVWAH-UHFFFAOYSA-N,cas,match
V_2287,31218-83-4,Propetamfos,BZNDWPRGXNILMS-VQHVLOKHSA-N,BZNDWPRGXNILMS-VQHVLOKHSA-N,cas,match
V_1209,7722-84-1,Waterstofperoxide,MHAJPDPJQMAIIY-UHFFFAOYSA-N,MHAJPDPJQMAIIY-UHFFFAOYSA-N,cas,match
V_752,126-75-0,Demeton-S,GRPRVIYRYGLIJU-UHFFFAOYSA-N,GRPRVIYRYGLIJU-UHFFFAOYSA-N,cas,match
V_341,7439-92-1,Lood,WABPQHHGFIMREM-UHFFFAOYSA-N,WABPQHHGFIMREM-UHFFFAOYSA-N,cas,match
V_410,21725-46-2,Cyanazine,MZZBPDKVEFVLFF-UHFFFAOYSA-N,MZZBPDKVEFVLFF-UHFFFAOYSA-N,cas,match
V_771,634-66-2,"1,2,3,4-Tetrachloorbenzeen",GBDZXPJXOMHESU-UHFFFAOYSA-N,GBDZXPJXOMHESU-UHFFFAOYSA-N,cas,match
V_1539,111-76-2,Butylglycol,POAOYUHQDCAZBD-UHFFFAOYSA-N,POAOYUHQDCAZBD-UHFFFAOYSA-N,cas,match
V_1507,34642-43-8,perfluorbutaansulfinezuur (PFBSi),TWIYDBQRYCWOAU-UHFFFAOYSA-N,TWIYDBQRYCWOAU-UHFFFAOYSA-N,cas,match
V_2263,57-11-4,Octadecaanzuur,QIQXTHQIDYTFRH-UHFFFAOYSA-N,QIQXTHQIDYTFRH-UHFFFAOYSA-N,cas,match
V_441,87-60-5,3-Chloor-2-methylaniline,ZUVPLKVDZNDZCM-UHFFFAOYSA-N,ZUVPLKVDZNDZCM-UHFFFAOYSA-N,cas,match
V_18,16118-49-3,Carbetamide,AMRQXHFXNZFDCH-SECBINFHSA-N,AMRQXHFXNZFDCH-SECBINFHSA-N,cas,match
V_26,107534-96-3,Tebuconazole,PXMNMQRDXWABCY-UHFFFAOYSA-N,PXMNMQRDXWABCY-UHFFFAOYSA-N,cas,match
V_933,95-16-9,Benzothiazole,IOJUPLGTWVMSFF-UHFFFAOYSA-N,IOJUPLGTWVMSFF-UHFFFAOYSA-N,cas,match
V_1490,34883-41-5,"3,5-Dichloordifenyl (PCB 14)",QHZSDTDMQZPUKC-UHFFFAOYSA-N,QHZSDTDMQZPUKC-UHFFFAOYSA-N,cas,match
V_134,153719-23-4,Thiamethoxam,NWWZPOKUUAIXIW-DHZHZOJOSA-N,NWWZPOKUUAIXIW-DHZHZOJOSA-N,cas,match
V_449,601-88-7,"2,6-Dichloornitrobenzeen",VITSNECNFNNVQB-UHFFFAOYSA-N,VITSNECNFNNVQB-UHFFFAOYSA-N,cas,match
V_399,87-86-5,Pentachloorfenol,IZUPBVBPLAPZRR-UHFFFAOYSA-N,IZUPBVBPLAPZRR-UHFFFAOYSA-N,cas,match
V_342,7439-96-5,Mangaan,PWHULOQIROXLJO-UHFFFAOYSA-N,PWHULOQIROXLJO-UHFFFAOYSA-N,cas,match
V_559,127-18-4,Tetrachlooretheen,CYTYCFOTNPOANT-UHFFFAOYSA-N,CYTYCFOTNPOANT-UHFFFAOYSA-N,cas,match
V_651,14383-50-7,Thiosulfaat,DHCDFWKWKRSZHF-UHFFFAOYSA-L,DHCDFWKWKRSZHF-UHFFFAOYSA-L,cas,match
V_1482,11003-45-5,Chlorofyl c,,IDRSFQQKNDPHRS-WHWHIXRESA-N,cas,resolved_new
V_172,133-06-2,Captan,LDVVMCZRFWMZSG-UHFFFAOYSA-N,LDVVMCZRFWMZSG-UHFFFAOYSA-N,cas,match
V_1367,1763-23-1,Totaal perfluoroctaansulfonzuur (lineair+vertakt),,YFSUTJLHUFNCNZ-UHFFFAOYSA-N,cas,resolved_new
V_537,95-77-2,"3,4-Dichloorfenol",WDNBURPWRNALGP-UHFFFAOYSA-N,WDNBURPWRNALGP-UHFFFAOYSA-N,cas,match
V_1381,79780-39-5,Perfluordodecaansulfonzuur (PFDoDS),CFCRODHVHXGTPC-UHFFFAOYSA-N,CFCRODHVHXGTPC-UHFFFAOYSA-N,cas,match
V_963,375-85-9,Perfluorheptaanzuur (PFHpA),ZWBAMYVPMDSJGQ-UHFFFAOYSA-N,ZWBAMYVPMDSJGQ-UHFFFAOYSA-N,cas,match
V_604,1461-25-2,Tetrabutyltin,AFCAKJKUYFLYFK-UHFFFAOYSA-N,AFCAKJKUYFLYFK-UHFFFAOYSA-N,cas,match
V_1420,405237-85-6,"2,3,3',4,4',5-Hexabroomdifenylether (BDE156)",JSDPCMJWYRDQEV-UHFFFAOYSA-N,JSDPCMJWYRDQEV-UHFFFAOYSA-N,cas,match
V_363,95-47-6,ortho-Xyleen,CTQNGGLPUBDAKN-UHFFFAOYSA-N,CTQNGGLPUBDAKN-UHFFFAOYSA-N,cas,match
V_714,4824-78-6,Bromofos-ethyl,KWGUFOITWDSNQY-UHFFFAOYSA-N,KWGUFOITWDSNQY-UHFFFAOYSA-N,cas,match
V_151,68928-80-3,Heptabroomdifenylether,,NLBLNZDNOSSGPW-UHFFFAOYSA-N,cas,resolved_new
V_475,52888-80-9,Prosulfocarb,NQLVQOSNDJXLKG-UHFFFAOYSA-N,NQLVQOSNDJXLKG-UHFFFAOYSA-N,cas,match
V_558,77-47-4,Hexachloorcyclopentadieen,VUNCWTMEJYMOOR-UHFFFAOYSA-N,VUNCWTMEJYMOOR-UHFFFAOYSA-N,cas,match
V_901,131860-33-8,Azoxystrobin,WFDXOXNFNRHQEC-GHRIWEEISA-N,WFDXOXNFNRHQEC-GHRIWEEISA-N,cas,match
V_293,108-68-9,"3,5-Dimethylfenol",TUAMRELNJMMDMT-UHFFFAOYSA-N,TUAMRELNJMMDMT-UHFFFAOYSA-N,cas,match
V_2015,622-96-8,para-Ethyltolueen,JRLPEMVDPFPYPJ-UHFFFAOYSA-N,JRLPEMVDPFPYPJ-UHFFFAOYSA-N,cas,match
V_2347,59729-33-8,citalopram,WSEQXVZVJXJVFP-UHFFFAOYSA-N,WSEQXVZVJXJVFP-UHFFFAOYSA-N,cas,match
V_658,123-91-1,"1,4-Dioxaan",RYHBNJHYFVUHQT-UHFFFAOYSA-N,RYHBNJHYFVUHQT-UHFFFAOYSA-N,cas,match
V_1424,446255-39-6,"2,2',3,3',4,4',5,6'-Octabroomdifenylether (BDE196)",IEWFKOVTVJNWFF-UHFFFAOYSA-N,IEWFKOVTVJNWFF-UHFFFAOYSA-N,cas,match
V_1270,28657-80-9,Cinoxacine,VDUWPHTZYNWKRN-UHFFFAOYSA-N,VDUWPHTZYNWKRN-UHFFFAOYSA-N,cas,match
V_2320,14567-73-8,Tremoliet,,NPUJHQNGUMWIMV-UHFFFAOYSA-L,cas,resolved_new
V_1522,2754428-18-5,6PPD-Quinone,UBMGKRIXKUIXFQ-UHFFFAOYSA-N,UBMGKRIXKUIXFQ-UHFFFAOYSA-N,cas,match
V_1599,591-76-4,2-Methylhexaan,GXDHCNNESPLIKD-UHFFFAOYSA-N,GXDHCNNESPLIKD-UHFFFAOYSA-N,cas,match
V_678,7726-95-6,Broom,GDTBXPJZTBHREO-UHFFFAOYSA-N,GDTBXPJZTBHREO-UHFFFAOYSA-N,cas,match
V_522,935-95-5,"2,3,5,6-Tetrachloorfenol",KEWNKZNZRIAIAK-UHFFFAOYSA-N,KEWNKZNZRIAIAK-UHFFFAOYSA-N,cas,match
V_1384,6358-64-1,"2,5-Dimethoxy-4-chlooraniline",YGUFQYGSBVXPMC-UHFFFAOYSA-N,YGUFQYGSBVXPMC-UHFFFAOYSA-N,cas,match
V_2186,57-10-3,Hexadecaanzuur,IPCSVZSSVZVIGE-UHFFFAOYSA-N,IPCSVZSSVZVIGE-UHFFFAOYSA-N,cas,match
V_872,1163-19-5,Decabroomdifenylether (BDE209),WHHGLZMJPXIBIX-UHFFFAOYSA-N,WHHGLZMJPXIBIX-UHFFFAOYSA-N,cas,match
V_579,301-12-2,Oxydemeton-methyl,PMCVMORKVPSKHZ-UHFFFAOYSA-N,PMCVMORKVPSKHZ-UHFFFAOYSA-N,cas,match
V_95,15687-27-1,Ibuprofen,HEFNNWSXXWATRW-UHFFFAOYSA-N,HEFNNWSXXWATRW-UHFFFAOYSA-N,cas,match
V_922,69377-81-7,Fluroxypyr,MEFQWPUMEMWTJP-UHFFFAOYSA-N,MEFQWPUMEMWTJP-UHFFFAOYSA-N,cas,match
V_849,13457-18-6,Pyrazofos,JOOMJVFZQRQWKR-UHFFFAOYSA-N,JOOMJVFZQRQWKR-UHFFFAOYSA-N,cas,match
V_1749,644-76-8,Galactosan,TWNIBLMWSKIRAT-FPRJBGLDSA-N,TWNIBLMWSKIRAT-PHYPRBDBSA-N,cas,mismatch
V_396,53-19-0,op'Dichloordifenyldichloorethaan,JWBOIMRXGHLCPP-UHFFFAOYSA-N,JWBOIMRXGHLCPP-UHFFFAOYSA-N,cas,match
V_2359,66841-25-6,Tralomethrin,YWSCPYYRJXKUDB-KAKFPZCNSA-N,YWSCPYYRJXKUDB-KAKFPZCNSA-N,cas,match
V_2048,606-20-2,"2,6‑Dinitrotolueen",XTRDKALNCIHHNI-UHFFFAOYSA-N,XTRDKALNCIHHNI-UHFFFAOYSA-N,cas,match
V_61,631-64-1,Dibroomazijnzuur,SIEILFNCEFEENQ-UHFFFAOYSA-N,SIEILFNCEFEENQ-UHFFFAOYSA-N,cas,match
V_139,137-58-6,Lidocaine,NNJVILVZKWQKPM-UHFFFAOYSA-N,NNJVILVZKWQKPM-UHFFFAOYSA-N,cas,match
V_382,76-44-8,Heptachloor,FRCCEHPWNOQAEU-UHFFFAOYSA-N,FRCCEHPWNOQAEU-UHFFFAOYSA-N,cas,match
V_776,78-88-6,"2,3-Dichloorpropeen",FALCMQXTWHPRIH-UHFFFAOYSA-N,FALCMQXTWHPRIH-UHFFFAOYSA-N,cas,match
V_1547,89-83-8,Thymol,MGSRCZKZVOBKFT-UHFFFAOYSA-N,MGSRCZKZVOBKFT-UHFFFAOYSA-N,cas,match
V_602,74-95-3,Dibroommethaan,FJBFPHVGVWTDIP-UHFFFAOYSA-N,FJBFPHVGVWTDIP-UHFFFAOYSA-N,cas,match
V_1379,958445-44-8,"Ammonium-4,8-dioxa-3H-perfluornonanoaat (ADONA)",PLWXPXSPYCHPTF-UHFFFAOYSA-N,PLWXPXSPYCHPTF-UHFFFAOYSA-N,cas,match
V_536,609-19-8,"3,4,5-Trichloorfenol",GBNHEBQXJVDXSW-UHFFFAOYSA-N,GBNHEBQXJVDXSW-UHFFFAOYSA-N,cas,match
V_525,1746-01-6,"2,3,7,8-Tetrachloordibenzo-para-dioxine",HGUFODBRKLSHSI-UHFFFAOYSA-N,HGUFODBRKLSHSI-UHFFFAOYSA-N,cas,match
V_2316,118-96-7,"2,4,6‑Trinitrotolueen",SPSSULHKWOKEEL-UHFFFAOYSA-N,SPSSULHKWOKEEL-UHFFFAOYSA-N,cas,match
V_518,90-13-1,1-Chloornaftaleen,JTPNRXUCIXHOKM-UHFFFAOYSA-N,JTPNRXUCIXHOKM-UHFFFAOYSA-N,cas,match
V_42,35822-46-9,"1,2,3,4,6,7,8-Heptachloordibenzo-para-dioxine",WCLNVRQZUKYVAI-UHFFFAOYSA-N,WCLNVRQZUKYVAI-UHFFFAOYSA-N,cas,match
V_1080,22916-47-8,Miconazol,BYBLEWFAAKGYCD-UHFFFAOYSA-N,BYBLEWFAAKGYCD-UHFFFAOYSA-N,cas,match
V_800,5915-41-3,Terbutylazine,FZXISNSWEXTPMF-UHFFFAOYSA-N,FZXISNSWEXTPMF-UHFFFAOYSA-N,cas,match
V_1494,74338-24-2,"2,3,3',4-Tetrachloorbifenyl (PCB 55)",ZKGSEEWIVLAUNH-UHFFFAOYSA-N,ZKGSEEWIVLAUNH-UHFFFAOYSA-N,cas,match
V_892,98-01-1,Furfuraldehyde,HYBBIBNJHNGZAN-UHFFFAOYSA-N,HYBBIBNJHNGZAN-UHFFFAOYSA-N,cas,match
V_709,95-48-7,2-Methylfenol,QWVGKYWNOKOFNN-UHFFFAOYSA-N,QWVGKYWNOKOFNN-UHFFFAOYSA-N,cas,match
V_1272,55297-95-5,Thiamuline,UURAUHCOJAIIRQ-QGLSALSOSA-N,UURAUHCOJAIIRQ-QGLSALSOSA-N,cas,match
V_2352,5566-34-7,gamma-Chloordaan,JBZJEPYXXVKOKF-UHFFFAOYSA-N,JBZJEPYXXVKOKF-UHFFFAOYSA-N,cas,match
V_1460,82419-36-1,Ofloxacine,GSDSWSVVBLHKDQ-UHFFFAOYSA-N,GSDSWSVVBLHKDQ-UHFFFAOYSA-N,cas,match
V_935,134-62-3,Diethyltoluamide,MMOXZBCLCQITDF-UHFFFAOYSA-N,MMOXZBCLCQITDF-UHFFFAOYSA-N,cas,match
V_1423,446255-30-7,"2,3,3',4,4',5',6-Heptabroomdifenylether (BDE191)",BNBFKFHSIPERIM-UHFFFAOYSA-N,BNBFKFHSIPERIM-UHFFFAOYSA-N,cas,match
V_141,6493-05-6,Pentoxifylline,BYPFEZZEUUWMEJ-UHFFFAOYSA-N,BYPFEZZEUUWMEJ-UHFFFAOYSA-N,cas,match
V_1452,678-39-7,2-(perfluoroctyl)ethylalcohol,JJUBFBTUBACDHW-UHFFFAOYSA-N,JJUBFBTUBACDHW-UHFFFAOYSA-N,cas,match
V_681,95-87-4,"2,5-Dimethylfenol",NKTOLZVEWDHZMU-UHFFFAOYSA-N,NKTOLZVEWDHZMU-UHFFFAOYSA-N,cas,match
V_733,110-82-7,Cyclohexaan,XDTMQSROBMDMFD-UHFFFAOYSA-N,XDTMQSROBMDMFD-UHFFFAOYSA-N,cas,match
V_184,634-67-3,"2,3,4-Trichlooraniline",RRJUYQOFOMFVQS-UHFFFAOYSA-N,RRJUYQOFOMFVQS-UHFFFAOYSA-N,cas,match
V_2349,12001-28-4,crocidoliet,ULEFFCDROVNTRO-UHFFFAOYSA-N,ULEFFCDROVNTRO-UHFFFAOYSA-N,cas,match
V_1268,38115-21-8,Desacetylcefapirine,IOFHZPVEQXTSQW-BXUZGUMPSA-N,IOFHZPVEQXTSQW-BXUZGUMPSA-N,cas,match
V_738,124-18-5,n-Decaan,DIOQZVSQGTUSAI-UHFFFAOYSA-N,DIOQZVSQGTUSAI-UHFFFAOYSA-N,cas,match
V_530,87-65-0,"2,6-Dichloorfenol",HOLHYSJJBXSLMV-UHFFFAOYSA-N,HOLHYSJJBXSLMV-UHFFFAOYSA-N,cas,match
V_2265,95-53-4,ortho-Toluidine,RNVCVTLRINQCPJ-UHFFFAOYSA-N,RNVCVTLRINQCPJ-UHFFFAOYSA-N,cas,match
V_683,576-26-1,"2,6-Dimethylfenol",NXXYKOUNUYWIHA-UHFFFAOYSA-N,NXXYKOUNUYWIHA-UHFFFAOYSA-N,cas,match
V_586,620-14-4,meta-Ethyltolueen,ZLCSFXXPPANWQY-UHFFFAOYSA-N,ZLCSFXXPPANWQY-UHFFFAOYSA-N,cas,match
V_34,60851-34-5,"2,3,4,6,7,8-Hexachloordibenzofuraan",XTAHLACQOVXINQ-UHFFFAOYSA-N,XTAHLACQOVXINQ-UHFFFAOYSA-N,cas,match
V_470,2163-68-0,2-Hydroxy-atrazine,NFMIMWNQWAWNDW-UHFFFAOYSA-N,NFMIMWNQWAWNDW-UHFFFAOYSA-N,cas,match
V_906,115-96-8,Tris-(2-chloorethyl)-fosfaat,HQUQLFOMPYWACS-UHFFFAOYSA-N,HQUQLFOMPYWACS-UHFFFAOYSA-N,cas,match
V_135,138261-41-3,Imidacloprid,YWTYJOPNNQFBPC-UHFFFAOYSA-N,YWTYJOPNNQFBPC-UHFFFAOYSA-N,cas,match
V_844,6153-56-6,Oxaalzuur,MUBZPKHOEPUJKR-UHFFFAOYSA-N,GEVPUGOOGXGPIO-UHFFFAOYSA-N,cas,mismatch
V_367,108-88-3,Tolueen,YXFVVABEGXRONW-UHFFFAOYSA-N,YXFVVABEGXRONW-UHFFFAOYSA-N,cas,match
V_1504,34454-97-2,N-methylperfluorbutaansulfonamidoethanol (MeFBSE),DSRUAYIFDCHEEV-UHFFFAOYSA-N,DSRUAYIFDCHEEV-UHFFFAOYSA-N,cas,match
V_656,23184-66-9,Butachloor,HKPHPIREJKHECO-UHFFFAOYSA-N,HKPHPIREJKHECO-UHFFFAOYSA-N,cas,match
V_655,34256-82-1,Acetochloor,VTNQPKFIQCLBDU-UHFFFAOYSA-N,VTNQPKFIQCLBDU-UHFFFAOYSA-N,cas,match
V_521,15950-66-0,"2,3,4-Trichloorfenol",HSQFVBWFPBKHEB-UHFFFAOYSA-N,HSQFVBWFPBKHEB-UHFFFAOYSA-N,cas,match
V_625,7704-34-9,Zwavel,NINIDFKCEFEMDL-UHFFFAOYSA-N,NINIDFKCEFEMDL-UHFFFAOYSA-N,cas,match
V_1492,35693-92-6,"2,4,6-Trichloorbifenyl (PCB 30)",MTLMVEWEYZFYTH-UHFFFAOYSA-N,MTLMVEWEYZFYTH-UHFFFAOYSA-N,cas,match
V_110,35065-27-1,"2,2',4,4',5,5'-Hexachloorbifenyl (PCB153)",MVWHGTYKUMDIHL-UHFFFAOYSA-N,MVWHGTYKUMDIHL-UHFFFAOYSA-N,cas,match
V_758,74-84-0,Ethaan,OTMSDBZUPAUEDD-UHFFFAOYSA-N,OTMSDBZUPAUEDD-UHFFFAOYSA-N,cas,match
V_652,71-36-3,1-Butanol,LRHPLDYGYMQRHN-UHFFFAOYSA-N,LRHPLDYGYMQRHN-UHFFFAOYSA-N,cas,match
V_452,106-89-8,Epichloorhydrine,BRLQWZUYTZBJKN-UHFFFAOYSA-N,BRLQWZUYTZBJKN-UHFFFAOYSA-N,cas,match
V_472,10605-21-7,Carbendazim,TWFZGCMQGLPBSX-UHFFFAOYSA-N,TWFZGCMQGLPBSX-UHFFFAOYSA-N,cas,match
V_2169,38260-54-7,Etrimfos,FGIWFCGDPUIBEZ-UHFFFAOYSA-N,FGIWFCGDPUIBEZ-UHFFFAOYSA-N,cas,match
V_539,108-43-0,3-Chloorfenol,HORNXRXVQWOLPJ-UHFFFAOYSA-N,HORNXRXVQWOLPJ-UHFFFAOYSA-N,cas,match
V_2037,52918-63-5,Deltamethrin,OWZREIFADZCYQD-NSHGMRRFSA-N,OWZREIFADZCYQD-NSHGMRRFSA-N,cas,match
V_552,108-90-7,Chloorbenzeen,MVPPADPHJFYWMZ-UHFFFAOYSA-N,MVPPADPHJFYWMZ-UHFFFAOYSA-N,cas,match
V_196,134237-51-7,beta-Hexabroomcyclododecaan,DEIGXXQKDWULML-UFVWWTPHSA-N,DEIGXXQKDWULML-UFVWWTPHSA-N,cas,match
V_977,307-24-4,Perfluorhexaanzuur (PFHxA),PXUULQAPEKKVAH-UHFFFAOYSA-N,PXUULQAPEKKVAH-UHFFFAOYSA-N,cas,match
V_2353,71-41-0,n-Pentanol,AMQJEAYHLZJPGS-UHFFFAOYSA-N,AMQJEAYHLZJPGS-UHFFFAOYSA-N,cas,match
V_1271,8025-81-8,Spiramycine I,ACTOXUHEUCPTEW-CEUOBAOPSA-N,,,unresolved
V_742,624-64-6,trans-2-Buteen,IAQRGUVFOMOMEM-ONEGZZNKSA-N,IAQRGUVFOMOMEM-ONEGZZNKSA-N,cas,match
V_1418,366791-32-4,"3,3',4,4',5-Pentabroomdifenylether (BDE126)",SJNIIWPIAVQNRK-UHFFFAOYSA-N,SJNIIWPIAVQNRK-UHFFFAOYSA-N,cas,match
V_1534,288-88-0,"1H-1,2,4-Triazool",NSPMIYGKQJPBQR-UHFFFAOYSA-N,NSPMIYGKQJPBQR-UHFFFAOYSA-N,cas,match
V_2138,77-73-6,Dicyclopentadieen,HECLRDQVFMWTQS-UHFFFAOYNA-N,HECLRDQVFMWTQS-UHFFFAOYSA-N,cas,mismatch
V_498,62-53-3,Aniline,PAYRUJLWNCNPSJ-UHFFFAOYSA-N,PAYRUJLWNCNPSJ-UHFFFAOYSA-N,cas,match
V_274,608-31-1,"2,6-Dichlooraniline",JDMFXJULNGEPOI-UHFFFAOYSA-N,JDMFXJULNGEPOI-UHFFFAOYSA-N,cas,match
V_1525,120116-88-3,Cyazofamide,YXKMMRDKEKCERS-UHFFFAOYSA-N,YXKMMRDKEKCERS-UHFFFAOYSA-N,cas,match
V_1060,74-82-8,Methaan,VNWKTOKETHGBQD-UHFFFAOYSA-N,VNWKTOKETHGBQD-UHFFFAOYSA-N,cas,match
V_200,5466-77-3,Octinoxaat,YBGZDTIWKVFICR-JLHYYAGUSA-N,YBGZDTIWKVFICR-JLHYYAGUSA-N,cas,match
V_45,7440-70-2,Calcium,OYPRJOBELJOOCE-UHFFFAOYSA-N,OYPRJOBELJOOCE-UHFFFAOYSA-N,cas,match
V_1021,10172-60-8,Benzethonium,SIYLLGKDQZGJHK-UHFFFAOYSA-N,SIYLLGKDQZGJHK-UHFFFAOYSA-N,cas,match
V_2150,108-18-9,Di-isopropylamine,UAOMVDZJSHZZME-UHFFFAOYSA-N,UAOMVDZJSHZZME-UHFFFAOYSA-N,cas,match
V_249,14265-44-2,Orthofosfaat,NBIIXXVUZAFLBC-UHFFFAOYSA-K,NBIIXXVUZAFLBC-UHFFFAOYSA-K,cas,match
V_2119,59729-33-8,Citalopram,WSEQXVZVJXJVFP-UHFFFAOYNA-N,WSEQXVZVJXJVFP-UHFFFAOYSA-N,cas,mismatch
V_839,8065-48-3,Demeton,FAXIJTUDSBIMHY-UHFFFAOYSA-N,FAXIJTUDSBIMHY-UHFFFAOYSA-N,cas,match
V_251,14808-79-8,Sulfaat,QAOWNCQODCNURD-UHFFFAOYSA-L,QAOWNCQODCNURD-UHFFFAOYSA-L,cas,match
V_157,102767-28-2,Levetiracetam,HPHUVLMMVZITSG-ZCFIWIBFSA-N,HPHUVLMMVZITSG-LURJTMIESA-N,cas,mismatch
V_643,7782-41-4,Fluor,PXGOKWXKJXAPGV-UHFFFAOYSA-N,PXGOKWXKJXAPGV-UHFFFAOYSA-N,cas,match
V_385,118-74-1,Hexachloorbenzeen,CKAPSXZOOQJIBF-UHFFFAOYSA-N,CKAPSXZOOQJIBF-UHFFFAOYSA-N,cas,match
V_583,683-18-1,Dibutyltindichloride,RJGHQTVXGKYATR-UHFFFAOYSA-L,RJGHQTVXGKYATR-UHFFFAOYSA-L,cas,match
V_340,7439-97-6,Kwik,QSHDDOUJBYECFT-UHFFFAOYSA-N,QSHDDOUJBYECFT-UHFFFAOYSA-N,cas,match
V_550,127099-33-6,Broomtrichloorethaan,DNYWXJPIRSNXIP-UHFFFAOYSA-N,DNYWXJPIRSNXIP-UHFFFAOYSA-N,cas,match
V_1238,85721-33-1,Ciprofloxacine,MYSWGUAQZAJSOK-UHFFFAOYSA-N,MYSWGUAQZAJSOK-UHFFFAOYSA-N,cas,match
V_171,13684-63-4,Fenmedifam,IDOWTHOLJBTAFI-UHFFFAOYSA-N,IDOWTHOLJBTAFI-UHFFFAOYSA-N,cas,match
V_648,298-00-0,Parathion-methyl,RLBIQVVOMOPOHC-UHFFFAOYSA-N,RLBIQVVOMOPOHC-UHFFFAOYSA-N,cas,match
V_2104,107-92-6,Boterzuur,FERIUCNNQQJTOY-UHFFFAOYSA-N,FERIUCNNQQJTOY-UHFFFAOYSA-N,cas,match
V_166,3347-22-6,Dithianon,PYZSVQVRHDXQSL-UHFFFAOYSA-N,PYZSVQVRHDXQSL-UHFFFAOYSA-N,cas,match
V_347,7440-24-6,Strontium,CIOAGBVUUVVLOB-UHFFFAOYSA-N,CIOAGBVUUVVLOB-UHFFFAOYSA-N,cas,match
V_920,108-10-1,Methylisobutylketon,NTIZESTWPVYFNL-UHFFFAOYSA-N,NTIZESTWPVYFNL-UHFFFAOYSA-N,cas,match
V_2054,110-80-5,2-Ethoxyethanol (Ethylglycol),ZNQVEEAIQZEUHB-UHFFFAOYSA-N,ZNQVEEAIQZEUHB-UHFFFAOYSA-N,cas,match
V_195,134237-50-6,alfa-Hexabroomcyclododecaan,DEIGXXQKDWULML-PQTSNVLCSA-N,DEIGXXQKDWULML-PQTSNVLCSA-N,cas,match
V_1390,86386-73-4,Fluconazol,RFHAOTPXVQNOHP-UHFFFAOYSA-N,RFHAOTPXVQNOHP-UHFFFAOYSA-N,cas,match
V_1391,125225-28-7,Ipconazool,QTYCMDBMOLSEAM-UHFFFAOYSA-N,QTYCMDBMOLSEAM-UHFFFAOYSA-N,cas,match
V_1680,74-86-2,Acetyleen,HSFWRNGVRCDJHI-UHFFFAOYSA-N,HSFWRNGVRCDJHI-UHFFFAOYSA-N,cas,match
V_1542,504-63-2,Trimethyleenglycol,YPFDHNVEDLHUCE-UHFFFAOYSA-N,YPFDHNVEDLHUCE-UHFFFAOYSA-N,cas,match
V_483,90-43-7,2-Fenylfenol,LLEMOWNGBBNAJR-UHFFFAOYSA-N,LLEMOWNGBBNAJR-UHFFFAOYSA-N,cas,match
V_2350,39515-41-8,Fenpropathrin,XQUXKZZNEFRCAW-UHFFFAOYSA-N,XQUXKZZNEFRCAW-UHFFFAOYSA-N,cas,match
V_1983,191-30-0,"Dibenzo(a,l)pyreen",JNTHRSHGARDABO-UHFFFAOYSA-N,JNTHRSHGARDABO-UHFFFAOYSA-N,cas,match
V_1256,70458-96-7,Norfloxacine,OGJPXUAPXNRGGI-UHFFFAOYSA-N,OGJPXUAPXNRGGI-UHFFFAOYSA-N,cas,match
V_1714,26266-69-3,Dimethylhexeen,DJDLBMVKJOTHRT-AUNBPGBOSA-N,,,unresolved
V_39,39227-28-6,"1,2,3,4,7,8-Hexachloordibenzo-para-dioxine",WCYYQNSQJHPVMG-UHFFFAOYSA-N,WCYYQNSQJHPVMG-UHFFFAOYSA-N,cas,match
V_1056,2551-62-4,Zwavelhexafluoride,SFZCNBIFKDRMGX-UHFFFAOYSA-N,SFZCNBIFKDRMGX-UHFFFAOYSA-N,cas,match
V_343,7439-98-7,Molybdeen,ZOKXTWBITQBERF-UHFFFAOYSA-N,ZOKXTWBITQBERF-UHFFFAOYSA-N,cas,match
V_394,7085-19-0,Mecoprop,WNTGYJSOUMFZEP-UHFFFAOYSA-N,WNTGYJSOUMFZEP-UHFFFAOYSA-N,cas,match
V_925,105-60-2,Caprolactam,JBKVHLHDHHXQEQ-UHFFFAOYSA-N,JBKVHLHDHHXQEQ-UHFFFAOYSA-N,cas,match
V_790,1002-53-5,Dibutyltin,AYOHIQLKSOJJQH-UHFFFAOYSA-N,WCRDXYSYPCEIAK-UHFFFAOYSA-N,cas,mismatch
V_118,50-32-8,Benzo(a)pyreen,FMMWHPNWAFZXNH-UHFFFAOYSA-N,FMMWHPNWAFZXNH-UHFFFAOYSA-N,cas,match
V_2126,471-34-1,Calciumcarbonaat,VTYYLEPIZMXCLO-UHFFFAOYSA-L,VTYYLEPIZMXCLO-UHFFFAOYSA-L,cas,match
V_1685,630-08-0,Koolstofmonoxide,UGFAIRIUMAVXCW-UHFFFAOYSA-N,UGFAIRIUMAVXCW-UHFFFAOYSA-N,cas,match
V_2040,3380-34-5,Triclosan,XEFQLINVKFYRCS-UHFFFAOYSA-N,XEFQLINVKFYRCS-UHFFFAOYSA-N,cas,match
V_2339,12172-73-5,amosiet,XYCWOLUUHSNDRX-UHFFFAOYSA-L,XYCWOLUUHSNDRX-UHFFFAOYSA-L,cas,match
V_869,68631-49-2,"2,2',4,4',5,5'-Hexabroomdifenylether (BDE153)",RZXIRSKYBISPGF-UHFFFAOYSA-N,RZXIRSKYBISPGF-UHFFFAOYSA-N,cas,match
V_100,443-48-1,Metronidazol,VAOCPAMSLUNLGC-UHFFFAOYSA-N,VAOCPAMSLUNLGC-UHFFFAOYSA-N,cas,match
V_1580,107-00-6,1-Butyn,KDKYADYSIPSCCQ-UHFFFAOYSA-N,KDKYADYSIPSCCQ-UHFFFAOYSA-N,cas,match
V_828,107-64-2,Distearyldimethylammoniumchloride,REZZEXDLIUJMMS-UHFFFAOYSA-M,REZZEXDLIUJMMS-UHFFFAOYSA-M,cas,match
V_1279,62893-19-0,Cefobid,GCFBRXLSHGKWDP-XCGNWRKASA-N,GCFBRXLSHGKWDP-XCGNWRKASA-N,cas,match
V_986,637-92-3,Ethyl-tert-butylether,NUMQCACRALPSHD-UHFFFAOYSA-N,NUMQCACRALPSHD-UHFFFAOYSA-N,cas,match
V_1545,112-27-6,Triethyleenglycol,ZIBGPFATKBEMQZ-UHFFFAOYSA-N,ZIBGPFATKBEMQZ-UHFFFAOYSA-N,cas,match
V_578,1113-02-6,Omethoaat,PZXOQEXFMJCDPG-UHFFFAOYSA-N,PZXOQEXFMJCDPG-UHFFFAOYSA-N,cas,match
V_345,7782-49-2,Seleen,BUGBHKTXTAQXES-UHFFFAOYSA-N,BUGBHKTXTAQXES-UHFFFAOYSA-N,cas,match
V_494,867-27-6,Demeton-O-methyl,ZVZQKNVMDKSGGF-UHFFFAOYSA-N,ZVZQKNVMDKSGGF-UHFFFAOYSA-N,cas,match
V_224,25103-58-6,Tertiair DoDecyl Mercaptaan,YAJYJWXEWKRTPO-UHFFFAOYSA-N,,,unresolved
V_286,605-45-8,Di-isopropylftalaat,QWDBCIAVABMJPP-UHFFFAOYSA-N,QWDBCIAVABMJPP-UHFFFAOYSA-N,cas,match
V_642,92-52-4,Difenyl,ZUOUZKKEUPVFJK-UHFFFAOYSA-N,ZUOUZKKEUPVFJK-UHFFFAOYSA-N,cas,match
V_236,12002-48-1,Trichloorbenzenen,,RELMFMZEBKVZJC-UHFFFAOYSA-N,cas,resolved_new
V_673,108-39-4,3-Methylfenol,RLSSMJSEOOYNOY-UHFFFAOYSA-N,RLSSMJSEOOYNOY-UHFFFAOYSA-N,cas,match
V_1826,124-19-6,Nonanaldehyde,GYHFUZHODSMOHU-UHFFFAOYSA-N,GYHFUZHODSMOHU-UHFFFAOYSA-N,cas,match
V_871,207122-16-5,"2,2',3,4,4',5',6-Heptabroomdifenylether (BDE183)",ILPSCQCLBHQUEM-UHFFFAOYSA-N,ILPSCQCLBHQUEM-UHFFFAOYSA-N,cas,match
V_1264,74011-58-8,Enoxacine,IDYZIJYBMGIQMJ-UHFFFAOYSA-N,IDYZIJYBMGIQMJ-UHFFFAOYSA-N,cas,match
V_257,14808-60-7,Silicaat,VYPSYNLAJGMNEJ-UHFFFAOYSA-N,VYPSYNLAJGMNEJ-UHFFFAOYSA-N,cas,match
V_404,78-40-0,Triethylfosfaat,DQWPFSLDHJDLRL-UHFFFAOYSA-N,DQWPFSLDHJDLRL-UHFFFAOYSA-N,cas,match
V_737,111-84-2,n-Nonaan,BKIMMITUMNQMOS-UHFFFAOYSA-N,BKIMMITUMNQMOS-UHFFFAOYSA-N,cas,match
V_1499,108-94-1,Cyclohexanon,JHIVVAPYMSGYDF-UHFFFAOYSA-N,JHIVVAPYMSGYDF-UHFFFAOYSA-N,cas,match
V_80,38380-08-4,"2,3,3',4,4',5-Hexachloorbifenyl (PCB156)",LCXMEXLGMKFLQO-UHFFFAOYSA-N,LCXMEXLGMKFLQO-UHFFFAOYSA-N,cas,match
V_689,67-56-1,Methanol,OKKJLVBELUTLKV-UHFFFAOYSA-N,OKKJLVBELUTLKV-UHFFFAOYSA-N,cas,match
V_1544,111-46-6,Diethyleenglycol,MTHSVFCYNBDYFN-UHFFFAOYSA-N,MTHSVFCYNBDYFN-UHFFFAOYSA-N,cas,match
V_1212,108-78-1,"1,3,5-triazine-2,4,6-triamine",JDSHMPZPIAZGSV-UHFFFAOYSA-N,JDSHMPZPIAZGSV-UHFFFAOYSA-N,cas,match
V_835,71-55-6,Trichloorethaan,,UOCLXMDMGBRAIB-UHFFFAOYSA-N,cas,resolved_new
V_696,2032-59-9,Aminocarb,IMIDOCRTMDIQIJ-UHFFFAOYSA-N,IMIDOCRTMDIQIJ-UHFFFAOYSA-N,cas,match
V_337,7439-89-6,Ijzer,XEEYBQQBJWHFJM-UHFFFAOYSA-N,XEEYBQQBJWHFJM-UHFFFAOYSA-N,cas,match
V_1406,41997-13-1,Perfluorhexaansulfonamide (PFHxSA),WDZLGCSJJWEQJO-UHFFFAOYSA-N,WDZLGCSJJWEQJO-UHFFFAOYSA-N,cas,match
V_2046,107-87-9,2-Pentanon,XNLICIUVMPYHGG-UHFFFAOYSA-N,XNLICIUVMPYHGG-UHFFFAOYSA-N,cas,match
V_79,74472-37-0,"2,3,4,4',5-Pentachloorbifenyl (PCB114)",SXZSFWHOSHAKMN-UHFFFAOYSA-N,SXZSFWHOSHAKMN-UHFFFAOYSA-N,cas,match
V_2358,57-50-1,sucrose,CZMRCDWAGMRECN-UGDNZRGBSA-N,CZMRCDWAGMRECN-UGDNZRGBSA-N,cas,match
V_1488,2051-60-7,2-Chloorbifenyl (PCB 1),LAXBNTIAOJWAOP-UHFFFAOYSA-N,LAXBNTIAOJWAOP-UHFFFAOYSA-N,cas,match
V_554,74-87-3,Chloormethaan,NEHMKBQYUWJMIP-UHFFFAOYSA-N,NEHMKBQYUWJMIP-UHFFFAOYSA-N,cas,match
V_1530,65195-55-3,Abamectine B1a,RRZXIRBKKLTSOM-XPNPUAGNSA-N,RRZXIRBKKLTSOM-XPNPUAGNSA-N,cas,match
V_1354,2706-91-4,Perfluorpentaansulfonzuur (PFPeS),ACEKLXZRZOWKRY-UHFFFAOYSA-N,ACEKLXZRZOWKRY-UHFFFAOYSA-N,cas,match
V_724,1689-83-4,Ioxynil,NRXQIUSYPAHGNM-UHFFFAOYSA-N,NRXQIUSYPAHGNM-UHFFFAOYSA-N,cas,match
V_198,83905-01-5,Azithromycine,MQTOSJVFKKJCRP-BICOPXKESA-N,MQTOSJVFKKJCRP-BICOPXKESA-N,cas,match
V_468,192-97-2,Benzo(e)pyreen,TXVHTIQJNYSSKO-UHFFFAOYSA-N,TXVHTIQJNYSSKO-UHFFFAOYSA-N,cas,match
V_143,60142-96-3,Gabapentine,UGJMXCAKCUNAIE-UHFFFAOYSA-N,UGJMXCAKCUNAIE-UHFFFAOYSA-N,cas,match
V_1088,37853-59-1,Bis(Tribroomfenoxy)-ethaan,YATIGPZCMOYEGE-UHFFFAOYSA-N,YATIGPZCMOYEGE-UHFFFAOYSA-N,cas,match
V_784,94-82-6,"2,4-Dichloorfenoxybutaanzuur",YIVXMZJTEQBPQO-UHFFFAOYSA-N,YIVXMZJTEQBPQO-UHFFFAOYSA-N,cas,match
V_740,115-07-1,Propeen,QQONPFPTGQHPMA-UHFFFAOYSA-N,QQONPFPTGQHPMA-UHFFFAOYSA-N,cas,match
V_183,97-88-1,n-Butylmetacrylaat,SOGAXMICEFXMKE-UHFFFAOYSA-N,SOGAXMICEFXMKE-UHFFFAOYSA-N,cas,match
V_401,72-54-8,pp'Dichloordifenyldichloorethaan,AHJKRLASYNVKDZ-UHFFFAOYSA-N,AHJKRLASYNVKDZ-UHFFFAOYSA-N,cas,match
V_278,108-42-9,3-Chlooraniline,PNPCRKVUWYDDST-UHFFFAOYSA-N,PNPCRKVUWYDDST-UHFFFAOYSA-N,cas,match
V_2047,121-14-2,"2,4-Dinitrotolueen",RMBFBMJGBANMMK-UHFFFAOYSA-N,RMBFBMJGBANMMK-UHFFFAOYSA-N,cas,match
V_768,15972-60-8,Alachloor,XCSGPAVHZFQHGE-UHFFFAOYSA-N,XCSGPAVHZFQHGE-UHFFFAOYSA-N,cas,match
V_1073,31430-15-6,Flubendazol,CPEUVMUXAHMANV-UHFFFAOYSA-N,CPEUVMUXAHMANV-UHFFFAOYSA-N,cas,match
V_570,86-50-0,Azinfos-methyl,CJJOSEISRRTUQB-UHFFFAOYSA-N,CJJOSEISRRTUQB-UHFFFAOYSA-N,cas,match
V_322,14127-61-8,"Calcium, tweewaardig",BHPQYMZQTOCNFJ-UHFFFAOYSA-N,BHPQYMZQTOCNFJ-UHFFFAOYSA-N,cas,match
V_411,6190-65-4,Desethylatrazine,DFWFIQKMSFGDCQ-UHFFFAOYSA-N,DFWFIQKMSFGDCQ-UHFFFAOYSA-N,cas,match
V_548,75-27-4,Broomdichloormethaan,FMWLUWPQPKEARP-UHFFFAOYSA-N,FMWLUWPQPKEARP-UHFFFAOYSA-N,cas,match
V_476,919-86-8,Demeton-S-methyl,WEBQKRLKWNIYKK-UHFFFAOYSA-N,WEBQKRLKWNIYKK-UHFFFAOYSA-N,cas,match
V_1493,62796-65-0,"2,2',4,6-Tetrachloorbifenyl (PCB 50)",VLLVVZDKBSYMCG-UHFFFAOYSA-N,VLLVVZDKBSYMCG-UHFFFAOYSA-N,cas,match
V_1389,23593-75-1,Clotrimazol,VNFPBHJOKIVQEB-UHFFFAOYSA-N,VNFPBHJOKIVQEB-UHFFFAOYSA-N,cas,match
V_1814,10102-43-9,Stikstofmonoxide,ODUCDPQEXGNKDN-UHFFFAOYSA-N,MWUXSHHQAYIFBG-UHFFFAOYSA-N,cas,mismatch
V_212,15307-79-6,"Diclofenac, natrium",KPHWPUGNDIVLNH-UHFFFAOYSA-M,KPHWPUGNDIVLNH-UHFFFAOYSA-M,cas,match
V_324,22537-22-0,"Magnesium, tweewaardig",JLVVSXFLKOJNIY-UHFFFAOYSA-N,JLVVSXFLKOJNIY-UHFFFAOYSA-N,cas,match
V_587,99-87-6,para-Isopropyltolueen,HFPZCAJZSCWRBC-UHFFFAOYSA-N,HFPZCAJZSCWRBC-UHFFFAOYSA-N,cas,match
V_164,1897-45-6,Chlorothalonil,CRQQGFGUEAVUIL-UHFFFAOYSA-N,CRQQGFGUEAVUIL-UHFFFAOYSA-N,cas,match
V_163,137-26-8,Thiram,KUAZQDVKQLNFPE-UHFFFAOYSA-N,KUAZQDVKQLNFPE-UHFFFAOYSA-N,cas,match
V_2354,118399-22-7,nodularin,IXBQSRWSVIBXNC-ANPQUZCZSA-N,IXBQSRWSVIBXNC-HSKGSTCASA-N,cas,mismatch
V_1251,79-57-2,Oxytetracycline,OWFJMIVZYSDULZ-PXOLEDIWSA-N,OWFJMIVZYSDULZ-PXOLEDIWSA-N,cas,match
V_796,668-34-8,Trifenyltin,XBRCDWHXULVEFB-UHFFFAOYSA-N,XBRCDWHXULVEFB-UHFFFAOYSA-N,cas,match
V_718,470-90-6,Chloorfenvinfos,FSAVDKDHPDSCTO-UHFFFAOYSA-N,FSAVDKDHPDSCTO-UHFFFAOYSA-N,cas,match
V_1352,67905-19-5,Perfluorhexadecaanzuur (PFHxDA),OJMBMWRMTMHMSZ-UHFFFAOYSA-N,OJMBMWRMTMHMSZ-UHFFFAOYSA-N,cas,match
V_898,53-16-7,Oestron,DNXHEGUUPJUMQT-CBZIJGRNSA-N,DNXHEGUUPJUMQT-CBZIJGRNSA-N,cas,match
V_741,106-98-9,1-Buteen,VXNZUUAINFGPBY-UHFFFAOYSA-N,VXNZUUAINFGPBY-UHFFFAOYSA-N,cas,match
V_495,12795-06-1,Formaldehyde,WSFSSNUMVMOOMR-UHFFFAOYSA-N,WSFSSNUMVMOOMR-UHFFFAOYSA-N,cas,match
V_817,25136-55-4,Dimethyldioxaan,AWBIJARKDOFDAN-UHFFFAOYSA-N,AWBIJARKDOFDAN-UHFFFAOYSA-N,cas,match
V_1489,33146-45-1,"2,6-Dichloordifenyl (PCB 10)",IYZWUWBAFUBNCH-UHFFFAOYSA-N,IYZWUWBAFUBNCH-UHFFFAOYSA-N,cas,match
V_443,98-87-3,alfa-alfa-Dichloortolueen,CAHQGWAXKLQREW-UHFFFAOYSA-N,CAHQGWAXKLQREW-UHFFFAOYSA-N,cas,match
V_471,63-25-2,Carbaryl,CVXBEEMKQHEXEN-UHFFFAOYSA-N,CVXBEEMKQHEXEN-UHFFFAOYSA-N,cas,match
V_691,108-95-2,Fenol,ISWSIDIOOBJBQZ-UHFFFAOYSA-N,ISWSIDIOOBJBQZ-UHFFFAOYSA-N,cas,match
V_900,150-68-5,Monuron,BMLIZLVNXIYGCK-UHFFFAOYSA-N,BMLIZLVNXIYGCK-UHFFFAOYSA-N,cas,match
V_1462,141-83-3,Guanylureum,SQSPRWMERUQXNE-UHFFFAOYSA-N,SQSPRWMERUQXNE-UHFFFAOYSA-N,cas,match
V_782,1066-51-9,Aminomethylfosfonzuur,MGRVRXRGTBOSHW-UHFFFAOYSA-N,MGRVRXRGTBOSHW-UHFFFAOYSA-N,cas,match
V_1078,60207-90-1,Propiconazol,STJLVHWMYQXCPB-UHFFFAOYSA-N,STJLVHWMYQXCPB-UHFFFAOYSA-N,cas,match
V_1485,302-01-2,Hydrazine,OAKJQQAXSVQMHS-UHFFFAOYSA-N,OAKJQQAXSVQMHS-UHFFFAOYSA-N,cas,match
V_384,28044-83-9,trans-Heptachloorepoxyde,ZXFXBSWRVIQKOD-WOBUKFROSA-N,ZXFXBSWRVIQKOD-WOBUKFROSA-N,cas,match
V_1483,107-04-0,Broomchloorethaan,IBYHHJPAARCAIE-UHFFFAOYSA-N,IBYHHJPAARCAIE-UHFFFAOYSA-N,cas,match
V_1520,118-60-5,2-Ethylhexylsalicylaat,FMRHJJZUHUTGKE-UHFFFAOYSA-N,FMRHJJZUHUTGKE-UHFFFAOYSA-N,cas,match
V_37,39001-02-0,Octachloordibenzofuraan,RHIROFAGUQOFLU-UHFFFAOYSA-N,RHIROFAGUQOFLU-UHFFFAOYSA-N,cas,match
V_492,80-46-6,4-tert-Pentylfenol,NRZWYNLTFLDQQX-UHFFFAOYSA-N,NRZWYNLTFLDQQX-UHFFFAOYSA-N,cas,match
V_244,71-52-3,Bicarbonaat,BVKZGUZCCUSVTD-UHFFFAOYSA-M,BVKZGUZCCUSVTD-UHFFFAOYSA-M,cas,match
V_981,307-55-1,Perfluordodecaanzuur (PFDoDA),CXGONMQFMIYUJR-UHFFFAOYSA-N,CXGONMQFMIYUJR-UHFFFAOYSA-N,cas,match
V_1919,7446-09-5,Zwaveldioxide,RAHZWNYVWXNFOC-UHFFFAOYSA-N,RAHZWNYVWXNFOC-UHFFFAOYSA-N,cas,match
V_944,120-75-2,Methylbenzothiazole,DXYYSGDWQCSKKO-UHFFFAOYSA-N,DXYYSGDWQCSKKO-UHFFFAOYSA-N,cas,match
V_620,302-04-5,Thiocyanaat,ZMZDMBWJUHKJPS-UHFFFAOYSA-M,ZMZDMBWJUHKJPS-UHFFFAOYSA-M,cas,match
V_31,70648-26-9,"1,2,3,4,7,8-Hexachloordibenzofuraan",LVYBAQIVPKCOEE-UHFFFAOYSA-N,LVYBAQIVPKCOEE-UHFFFAOYSA-N,cas,match
V_481,88-04-0,"4-Chloor-3,5-dimethylfenol",OSDLLIBGSJNGJE-UHFFFAOYSA-N,OSDLLIBGSJNGJE-UHFFFAOYSA-N,cas,match
V_346,7440-21-3,Silicium,XUIMIQQOPSSXEZ-UHFFFAOYSA-N,XUIMIQQOPSSXEZ-UHFFFAOYSA-N,cas,match
V_62,3252-43-5,Dibroomacetonitrile,NDSBDLSWTGLNQA-UHFFFAOYSA-N,NDSBDLSWTGLNQA-UHFFFAOYSA-N,cas,match
V_1988,115-11-7,Isobuteen,VQTUBCCKSQIDNK-UHFFFAOYSA-N,VQTUBCCKSQIDNK-UHFFFAOYSA-N,cas,match
V_1273,102-65-8,Sulfaclozine,QKLPUVXBJHRFQZ-UHFFFAOYSA-N,QKLPUVXBJHRFQZ-UHFFFAOYSA-N,cas,match
V_816,58-08-2,Caffeïne,RYYVLZVUVIJVGH-UHFFFAOYSA-N,RYYVLZVUVIJVGH-UHFFFAOYSA-N,cas,match
V_2300,75-96-7,tribroomazijnzuur,QIONYIKHPASLHO-UHFFFAOYSA-N,QIONYIKHPASLHO-UHFFFAOYSA-N,cas,match
V_2035,119-64-2,Tetraline,CXWXQJXEFPUFDZ-UHFFFAOYSA-N,CXWXQJXEFPUFDZ-UHFFFAOYSA-N,cas,match
V_414,34123-59-6,Isoproturon,PUIYMUZLKQOUOZ-UHFFFAOYSA-N,PUIYMUZLKQOUOZ-UHFFFAOYSA-N,cas,match
V_1403,30334-69-1,Perfluorbutaansulfonamide (PFBSA),FUVKFLJWBHVMHX-UHFFFAOYSA-N,FUVKFLJWBHVMHX-UHFFFAOYSA-N,cas,match
V_22,314-40-9,Bromacil,CTSLUCNDVMMDHG-UHFFFAOYSA-N,CTSLUCNDVMMDHG-UHFFFAOYSA-N,cas,match
V_1582,5522-43-0,1-Nitropyreen,ALRLPDGCPYIVHP-UHFFFAOYSA-N,ALRLPDGCPYIVHP-UHFFFAOYSA-N,cas,match
V_1451,647-42-7,2-(perfluorhexyl)ethylalcohol,GRJRKPMIRMSBNK-UHFFFAOYSA-N,GRJRKPMIRMSBNK-UHFFFAOYSA-N,cas,match
V_2355,10606-46-9,"o,p' Dicofol",LUXSISXJGNCOKN-UHFFFAOYSA-N,LUXSISXJGNCOKN-UHFFFAOYSA-N,cas,match
V_503,95-50-1,"1,2-Dichloorbenzeen",RFFLAFLAYFXFSW-UHFFFAOYSA-N,RFFLAFLAYFXFSW-UHFFFAOYSA-N,cas,match
V_58,112-40-3,Dodecaan,SNRUBQQJIBEYMU-UHFFFAOYSA-N,SNRUBQQJIBEYMU-UHFFFAOYSA-N,cas,match
V_2067,75-05-8,Acetonitril,WEVYAHXRMPXWCK-UHFFFAOYSA-N,WEVYAHXRMPXWCK-UHFFFAOYSA-N,cas,match
V_1081,84625-61-6,Itraconazol,VHVPQPYKVGDNFY-ZPGVKDDISA-N,VHVPQPYKVGDNFY-ZPGVKDDISA-N,cas,match
V_734,142-82-5,n-Heptaan,IMNFDUFMRHMDMM-UHFFFAOYSA-N,IMNFDUFMRHMDMM-UHFFFAOYSA-N,cas,match
V_2153,68-12-2,Dimethylformamide,ZMXDDKWLCZADIW-UHFFFAOYSA-N,ZMXDDKWLCZADIW-UHFFFAOYSA-N,cas,match
V_1509,105-59-9,Methyldiethanolamine,CRVGTESFCCXCTH-UHFFFAOYSA-N,CRVGTESFCCXCTH-UHFFFAOYSA-N,cas,match
V_227,557-05-1,Zink ovv. Zinkstearaat,,XOOUIPVCVHRTMJ-UHFFFAOYSA-L,cas,resolved_new
V_2116,142-62-1,Capronzuur,FUZZWVXGSFPDMH-UHFFFAOYSA-N,FUZZWVXGSFPDMH-UHFFFAOYSA-N,cas,match
V_254,14265-45-3,Sulfiet,LSNNMFCWUKXFEE-UHFFFAOYSA-L,LSNNMFCWUKXFEE-UHFFFAOYSA-L,cas,match
V_608,76-87-9,Trifenyltinhydroxide,BFWMWWXRWVJXSE-UHFFFAOYSA-M,BFWMWWXRWVJXSE-UHFFFAOYSA-M,cas,match
V_931,52434-90-9,Tris(dibroompropyl)isocyanuraat,NZUPFZNVGSWLQC-UHFFFAOYSA-N,NZUPFZNVGSWLQC-UHFFFAOYSA-N,cas,match
V_1533,288-88-0,"1,2,4-Triazool",,NSPMIYGKQJPBQR-UHFFFAOYSA-N,cas,resolved_new
V_2310,102-71-6,Triethanolamine,GSEJCLTVZPLZKY-UHFFFAOYSA-N,GSEJCLTVZPLZKY-UHFFFAOYSA-N,cas,match
V_1502,188425-85-6,Boscalid,WYEMLYFITZORAB-UHFFFAOYSA-N,WYEMLYFITZORAB-UHFFFAOYSA-N,cas,match
V_445,121-86-8,2-Chloor-4-nitrotolueen,LLYXJBROWQDVMI-UHFFFAOYSA-N,LLYXJBROWQDVMI-UHFFFAOYSA-N,cas,match
V_1086,32534-81-9,Pentabroomdifenylether,,,,unresolved
V_850,115-86-6,Trifenylfosfaat,XZZNDPSIHUTMOC-UHFFFAOYSA-N,XZZNDPSIHUTMOC-UHFFFAOYSA-N,cas,match
V_435,75-34-3,"1,1-Dichloorethaan",SCYULBFZEHDVBN-UHFFFAOYSA-N,SCYULBFZEHDVBN-UHFFFAOYSA-N,cas,match
V_716,2921-88-2,Chloorpyrifos-ethyl,SBPBAQFWLVIOKP-UHFFFAOYSA-N,SBPBAQFWLVIOKP-UHFFFAOYSA-N,cas,match
V_523,933-78-8,"2,3,5-Trichloorfenol",WWGQHTJIFOQAOC-UHFFFAOYSA-N,WWGQHTJIFOQAOC-UHFFFAOYSA-N,cas,match
V_387,319-84-6,alfa-Hexachloorcyclohexaan,JLYXXMFPNIAWKQ-SHFUYGGZSA-N,JLYXXMFPNIAWKQ-UHFFFAOYSA-N,cas,mismatch
V_801,139-40-2,Propazine,WJNRPILHGGKWCK-UHFFFAOYSA-N,WJNRPILHGGKWCK-UHFFFAOYSA-N,cas,match
V_436,75-35-4,"1,1-Dichlooretheen",LGXVIGDEPROXKC-UHFFFAOYSA-N,LGXVIGDEPROXKC-UHFFFAOYSA-N,cas,match
V_540,107-05-1,3-Chloorpropeen,OSDWBNJEKMUWAV-UHFFFAOYSA-N,OSDWBNJEKMUWAV-UHFFFAOYSA-N,cas,match
V_688,22569-71-7,Fosfide,FZTWZIMSKAGPSB-UHFFFAOYSA-N,FZTWZIMSKAGPSB-UHFFFAOYSA-N,cas,match
V_1461,657-24-9,Methformine,XZWYZXLIPXDOLR-UHFFFAOYSA-N,XZWYZXLIPXDOLR-UHFFFAOYSA-N,cas,match
V_885,143-50-0,Chloordecon,LHHGDZSESBACKH-UHFFFAOYSA-N,LHHGDZSESBACKH-UHFFFAOYSA-N,cas,match
V_108,31508-00-6,"2,3',4,4',5-Pentachloorbifenyl (PCB118)",IUTPYMGCWINGEY-UHFFFAOYSA-N,IUTPYMGCWINGEY-UHFFFAOYSA-N,cas,match
V_613,16606-02-3,"2,4',5-Trichloorbifenyl (PCB31)",VAHKBZSAUKPEOV-UHFFFAOYSA-N,VAHKBZSAUKPEOV-UHFFFAOYSA-N,cas,match
V_948,66246-88-6,Penconazole,WKBPZYKAUNRMKP-UHFFFAOYSA-N,WKBPZYKAUNRMKP-UHFFFAOYSA-N,cas,match
V_2201,78-59-1,Isoforon,HJOVHMDZYOCNQW-UHFFFAOYSA-N,HJOVHMDZYOCNQW-UHFFFAOYSA-N,cas,match
V_534,95-57-8,2-Chloorfenol,ISPYQTSUDJAMAB-UHFFFAOYSA-N,ISPYQTSUDJAMAB-UHFFFAOYSA-N,cas,match
V_2290,91-22-5,Quinoline,SMWDFEZZVXVKRB-UHFFFAOYSA-N,SMWDFEZZVXVKRB-UHFFFAOYSA-N,cas,match
V_711,123-07-9,4-Ethylfenol,HXDOZKJGKXYMEW-UHFFFAOYSA-N,HXDOZKJGKXYMEW-UHFFFAOYSA-N,cas,match
V_107,37680-73-2,"2,2',4,5,5'-Pentachloorbifenyl (PCB101)",LAHWLEDBADHJGA-UHFFFAOYSA-N,LAHWLEDBADHJGA-UHFFFAOYSA-N,cas,match
V_447,3209-22-1,"2,3-Dichloornitrobenzeen",CMVQZRLQEOAYSW-UHFFFAOYSA-N,CMVQZRLQEOAYSW-UHFFFAOYSA-N,cas,match
V_272,554-00-7,"2,4-Dichlooraniline",KQCMTOWTPBNWDB-UHFFFAOYSA-N,KQCMTOWTPBNWDB-UHFFFAOYSA-N,cas,match
V_669,7440-74-6,Indium,APFVFJFRJDLVQX-UHFFFAOYSA-N,APFVFJFRJDLVQX-UHFFFAOYSA-N,cas,match
V_2340,71675-85-9,amisulpride,NTJOBXMMWNYJFB-UHFFFAOYSA-N,NTJOBXMMWNYJFB-UHFFFAOYSA-N,cas,match
V_1030,3282-73-3,Didodecyldimethylammonium,QQJDHWMADUVRDL-UHFFFAOYSA-N,XRWMGCFJVKDVMD-UHFFFAOYSA-M,cas,mismatch
V_1429,189084-62-6,"2,3',4',6-Tetrabroomdifenylether (BDE71)",COPAGYRSCJVION-UHFFFAOYSA-N,COPAGYRSCJVION-UHFFFAOYSA-N,cas,match
V_526,576-24-9,"2,3-Dichloorfenol",UMPSXRYVXUPCOS-UHFFFAOYSA-N,UMPSXRYVXUPCOS-UHFFFAOYSA-N,cas,match
V_92,439-14-5,Diazepam,AAOVKJBEBIDNHE-UHFFFAOYSA-N,AAOVKJBEBIDNHE-UHFFFAOYSA-N,cas,match
V_480,98-28-2,2-Chloor-4-tert-butylfenol,PRLINSMUYJWPBL-UHFFFAOYSA-N,PRLINSMUYJWPBL-UHFFFAOYSA-N,cas,match
V_372,709-98-8,Propanil,LFULEKSKNZEWOE-UHFFFAOYSA-N,LFULEKSKNZEWOE-UHFFFAOYSA-N,cas,match
V_1281,158039-15-7,Desfuroylceftiofur cysteïne disulfide,JOKBPDNPVWSNNL-YOFCFWCLSA-N,JOKBPDNPVWSNNL-YOFCFWCLSA-N,cas,match
V_827,61789-80-8,Di(hydrogenated tallow)dimethylammoniumchloride,,,,unresolved
V_1479,108-93-0,Cyclohexanol,HPXRVTGHNJAIIH-UHFFFAOYSA-N,HPXRVTGHNJAIIH-UHFFFAOYSA-N,cas,match
V_670,7440-33-7,Wolfraam,WFKWXMTUELFFGS-UHFFFAOYSA-N,WFKWXMTUELFFGS-UHFFFAOYSA-N,cas,match
V_1015,25322-68-3,Polyethyleenglycol,,,,unresolved
V_1079,65277-42-1,Ketoconazol,XMAYWYJOQHXEEK-ZEQKJWHPSA-N,XMAYWYJOQHXEEK-ZEQKJWHPSA-N,cas,match
V_29,57117-41-6,"1,2,3,7,8-Pentachloordibenzofuraan",SBMIVUVRFPGOEB-UHFFFAOYSA-N,SBMIVUVRFPGOEB-UHFFFAOYSA-N,cas,match
V_969,27157-66-0,Decylfenol,FDIPWBUDOCPIMH-UHFFFAOYSA-N,FDIPWBUDOCPIMH-UHFFFAOYSA-N,cas,match
V_731,96-37-7,Methylcyclopentaan,GDOPTJXRTPNYNR-UHFFFAOYSA-N,GDOPTJXRTPNYNR-UHFFFAOYSA-N,cas,match
V_897,50-27-1,Oestriol,PROQIPRRNZUXQM-ZXXIGWHRSA-N,PROQIPRRNZUXQM-ZXXIGWHRSA-N,cas,match
V_131,634-93-5,"2,4,6-Trichlooraniline",NATVSFWWYVJTAZ-UHFFFAOYSA-N,NATVSFWWYVJTAZ-UHFFFAOYSA-N,cas,match
V_723,1918-00-9,Dicamba,IWEDIXLBFLAXBO-UHFFFAOYSA-N,IWEDIXLBFLAXBO-UHFFFAOYSA-N,cas,match
V_779,88-85-7,"2-sec-Butyl-4,6-dinitrofenol",OWZPCEFYPSAJFR-UHFFFAOYSA-N,OWZPCEFYPSAJFR-UHFFFAOYSA-N,cas,match
V_348,7440-28-0,Thallium,BKVIYDNLLOSFOA-UHFFFAOYSA-N,BKVIYDNLLOSFOA-UHFFFAOYSA-N,cas,match
V_144,5786-21-0,Clozapine,ZUXABONWMNSFBN-UHFFFAOYSA-N,QZUDBNBUXVUHMW-UHFFFAOYSA-N,cas,mismatch
V_160,27203-92-5,Tramadol,TVYLLZQTGLZFBW-ZBFHGGJFSA-N,TVYLLZQTGLZFBW-ZBFHGGJFSA-N,cas,match
V_199,128-37-0,Butylhydroxytolueen,NLZUEZXRPGMBCV-UHFFFAOYSA-N,NLZUEZXRPGMBCV-UHFFFAOYSA-N,cas,match
V_957,1918-11-2,Terbucarb,PNRAZZZISDRWMV-UHFFFAOYSA-N,PNRAZZZISDRWMV-UHFFFAOYSA-N,cas,match
V_840,80-05-7,Bisfenol-A,IISBACLAFKSPIT-UHFFFAOYSA-N,IISBACLAFKSPIT-UHFFFAOYSA-N,cas,match
V_194,28159-98-0,Cybutrine,HDHLIWCXDDZUFH-UHFFFAOYSA-N,HDHLIWCXDDZUFH-UHFFFAOYSA-N,cas,match
V_2082,71675-85-9,Amisulpride,NTJOBXMMWNYJFB-UHFFFAOYNA-N,NTJOBXMMWNYJFB-UHFFFAOYSA-N,cas,mismatch
V_571,298-03-3,Demeton-O,DGLIBALSRMUQDD-UHFFFAOYSA-N,DGLIBALSRMUQDD-UHFFFAOYSA-N,cas,match
V_593,98-06-6,tert-Butylbenzeen,YTZKOQUCBOVLHL-UHFFFAOYSA-N,YTZKOQUCBOVLHL-UHFFFAOYSA-N,cas,match
V_1527,131983-72-7,Triticonazool,PPDBOQMNKNNODG-ZROIWOOFSA-N,PPDBOQMNKNNODG-NTEUORMPSA-N,cas,mismatch
V_1447,2303-16-4,Diallaat,SPANOECCGNXGNR-UITAMQMPSA-N,SPANOECCGNXGNR-UITAMQMPSA-N,cas,match
V_921,93-72-1,Fenoprop,ZLSWBLPERHFHIS-UHFFFAOYSA-N,ZLSWBLPERHFHIS-UHFFFAOYSA-N,cas,match
V_2062,7149-75-9,4-Chloor-3-methylaniline,HIHCTGNZNHSZPP-UHFFFAOYSA-N,HIHCTGNZNHSZPP-UHFFFAOYSA-N,cas,match
V_243,51218-45-2,Metolachloor,WVQBLGZPHOPPFO-UHFFFAOYSA-N,WVQBLGZPHOPPFO-UHFFFAOYSA-N,cas,match
V_577,10265-92-6,Methamidofos,NNKVPIKMPCQWCG-UHFFFAOYSA-N,NNKVPIKMPCQWCG-UHFFFAOYSA-N,cas,match
V_823,55965-84-9,Isothiazoline,DMSMPAJRVJJAGA-UHFFFAOYSA-N,QYYMDNHUJFIDDQ-UHFFFAOYSA-N,cas,mismatch
V_309,7782-44-7,Zuurstof,MYMOFIZGZYHOMD-UHFFFAOYSA-N,MYMOFIZGZYHOMD-UHFFFAOYSA-N,cas,match
V_358,100-41-4,Ethylbenzeen,YNQLUTRBYVCPMQ-UHFFFAOYSA-N,YNQLUTRBYVCPMQ-UHFFFAOYSA-N,cas,match
V_412,1007-28-9,Desisopropylatrazine,IVENSCMCQBJAKW-UHFFFAOYSA-N,IVENSCMCQBJAKW-UHFFFAOYSA-N,cas,match
V_916,84852-53-9,Decabroomdifenylethaan,BZQKBFHEWDPQHD-UHFFFAOYSA-N,BZQKBFHEWDPQHD-UHFFFAOYSA-N,cas,match
V_93,15307-86-5,Diclofenac,DCOPUUMXTXDBNB-UHFFFAOYSA-N,DCOPUUMXTXDBNB-UHFFFAOYSA-N,cas,match
V_680,526-75-0,"2,3-Dimethylfenol",QWBBPBRQALCEIZ-UHFFFAOYSA-N,QWBBPBRQALCEIZ-UHFFFAOYSA-N,cas,match
V_1358,757124-72-4,4:2 fluortelomeersulfonzuur (4:2 FTS),TXGIGTRUEITPSC-UHFFFAOYSA-N,TXGIGTRUEITPSC-UHFFFAOYSA-N,cas,match
V_792,7529-52-4,Dicyclohexyltin,BRCGUTSVMPKEKH-UHFFFAOYSA-N,BRCGUTSVMPKEKH-UHFFFAOYSA-N,cas,match
V_2346,298-01-1,Mevinfos-E,GEPDYQSQVLXLEU-AATRIKPKSA-N,GEPDYQSQVLXLEU-AATRIKPKSA-N,cas,match
V_1327,16065-83-1,"Chroom, driewaardig",BFGKITSFLPAWGI-UHFFFAOYSA-N,BFGKITSFLPAWGI-UHFFFAOYSA-N,cas,match
V_377,959-98-8,alfa-Endosulfan,RDYMFSUJUZBWLH-AZVNHNRSSA-N,RDYMFSUJUZBWLH-AZVNHNRSSA-N,cas,match
V_2118,12001-29-5,Chrysotiel,,CWBIFDGMOSWLRQ-UHFFFAOYSA-N,cas,resolved_new
V_74,7440-67-7,Zirkonium,QCWXUUIWCKQGHC-UHFFFAOYSA-N,QCWXUUIWCKQGHC-UHFFFAOYSA-N,cas,match
V_1269,79548-73-5,Pirlimycine,HBJOXQRURQPDEX-MHXMMLMNSA-N,HBJOXQRURQPDEX-MHXMMLMNSA-N,cas,match
V_653,21678-54-6,Chlorendisch zuur,DJKGDNKYTKCJKD-UHFFFAOYSA-N,DJKGDNKYTKCJKD-BPOCMEKLSA-N,cas,mismatch
V_551,79-11-8,Chloorazijnzuur,FOCAUTSVDIKZOP-UHFFFAOYSA-N,FOCAUTSVDIKZOP-UHFFFAOYSA-N,cas,match
V_1355,375-92-8,Perfluorheptaansulfonzuur (PFHpS),OYGQVDSRYXATEL-UHFFFAOYSA-N,OYGQVDSRYXATEL-UHFFFAOYSA-N,cas,match
V_1392,35554-44-0,Imazalil,PZBPKYOVPCNPJY-UHFFFAOYSA-N,PZBPKYOVPCNPJY-UHFFFAOYSA-N,cas,match
V_1625,602-60-8,9-Nitroanthraceen,LSIKFJXEYJIZNB-UHFFFAOYSA-N,LSIKFJXEYJIZNB-UHFFFAOYSA-N,cas,match
V_142,58-32-2,Dipyramidol,IZEKFCXSFNUWAM-UHFFFAOYSA-N,IZEKFCXSFNUWAM-UHFFFAOYSA-N,cas,match
V_190,99-30-9,"2,6-Dichloor-4-nitroaniline",BIXZHMJUSMUDOQ-UHFFFAOYSA-N,BIXZHMJUSMUDOQ-UHFFFAOYSA-N,cas,match
V_381,7421-93-4,Endrin aldehyde,HCTWZIFNBBCVGM-UHFFFAOYSA-N,HCTWZIFNBBCVGM-UHFFFAOYSA-N,cas,match
V_136,3930-20-9,Sotalol,ZBMZVLHSJCTVON-UHFFFAOYSA-N,ZBMZVLHSJCTVON-UHFFFAOYSA-N,cas,match
V_24,110488-70-5,Dimethomorf,QNBTYORWCCMPQP-UHFFFAOYSA-N,QNBTYORWCCMPQP-UHFFFAOYSA-N,cas,match
V_210,318-98-9,"Propanolol, waterstofchloride",ZMRUPTIKESYGQW-UHFFFAOYSA-N,ZMRUPTIKESYGQW-UHFFFAOYSA-N,cas,match
V_671,95-65-8,"3,4-Dimethylfenol",YCOXTKKNXUZSKD-UHFFFAOYSA-N,YCOXTKKNXUZSKD-UHFFFAOYSA-N,cas,match
V_1237,139968-49-3,Metaflumizone,MIFOMMKAVSCNKQ-QNKGDIEWSA-N,MIFOMMKAVSCNKQ-QNKGDIEWSA-N,cas,match
V_811,85-68-7,Butylbenzylftalaat,IRIAEXORFWYRCZ-UHFFFAOYSA-N,IRIAEXORFWYRCZ-UHFFFAOYSA-N,cas,match
V_365,98-82-8,Isopropylbenzeen,RWGFKTVRMDUZSP-UHFFFAOYSA-N,RWGFKTVRMDUZSP-UHFFFAOYSA-N,cas,match
V_879,85535-84-8,"Alkanen, gechloreerde",,,,unresolved
V_2063,98-51-1,4-tert-Butyltolueen,QCWXDVFBZVHKLV-UHFFFAOYSA-N,QCWXDVFBZVHKLV-UHFFFAOYSA-N,cas,match
V_805,7287-19-6,Prometryn,AAEVYOVXGOFMJO-UHFFFAOYSA-N,AAEVYOVXGOFMJO-UHFFFAOYSA-N,cas,match
V_398,789-02-6,op'Dichloordifenyltrichloorethaan,CVUGPAFCQJIYDT-UHFFFAOYSA-N,CVUGPAFCQJIYDT-UHFFFAOYSA-N,cas,match
V_848,18708-86-6,trans-Chloorfenvinfos,FSAVDKDHPDSCTO-XYOKQWHBSA-N,FSAVDKDHPDSCTO-XYOKQWHBSA-N,cas,match
V_220,171118-09-5,S-Metolachloor ESA,CIGKZVUEZXGYSV-UHFFFAOYSA-N,CIGKZVUEZXGYSV-UHFFFAOYSA-N,cas,match
V_373,309-00-2,Aldrin,QBYJBZPUGVGKQQ-SJJAEHHWSA-N,QBYJBZPUGVGKQQ-SJJAEHHWSA-N,cas,match
V_178,80-62-6,Methylmethacrylaat,VVQNEPGJFQJSBK-UHFFFAOYSA-N,VVQNEPGJFQJSBK-UHFFFAOYSA-N,cas,match
V_2311,61788-32-7,"Terfenyl, gehydrogeneerd",,,,unresolved
V_59,629-50-5,Tridecaan,IIYFAKIEWZDVMP-UHFFFAOYSA-N,IIYFAKIEWZDVMP-UHFFFAOYSA-N,cas,match
V_490,1806-26-4,4-n-Octylfenol,NTDQQZYCCIDJRK-UHFFFAOYSA-N,NTDQQZYCCIDJRK-UHFFFAOYSA-N,cas,match
V_1246,73231-34-2,Florfenicol,AYIRNRDRBQJXIF-NXEZZACHSA-N,AYIRNRDRBQJXIF-NXEZZACHSA-N,cas,match
V_288,84-76-4,Dinonylftalaat,DROMNWUQASBTFM-UHFFFAOYSA-N,DROMNWUQASBTFM-UHFFFAOYSA-N,cas,match
V_479,615-74-7,2-Chloor-5-methylfenol,SMFHPCZZAAMJJO-UHFFFAOYSA-N,SMFHPCZZAAMJJO-UHFFFAOYSA-N,cas,match
V_1652,195-19-7,Benzo(c)fenantreen,TUAHORSUHVUKBD-UHFFFAOYSA-N,TUAHORSUHVUKBD-UHFFFAOYSA-N,cas,match
V_273,95-82-9,"2,5-Dichlooraniline",AVYGCQXNNJPXSS-UHFFFAOYSA-N,AVYGCQXNNJPXSS-UHFFFAOYSA-N,cas,match
V_945,27519-02-4,Muscalure,IGOWHGRNPLFNDJ-ZPHPHTNESA-N,IGOWHGRNPLFNDJ-ZPHPHTNESA-N,cas,match
V_2084,628-63-7,Amylacetaat,PGMYKACGEOXYJE-UHFFFAOYSA-N,PGMYKACGEOXYJE-UHFFFAOYSA-N,cas,match
V_177,137862-53-4,Valsartan,ACWBQPMHZXGDFX-QFIPXVFZSA-N,ACWBQPMHZXGDFX-QFIPXVFZSA-N,cas,match
V_285,84-69-5,Di-isobutylftalaat,MGWAVDBGNNKXQV-UHFFFAOYSA-N,MGWAVDBGNNKXQV-UHFFFAOYSA-N,cas,match
V_937,83164-33-4,Diflufenican,WYEHFWKAOXOVJD-UHFFFAOYSA-N,WYEHFWKAOXOVJD-UHFFFAOYSA-N,cas,match
V_1077,57808-66-9,Domperidon,FGXWKSZFVQUSTL-UHFFFAOYSA-N,FGXWKSZFVQUSTL-UHFFFAOYSA-N,cas,match
V_28,51207-31-9,"2,3,7,8-Tetrachloordibenzofuraan",KSMVNVHUTQZITP-UHFFFAOYSA-N,KSMVNVHUTQZITP-UHFFFAOYSA-N,cas,match
V_1312,7440-20-2,Scandium,SIXSYDAISGFNSX-UHFFFAOYSA-N,SIXSYDAISGFNSX-UHFFFAOYSA-N,cas,match
V_751,100-44-7,alfa-Chloortolueen,KCXMKQUNVWSEMD-UHFFFAOYSA-N,KCXMKQUNVWSEMD-UHFFFAOYSA-N,cas,match
V_1290,101312-92-9,Valnemuline,LLYYNOVSVPBRGV-NFQTWZMKSA-N,LLYYNOVSVPBRGV-MVNKZKPCSA-N,cas,mismatch
V_1242,42835-25-6,Flumequine,DPSPPJIUMHPXMA-UHFFFAOYSA-N,DPSPPJIUMHPXMA-UHFFFAOYSA-N,cas,match
V_557,75-09-2,Dichloormethaan,YMWUJEATGCHHMB-UHFFFAOYSA-N,YMWUJEATGCHHMB-UHFFFAOYSA-N,cas,match
V_174,8018-01-7,Mancozeb,CHNQZRKUZPNOOH-UHFFFAOYSA-J,CHNQZRKUZPNOOH-UHFFFAOYSA-J,cas,match
V_1428,243982-82-3,"2,2’,4,5’-Tetrabroomdifenylether (BDE49)",QWVDUBDYUPHNHY-UHFFFAOYSA-N,QWVDUBDYUPHNHY-UHFFFAOYSA-N,cas,match
V_149,40088-47-9,Tetrabroomdifenylether,ARERIMFZYPFJAV-UHFFFAOYSA-N,VIHUMJGEWQPWOT-UHFFFAOYSA-N,cas,mismatch
V_1287,87-08-1,Penicilline V,BPLBGHOLXOTWMN-MBNYWOFBSA-N,BPLBGHOLXOTWMN-MBNYWOFBSA-N,cas,match
V_1540,25265-71-8,Dipropyleenglycol,BPRJQFIHEGORJE-UHFFFAOYSA-N,BPRJQFIHEGORJE-UHFFFAOYSA-N,cas,match
V_379,1031-07-8,Endosulfansulfaat,AAPVQEMYVNZIOO-UHFFFAOYSA-N,AAPVQEMYVNZIOO-UHFFFAOYSA-N,cas,match
V_1523,116255-48-2,Bromuconazool,HJJVPARKXDDIQD-UHFFFAOYSA-N,HJJVPARKXDDIQD-UHFFFAOYSA-N,cas,match
V_777,67-72-1,Hexachloorethaan,VHHHONWQHHHLTI-UHFFFAOYSA-N,VHHHONWQHHHLTI-UHFFFAOYSA-N,cas,match
V_145,138402-11-6,Irbesartan,YOSHYTLCDANDAN-UHFFFAOYSA-N,YOSHYTLCDANDAN-UHFFFAOYSA-N,cas,match
V_2283,79-09-4,Propionzuur,XBDQKXXYIPTUBI-UHFFFAOYSA-N,XBDQKXXYIPTUBI-UHFFFAOYSA-N,cas,match
V_193,135410-20-7,Acetamiprid,WCXDHFDTOYPNIE-UHFFFAOYSA-N,WCXDHFDTOYPNIE-UHFFFAOYSA-N,cas,match
V_962,1763-23-1,Perfluoroctaansulfonzuur (PFOS),YFSUTJLHUFNCNZ-UHFFFAOYSA-N,YFSUTJLHUFNCNZ-UHFFFAOYSA-N,cas,match
V_450,99-54-7,"3,4-Dichloornitrobenzeen",NTBYINQTYWZXLH-UHFFFAOYSA-N,NTBYINQTYWZXLH-UHFFFAOYSA-N,cas,match
V_1202,75-65-0,Tert-butylalcohol,DKGAVHZHDRPRBM-UHFFFAOYSA-N,DKGAVHZHDRPRBM-UHFFFAOYSA-N,cas,match
V_1387,149961-52-4,Dimoxystrobine,WXUZAHCNPWONDH-DYTRJAOYSA-N,WXUZAHCNPWONDH-DYTRJAOYSA-N,cas,match
V_1751,7783-06-4,Waterstofsulfide,RWSOTUBLDIXVET-UHFFFAOYSA-N,RWSOTUBLDIXVET-UHFFFAOYSA-N,cas,match
V_1284,14698-29-4,Oxolinezuur,KYGZCKSPAKDVKC-UHFFFAOYSA-N,KYGZCKSPAKDVKC-UHFFFAOYSA-N,cas,match
V_181,97-63-2,Ethylmetacrylaat,SUPCQIBBMFXVTL-UHFFFAOYSA-N,SUPCQIBBMFXVTL-UHFFFAOYSA-N,cas,match
V_609,1582-09-8,Trifluralin,ZSDSQXJSNMTJDA-UHFFFAOYSA-N,ZSDSQXJSNMTJDA-UHFFFAOYSA-N,cas,match
V_1259,98105-99-8,Sarafloxacine,XBHBWNFJWIASRO-UHFFFAOYSA-N,XBHBWNFJWIASRO-UHFFFAOYSA-N,cas,match
V_1704,4170-30-3,Crotonaldehyde,MLUCVPSAIODCQM-NSCUHMNNSA-N,MLUCVPSAIODCQM-NSCUHMNNSA-N,cas,match
V_591,104-51-8,n-Butylbenzeen,OCKPCBLVNKHBMX-UHFFFAOYSA-N,OCKPCBLVNKHBMX-UHFFFAOYSA-N,cas,match
V_2144,629-14-1,1.2-Diethoxyethaan (Diethylglycol),LZDKZFUFMNSQCJ-UHFFFAOYSA-N,LZDKZFUFMNSQCJ-UHFFFAOYSA-N,cas,match
V_597,75-01-4,Vinylchloride,BZHJMEDXRYGGRV-UHFFFAOYSA-N,BZHJMEDXRYGGRV-UHFFFAOYSA-N,cas,match
V_380,72-20-8,Endrin,DFBKLUNHFCTMDC-UHFFFAOYSA-N,DFBKLUNHFCTMDC-GKRDHZSOSA-N,cas,mismatch
V_2306,76-03-9,trichloorazijnzuur,YNJBWRMUSHSURL-UHFFFAOYSA-N,YNJBWRMUSHSURL-UHFFFAOYSA-N,cas,match
V_865,189084-61-5,"2,3',4,4'-Tetrabroomdifenylether (BDE66)",DHUMTYRHKMCVAG-UHFFFAOYSA-N,DHUMTYRHKMCVAG-UHFFFAOYSA-N,cas,match
V_573,298-04-4,Disulfoton,DOFZAZXDOSGAJZ-UHFFFAOYSA-N,DOFZAZXDOSGAJZ-UHFFFAOYSA-N,cas,match
V_732,110-54-3,n-Hexaan,VLKZOEOYAKHREP-UHFFFAOYSA-N,VLKZOEOYAKHREP-UHFFFAOYSA-N,cas,match
V_169,119446-68-3,Difenoconazole,BQYJATMQXGBDHF-UHFFFAOYSA-N,BQYJATMQXGBDHF-UHFFFAOYSA-N,cas,match
V_1257,108050-54-0,Tilmicosine,JTSDBFGMPLKDCD-SWSPHLSKSA-N,JTSDBFGMPLKDCD-XVFHVFLVSA-N,cas,mismatch
V_1382,57677-95-9,6:2 fluortelomeerfosfaat diester (6:2 diPAP),ZDYYWMSLMLTXDM-UHFFFAOYSA-N,ZDYYWMSLMLTXDM-UHFFFAOYSA-N,cas,match
V_574,122-14-5,Fenitrothion,ZNOLGFHPUIJIMJ-UHFFFAOYSA-N,ZNOLGFHPUIJIMJ-UHFFFAOYSA-N,cas,match
V_1345,68140-00-1,"Amides, coco, N-(hydroxyethyl)",,,,unresolved
V_576,121-75-5,Malathion,JXSJBGJIGXNWCI-UHFFFAOYSA-N,JXSJBGJIGXNWCI-UHFFFAOYSA-N,cas,match
V_1328,27304-13-8,Oxychlordaan,VWGNQYSIWFHEQU-KGEUUOKHSA-N,VWGNQYSIWFHEQU-KGEUUOKHSA-N,cas,match
V_400,82-68-8,Pentachloornitrobenzeen,LKPLKUMXSAEKID-UHFFFAOYSA-N,LKPLKUMXSAEKID-UHFFFAOYSA-N,cas,match
V_192,111988-49-9,Thiacloprid,HOKKPVIRMVDYPB-UHFFFAOYSA-N,HOKKPVIRMVDYPB-UHFFFAOYSA-N,cas,match
V_600,74-97-5,Broomchloormethaan,JPOXNPPZZKNXOV-UHFFFAOYSA-N,JPOXNPPZZKNXOV-UHFFFAOYSA-N,cas,match
V_96,60166-93-0,Iopamidol,XQZXYNRDCRIARQ-LURJTMIESA-N,XQZXYNRDCRIARQ-LURJTMIESA-N,cas,match
V_1371,1702-17-6,Clopyralid,HUBANNPOLNYSAD-UHFFFAOYSA-N,HUBANNPOLNYSAD-UHFFFAOYSA-N,cas,match
V_1004,78-99-9,"1,1-Dichloorpropaan",WIHMGGWNMISDNJ-UHFFFAOYSA-N,WIHMGGWNMISDNJ-UHFFFAOYSA-N,cas,match
V_219,87392-12-9,S-Metolachloor,WVQBLGZPHOPPFO-LBPRGKRZSA-N,WVQBLGZPHOPPFO-LBPRGKRZSA-N,cas,match
V_982,376-06-7,Perfluortetradecaanzuur (PFTeDA),RUDINRUXCKIXAJ-UHFFFAOYSA-N,RUDINRUXCKIXAJ-UHFFFAOYSA-N,cas,match
V_260,57-12-5,Cyaniden,XFXPMWWXUTWYJX-UHFFFAOYSA-N,XFXPMWWXUTWYJX-UHFFFAOYSA-N,cas,match
V_968,67554-50-1,Octylfenol,DUIOKRXOKLLURE-UHFFFAOYSA-N,DUIOKRXOKLLURE-UHFFFAOYSA-N,cas,match
V_1330,5103-73-1,cis-Nonachloor,OCHOKXCPKDPNQU-BBXWSCHTSA-N,OCHOKXCPKDPNQU-FLVMBEMLSA-N,cas,mismatch
V_364,106-42-3,para-Xyleen,URLKBWYHVLBVBO-UHFFFAOYSA-N,URLKBWYHVLBVBO-UHFFFAOYSA-N,cas,match
V_1375,124-58-3,Monomethyl Arseenzuur,QYPPRTNMGCREIM-UHFFFAOYSA-N,QYPPRTNMGCREIM-UHFFFAOYSA-N,cas,match
V_2166,104-76-7,Ethylhexanol,YIWUKEYIRIRTPP-UHFFFAOYNA-N,YIWUKEYIRIRTPP-UHFFFAOYSA-N,cas,mismatch
V_644,55-38-9,Fenthion,PNVJTZOFSHSLTO-UHFFFAOYSA-N,PNVJTZOFSHSLTO-UHFFFAOYSA-N,cas,match
V_516,121-73-3,1-Chloor-3-nitrobenzeen,KMAQZIILEGKYQZ-UHFFFAOYSA-N,KMAQZIILEGKYQZ-UHFFFAOYSA-N,cas,match
V_406,879-39-0,"2,3,4,5-Tetrachloornitrobenzeen",MTBYTWZDRVOMBR-UHFFFAOYSA-N,MTBYTWZDRVOMBR-UHFFFAOYSA-N,cas,match
V_837,542-75-6,"1,3-Dichloorpropeen (cis+trans)",UOORRWUZONOOLO-UHFFFAOYSA-N,UOORRWUZONOOLO-UHFFFAOYSA-N,cas,match
V_814,7601-54-9,Natriumfosfaat,RYFMWSXOAZQYPI-UHFFFAOYSA-K,RYFMWSXOAZQYPI-UHFFFAOYSA-K,cas,match
V_511,10061-01-5,"cis-1,3-Dichloorpropeen",UOORRWUZONOOLO-UPHRSURJSA-N,UOORRWUZONOOLO-UPHRSURJSA-N,cas,match
V_1407,919005-14-4,"4,8-dioxa-3H-perfluornonaanzuur (DONA)",AFDRCEOKCOUICI-UHFFFAOYSA-N,AFDRCEOKCOUICI-UHFFFAOYSA-N,cas,match
V_214,15541-45-4,Bromaat,SXDBWCPKPHAZSM-UHFFFAOYSA-M,SXDBWCPKPHAZSM-UHFFFAOYSA-M,cas,match
V_2136,75-43-4,Dichloorfluormethaan,UMNKXPULIDJLSU-UHFFFAOYSA-N,UMNKXPULIDJLSU-UHFFFAOYSA-N,cas,match
V_237,1330-20-7,Xylenen (o+m+p),,,,unresolved
V_1602,13177-29-2,2-Nitrofluorantheen,VBCBFNMZBHKVQN-UHFFFAOYSA-N,VBCBFNMZBHKVQN-UHFFFAOYSA-N,cas,match
V_75,191-26-4,Anthantreen,YFIJJNAKSZUOLT-UHFFFAOYSA-N,YFIJJNAKSZUOLT-UHFFFAOYSA-N,cas,match
V_2068,79-10-7,Acrylzuur,NIXOWILDQLNWCW-UHFFFAOYSA-N,NIXOWILDQLNWCW-UHFFFAOYSA-N,cas,match
V_728,75-28-5,Isobutaan,NNPPMTNAJDCUHE-UHFFFAOYSA-N,NNPPMTNAJDCUHE-UHFFFAOYSA-N,cas,match
V_561,75-25-2,Tribroommethaan,DIKBFYAXUHHXCS-UHFFFAOYSA-N,DIKBFYAXUHHXCS-UHFFFAOYSA-N,cas,match
V_585,141-78-6,Ethylacetaat,XEKOWRVHYACXOJ-UHFFFAOYSA-N,XEKOWRVHYACXOJ-UHFFFAOYSA-N,cas,match
V_649,148-79-8,Thiabendazole,WJCNZQLZVWNLKY-UHFFFAOYSA-N,WJCNZQLZVWNLKY-UHFFFAOYSA-N,cas,match
V_1796,108-87-2,Methylcyclohexaan,UAEPNZWRGJTJPN-UHFFFAOYSA-N,UAEPNZWRGJTJPN-UHFFFAOYSA-N,cas,match
V_941,57837-19-1,Metalaxyl,ZQEIXNIJLIKNTD-UHFFFAOYSA-N,ZQEIXNIJLIKNTD-UHFFFAOYSA-N,cas,match
V_2323,731-27-1,Tolyfluanide,HYVWIQDYBVKITD-UHFFFAOYSA-N,HYVWIQDYBVKITD-UHFFFAOYSA-N,cas,match
V_713,117-18-0,"2,3,5,6-Tetrachloornitrobenzeen",XQTLDIFVVHJORV-UHFFFAOYSA-N,XQTLDIFVVHJORV-UHFFFAOYSA-N,cas,match
V_1023,140-72-7,Hexadecylpyridinium,DVBJBNKEBPCGSY-UHFFFAOYSA-M,DVBJBNKEBPCGSY-UHFFFAOYSA-M,cas,match
V_788,2406-65-7,Monobutyltin,FAOSYNUKPVJLNZ-UHFFFAOYSA-N,FAOSYNUKPVJLNZ-UHFFFAOYSA-N,cas,match
V_48,10102-44-0,Stikstofdioxide,JCXJVPUVTGWSNB-UHFFFAOYSA-N,JCXJVPUVTGWSNB-UHFFFAOYSA-N,cas,match
V_19,32598-14-4,"2,3,3',4,4'-Pentachloorbifenyl (PCB105)",WIDHRBRBACOVOY-UHFFFAOYSA-N,WIDHRBRBACOVOY-UHFFFAOYSA-N,cas,match
V_953,23950-58-5,Propyzamide,PHNUZKMIPFFYSO-UHFFFAOYSA-N,PHNUZKMIPFFYSO-UHFFFAOYSA-N,cas,match
V_1496,56558-16-8,"2,2',4,6,6'-pentachloorbifenyl (PCB 104)",MTCPZNVSDFCBBE-UHFFFAOYSA-N,MTCPZNVSDFCBBE-UHFFFAOYSA-N,cas,match
V_660,1303-86-2,Booroxide,JKWMSGQKBLHBQQ-UHFFFAOYSA-N,RPPTVYMVSNHGRG-UHFFFAOYSA-N,cas,mismatch
V_2288,114-26-1,Propoxur,ISRUGXGCCGIOQO-UHFFFAOYSA-N,ISRUGXGCCGIOQO-UHFFFAOYSA-N,cas,match
V_599,594-20-7,"2,2-Dichloorpropaan",ZEOVXNVKXIPWMS-UHFFFAOYSA-N,ZEOVXNVKXIPWMS-UHFFFAOYSA-N,cas,match
V_2131,2439-01-2,Chinomethionaat,FBQQHUGEACOBDN-UHFFFAOYSA-N,FBQQHUGEACOBDN-UHFFFAOYSA-N,cas,match
V_1085,335-77-3,Perfluordecaansulfonzuur (PFDS),HYWZIAVPBSTISZ-UHFFFAOYSA-N,HYWZIAVPBSTISZ-UHFFFAOYSA-N,cas,match
V_330,7440-39-3,Barium,DSAJWYNOEDNPEQ-UHFFFAOYSA-N,DSAJWYNOEDNPEQ-UHFFFAOYSA-N,cas,match
V_564,75-69-4,Trichloorfluormethaan,CYRMSUTZVYGINF-UHFFFAOYSA-N,CYRMSUTZVYGINF-UHFFFAOYSA-N,cas,match
V_867,60348-60-9,"2,2',4,4',5-Pentabroomdifenylether (BDE99)",WHPVYXDFIXRKLN-UHFFFAOYSA-N,WHPVYXDFIXRKLN-UHFFFAOYSA-N,cas,match
V_484,28994-41-4,2-Benzylfenol,CDMGNVWZXRKJNS-UHFFFAOYSA-N,CDMGNVWZXRKJNS-UHFFFAOYSA-N,cas,match
V_245,3812-32-6,Carbonaat,BVKZGUZCCUSVTD-UHFFFAOYSA-L,BVKZGUZCCUSVTD-UHFFFAOYSA-L,cas,match
V_493,140-66-9,4-tert-Octylfenol,ISAVYTVYFVQUDY-UHFFFAOYSA-N,ISAVYTVYFVQUDY-UHFFFAOYSA-N,cas,match
V_589,526-73-8,"1,2,3-Trimethylbenzeen",FYGHSUNMUKGBRK-UHFFFAOYSA-N,FYGHSUNMUKGBRK-UHFFFAOYSA-N,cas,match
V_555,124-48-1,Dibroomchloormethaan,GATVIKZLVQHOMN-UHFFFAOYSA-N,GATVIKZLVQHOMN-UHFFFAOYSA-N,cas,match
V_965,375-95-1,Perfluornonaanzuur (PFNA),UZUFPBIDKMEQEQ-UHFFFAOYSA-N,UZUFPBIDKMEQEQ-UHFFFAOYSA-N,cas,match
V_437,630-20-6,"1,1,1,2-Tetrachloorethaan",QVLAWKAXOMEXPM-UHFFFAOYSA-N,QVLAWKAXOMEXPM-UHFFFAOYSA-N,cas,match
V_2012,529-20-4,ortho-Tolualdehyde,BTFQKIATRPGRBS-UHFFFAOYSA-N,BTFQKIATRPGRBS-UHFFFAOYSA-N,cas,match
V_38,40321-76-4,"1,2,3,7,8-Pentachloordibenzo-para-dioxine",FSPZPQQWDODWAU-UHFFFAOYSA-N,FSPZPQQWDODWAU-UHFFFAOYSA-N,cas,match
V_114,83-32-9,Acenafteen,CWRYPZZKDGJXCA-UHFFFAOYSA-N,CWRYPZZKDGJXCA-UHFFFAOYSA-N,cas,match
V_1764,111-71-7,Heptanaldehyde,FXHGMKSSBGDXIY-UHFFFAOYSA-N,FXHGMKSSBGDXIY-UHFFFAOYSA-N,cas,match
V_698,3811-04-9,Kaliumchloraat,VKJKEPKFPUWCAS-UHFFFAOYSA-M,VKJKEPKFPUWCAS-UHFFFAOYSA-M,cas,match
V_979,2706-90-3,Perfluorpentaanzuur (PFPeA),CXZGQIAOTKWCDB-UHFFFAOYSA-N,CXZGQIAOTKWCDB-UHFFFAOYSA-N,cas,match
V_170,118134-30-8,Spiroxamine,PUYXTUJWRLOUCW-UHFFFAOYSA-N,PUYXTUJWRLOUCW-UHFFFAOYSA-N,cas,match
V_98,22071-15-4,Ketoprofen,DKYWVDODHFEZIM-UHFFFAOYSA-N,DKYWVDODHFEZIM-UHFFFAOYSA-N,cas,match
V_1247,144-83-2,Sulfapyridine,GECHUMIMRBOMGK-UHFFFAOYSA-N,GECHUMIMRBOMGK-UHFFFAOYSA-N,cas,match
V_1357,1763-23-1,= PFOStotaal - PFOS,,YFSUTJLHUFNCNZ-UHFFFAOYSA-N,cas,resolved_new
V_747,592-76-7,1-Hepteen,ZGEGCLOFRBLKSE-UHFFFAOYSA-N,ZGEGCLOFRBLKSE-UHFFFAOYSA-N,cas,match
V_2253,28677-93-2,Methoxypropanol,LHENQXAPVKABON-UHFFFAOYSA-N,LHENQXAPVKABON-UHFFFAOYSA-N,cas,match
V_1319,7440-64-4,Ytterbium,NAWDYIZEMPQZHO-UHFFFAOYSA-N,NAWDYIZEMPQZHO-UHFFFAOYSA-N,cas,match
V_500,87-61-6,"1,2,3-Trichloorbenzeen",RELMFMZEBKVZJC-UHFFFAOYSA-N,RELMFMZEBKVZJC-UHFFFAOYSA-N,cas,match
V_287,131-11-3,Dimethylftalaat,NIQCNGHVCWTJSM-UHFFFAOYSA-N,NIQCNGHVCWTJSM-UHFFFAOYSA-N,cas,match
V_855,84852-15-3,Nonylfenol,,,,unresolved
V_1275,61-72-3,Cloxacilline,LQOLIRLGBULYKD-JKIFEVAISA-N,LQOLIRLGBULYKD-JKIFEVAISA-N,cas,match
V_133,210880-92-5,Clothianidine,PGOOBECODWQEAB-UHFFFAOYSA-N,PGOOBECODWQEAB-UHFFFAOYSA-N,cas,match
V_359,108-38-3,meta-Xyleen,IVSZLXZYQVIEFR-UHFFFAOYSA-N,IVSZLXZYQVIEFR-UHFFFAOYSA-N,cas,match
V_773,608-93-5,Pentachloorbenzeen,CEOCDNVZRAIOQZ-UHFFFAOYSA-N,CEOCDNVZRAIOQZ-UHFFFAOYSA-N,cas,match
V_356,100-02-7,4-Nitrofenol,BTJIUGUIPKRLHP-UHFFFAOYSA-N,BTJIUGUIPKRLHP-UHFFFAOYSA-N,cas,match
V_9,12408-10-5,Tetrachloorbenzenen,,,,unresolved
V_1260,25953-19-9,Cefazoline,MLYYVTUWGNIJIB-BXKDBHETSA-N,MLYYVTUWGNIJIB-BXKDBHETSA-N,cas,match
V_757,13171-21-6,Fosfamidon,RGCLLPNLLBQHPF-UHFFFAOYSA-N,RGCLLPNLLBQHPF-UHFFFAOYSA-N,cas,match
V_812,84-74-2,Di-n-butylftalaat,DOIRQSBPFJWKBE-UHFFFAOYSA-N,DOIRQSBPFJWKBE-UHFFFAOYSA-N,cas,match
V_415,330-55-2,Linuron,XKJMBINCVNINCA-UHFFFAOYSA-N,XKJMBINCVNINCA-UHFFFAOYSA-N,cas,match
V_2313,109-99-9,Tetrahydrofuraan,WYURNTSHIVDZCO-UHFFFAOYSA-N,WYURNTSHIVDZCO-UHFFFAOYSA-N,cas,match
V_1408,749786-16-1,Perfluor-1-undecaansulfonzuur (PFUnS),UKHUPOMCGUFNAP-UHFFFAOYSA-N,UKHUPOMCGUFNAP-UHFFFAOYSA-N,cas,match
V_2196,108-21-4,isopropylacetaat,JMMWKPVZQRWMSS-UHFFFAOYSA-N,JMMWKPVZQRWMSS-UHFFFAOYSA-N,cas,match
V_2200,36734-19-7,Iprodione,ONUFESLQCSAYKA-UHFFFAOYSA-N,ONUFESLQCSAYKA-UHFFFAOYSA-N,cas,match
V_127,193-39-5,"Indeno(1,2,3-cd)pyreen",SXQBHARYMNFBPS-UHFFFAOYSA-N,SXQBHARYMNFBPS-UHFFFAOYSA-N,cas,match
V_893,50-28-2,17-beta-Estradiol,VOXZDWNPVJITMN-ZBRFXRBCSA-N,VOXZDWNPVJITMN-ZBRFXRBCSA-N,cas,match
V_519,4901-51-3,"2,3,4,5-Tetrachloorfenol",RULKYXXCCZZKDZ-UHFFFAOYSA-N,RULKYXXCCZZKDZ-UHFFFAOYSA-N,cas,match
V_2,608-73-1,alfa+beta+gamma+delta Hexachloorcyclohexaan,JLYXXMFPNIAWKQ-UHFFFAOYSA-N,JLYXXMFPNIAWKQ-UHFFFAOYSA-N,cas,match
V_1244,68-35-9,Sulfadiazine,SEEPANYCNGTZFQ-UHFFFAOYSA-N,SEEPANYCNGTZFQ-UHFFFAOYSA-N,cas,match
V_390,6108-10-7,epsilon-Hexachloorcyclohexaan,JLYXXMFPNIAWKQ-DCLYFUHFNA-N,JLYXXMFPNIAWKQ-UHFFFAOYSA-N,cas,mismatch
V_2307,26471-62-5,"Tolueendiisocyanaat (mengsel van 2,4- en 2,6-isomeren)",,,,unresolved
V_1019,93-23-2,Dodecylisoquinolinium,MSJLMQTXVKCUCD-UHFFFAOYSA-M,MSJLMQTXVKCUCD-UHFFFAOYSA-M,cas,match
V_654,67-64-1,Aceton,CSCPPACGZOOCGX-UHFFFAOYSA-N,CSCPPACGZOOCGX-UHFFFAOYSA-N,cas,match
V_2137,1085-98-9,Dichlofluanide,WURGXGVFSMYFCG-UHFFFAOYSA-N,WURGXGVFSMYFCG-UHFFFAOYSA-N,cas,match
V_780,1420-07-1,"2-tert-Butyl-4,6-dinitrofenol",IIPZYDQGBIWLBU-UHFFFAOYSA-N,IIPZYDQGBIWLBU-UHFFFAOYSA-N,cas,match
V_641,124-40-3,Dimethylamine,ROSDSFDQCJNGOL-UHFFFAOYSA-N,ROSDSFDQCJNGOL-UHFFFAOYSA-N,cas,match
V_1765,66-25-1,Hexanaldehyde,JARKCYVAAOWBJS-UHFFFAOYSA-N,JARKCYVAAOWBJS-UHFFFAOYSA-N,cas,match
V_1362,2355-31-9,N-methylperfluoroctaansulfonamidoazijnzuur,QNDHIRFIMVNHBN-UHFFFAOYSA-N,QNDHIRFIMVNHBN-UHFFFAOYSA-N,cas,match
V_847,18708-87-7,cis-Chloorfenvinfos,FSAVDKDHPDSCTO-WQLSENKSSA-N,FSAVDKDHPDSCTO-WQLSENKSSA-N,cas,match
V_407,8001-35-2,Toxafeen,OEJNXTAZZBRGDN-UHFFFAOYSA-N,OEJNXTAZZBRGDN-UHFFFAOYSA-N,cas,match
V_2322,116-29-0,Tetradifon,MLGCXEBRWGEOQX-UHFFFAOYSA-N,MLGCXEBRWGEOQX-UHFFFAOYSA-N,cas,match
V_57,111-66-0,1-Octeen,KWKAKUADMBZCLK-UHFFFAOYSA-N,KWKAKUADMBZCLK-UHFFFAOYSA-N,cas,match
V_1486,2051-62-9,4-Chloorbifenyl (PCB 3),FPWNLURCHDRMHC-UHFFFAOYSA-N,FPWNLURCHDRMHC-UHFFFAOYSA-N,cas,match
V_1701,191-07-1,Coroneen,VPUGDVKSAQVFFS-UHFFFAOYSA-N,VPUGDVKSAQVFFS-UHFFFAOYSA-N,cas,match
V_975,7440-05-3,Palladium,KDLHZDBZIXYQEI-UHFFFAOYSA-N,KDLHZDBZIXYQEI-UHFFFAOYSA-N,cas,match
V_976,20782-94-9,"4-Chloor-2,5-dimethylaniline",POEANWWEPFQEEF-UHFFFAOYSA-N,POEANWWEPFQEEF-UHFFFAOYSA-N,cas,match
V_2296,1014-70-6,Simetryn,MGLWZSOBALDPEK-UHFFFAOYSA-N,MGLWZSOBALDPEK-UHFFFAOYSA-N,cas,match
V_409,15545-48-9,Chloortoluron,JXCGFZXSOMJFOA-UHFFFAOYSA-N,JXCGFZXSOMJFOA-UHFFFAOYSA-N,cas,match
V_2328,108-05-4,Vinylacetaat,XTXRWKRVRITETP-UHFFFAOYSA-N,XTXRWKRVRITETP-UHFFFAOYSA-N,cas,match
V_123,53-70-3,"Dibenzo(a,h)anthraceen",LHRCREOYAASXPZ-UHFFFAOYSA-N,LHRCREOYAASXPZ-UHFFFAOYSA-N,cas,match
V_1672,100-52-7,Benzaldehyde,HUMNYLRZRPPJDN-UHFFFAOYSA-N,HUMNYLRZRPPJDN-UHFFFAOYSA-N,cas,match
V_2051,87-63-8,2-Chloor-6-methyaniline,WFNLHDJJZSJARK-UHFFFAOYSA-N,WFNLHDJJZSJARK-UHFFFAOYSA-N,cas,match
V_334,7440-45-1,Cerium,GWXLDORMOJMVQZ-UHFFFAOYSA-N,GWXLDORMOJMVQZ-UHFFFAOYSA-N,cas,match
V_289,131-18-0,Dipentylftalaat,IPKKHRVROFYTEK-UHFFFAOYSA-N,IPKKHRVROFYTEK-UHFFFAOYSA-N,cas,match
V_1940,217-59-4,Trifenyleen,SLGBZMMZGDRARJ-UHFFFAOYSA-N,SLGBZMMZGDRARJ-UHFFFAOYSA-N,cas,match
V_1590,79-29-8,"2,3-Dimethylbutaan",ZFFMLCVRJBZUDZ-UHFFFAOYSA-N,ZFFMLCVRJBZUDZ-UHFFFAOYSA-N,cas,match
V_1243,57-68-1,Sulfamethazine,ASWVTGNCAZCNNR-UHFFFAOYSA-N,ASWVTGNCAZCNNR-UHFFFAOYSA-N,cas,match
V_595,5103-71-9,cis-Chloordaan,BIWJNBZANLAXMG-IDTQJTQFSA-N,BIWJNBZANLAXMG-IDTQJTQFSA-N,cas,match
V_806,95-85-2,2-Amino-4-chloorfenol,SWFNPENEBHAHEB-UHFFFAOYSA-N,SWFNPENEBHAHEB-UHFFFAOYSA-N,cas,match
V_841,25321-14-6,Dinitrotolueen,,,,unresolved
V_434,79-00-5,"1,1,2-Trichloorethaan",UBOXGVDOUJQMTN-UHFFFAOYSA-N,UBOXGVDOUJQMTN-UHFFFAOYSA-N,cas,match
V_2036,82657-04-3,Bifentrin,OMFRMAHOUUJSGP-IRHGGOMRSA-N,OMFRMAHOUUJSGP-IRHGGOMRSA-N,cas,match
V_618,603-17-8,Feofytine a,DQVGVYRSVYCJRR-HTLTWAQSSA-N,FDHFJXKRMIVNCQ-OSIZZBRKSA-N,cas,mismatch
V_1401,658066-35-4,Fluopyram,KVDJTXBXMWJJEF-UHFFFAOYSA-N,KVDJTXBXMWJJEF-UHFFFAOYSA-N,cas,match
V_464,91-58-7,2-Chloornaftaleen,CGYGETOMCSJHJU-UHFFFAOYSA-N,CGYGETOMCSJHJU-UHFFFAOYSA-N,cas,match
V_1475,354-88-1,Perfluorethaansulfonzuur (PFES),GKNWQHIXXANPTN-UHFFFAOYSA-N,GKNWQHIXXANPTN-UHFFFAOYSA-N,cas,match
V_102,525-66-6,Propanolol,AQHHHDLHHXJYJD-UHFFFAOYSA-N,AQHHHDLHHXJYJD-UHFFFAOYSA-N,cas,match
V_413,330-54-1,Diuron,XMTQQYYKAHVGBJ-UHFFFAOYSA-N,XMTQQYYKAHVGBJ-UHFFFAOYSA-N,cas,match
V_1491,55702-46-0,"2,3,4-Trichloorbifenyl (PCB 21)",IUYHQGMDSZOPDZ-UHFFFAOYSA-N,IUYHQGMDSZOPDZ-UHFFFAOYSA-N,cas,match
V_84,65510-44-3,"2',3,4,4',5-Pentachloorbifenyl (PCB123)",YAHNWSSFXMVPOU-UHFFFAOYSA-N,YAHNWSSFXMVPOU-UHFFFAOYSA-N,cas,match
V_1609,589-81-1,3-Methylheptaan,LAIUFBWHERIJIH-UHFFFAOYSA-N,LAIUFBWHERIJIH-UHFFFAOYSA-N,cas,match
V_769,1918-16-7,Propachloor,MFOUDYKPLGXPGO-UHFFFAOYSA-N,MFOUDYKPLGXPGO-UHFFFAOYSA-N,cas,match
V_370,93-76-5,"2,4,5-Trichloorfenoxyazijnzuur",SMYMJHWAQXWPDB-UHFFFAOYSA-N,SMYMJHWAQXWPDB-UHFFFAOYSA-N,cas,match
V_2336,7647-01-0,Zoutzuur,VEXZGXHMUGYJMC-UHFFFAOYSA-N,VEXZGXHMUGYJMC-UHFFFAOYSA-N,cas,match
V_864,5436-43-1,"2,2',4,4'-Tetrabroomdifenylether (BDE47)",XYBSIYMGXVUVGY-UHFFFAOYSA-N,XYBSIYMGXVUVGY-UHFFFAOYSA-N,cas,match
V_226,3327-22-8,(3-chloro-2-hydroxypropyl)trimethylammoniumchlorid,CSPHGSFZFWKVDL-FYZOBXCZSA-M,CSPHGSFZFWKVDL-UHFFFAOYSA-M,cas,mismatch
V_2299,540-88-5,tert-Butylacetaat,WMOVHXAZOJBABW-UHFFFAOYSA-N,WMOVHXAZOJBABW-UHFFFAOYSA-N,cas,match
V_389,319-86-8,delta-Hexachloorcyclohexaan,JLYXXMFPNIAWKQ-GPIVLXJGSA-N,JLYXXMFPNIAWKQ-UHFFFAOYSA-N,cas,mismatch
V_1249,127-79-7,Sulfamerazine,QPPBRPIAZZHUNT-UHFFFAOYSA-N,QPPBRPIAZZHUNT-UHFFFAOYSA-N,cas,match
V_2069,13768-00-8,Actinoliet,,,,unresolved
V_46,7723-14-0,Fosfor,OAICVXFJPJFONN-UHFFFAOYSA-N,OAICVXFJPJFONN-UHFFFAOYSA-N,cas,match
V_44,57465-28-8,"3,3',4,4',5-Pentachloorbifenyl (PCB126)",REHONNLQRWTIFF-UHFFFAOYSA-N,REHONNLQRWTIFF-UHFFFAOYSA-N,cas,match
V_1255,80-32-0,Sulfachloropyridazine,XOXHILFPRYWFOD-UHFFFAOYSA-N,XOXHILFPRYWFOD-UHFFFAOYSA-N,cas,match
V_767,51235-04-2,Hexazinon,CAWXEEYDBZRFPE-UHFFFAOYSA-N,CAWXEEYDBZRFPE-UHFFFAOYSA-N,cas,match
V_1484,25168-05-2,Chloormethylbenzeen,,,,unresolved
V_2112,79-08-3,monobroomazijnzuur,KDPAWGWELVVRCH-UHFFFAOYSA-N,KDPAWGWELVVRCH-UHFFFAOYSA-N,cas,match
V_852,68359-37-5,Cyfluthrin,QQODLKZGRKWIFG-UHFFFAOYSA-N,QQODLKZGRKWIFG-UHFFFAOYSA-N,cas,match
V_938,26225-79-6,Ethofumesaat,IRCMYGHHKLLGHV-UHFFFAOYSA-N,IRCMYGHHKLLGHV-UHFFFAOYSA-N,cas,match
V_515,88-73-3,1-Chloor-2-nitrobenzeen,BFCFYVKQTRLZHA-UHFFFAOYSA-N,BFCFYVKQTRLZHA-UHFFFAOYSA-N,cas,match
V_2284,109-60-4,Propylacetaat,YKYONYBAUNKHLG-UHFFFAOYSA-N,YKYONYBAUNKHLG-UHFFFAOYSA-N,cas,match
V_277,626-43-7,"3,5-Dichlooraniline",UQRLKWGPEVNVHT-UHFFFAOYSA-N,UQRLKWGPEVNVHT-UHFFFAOYSA-N,cas,match
V_209,959-24-0,"Sotalol, waterstofchloride",VIDRYROWYFWGSY-UHFFFAOYSA-N,VIDRYROWYFWGSY-UHFFFAOYSA-N,cas,match
V_755,57018-04-9,Tolclofos-methyl,OBZIQQJJIKNWNO-UHFFFAOYSA-N,OBZIQQJJIKNWNO-UHFFFAOYSA-N,cas,match
V_506,78-87-5,"1,2-Dichloorpropaan",KNKRKFALVUDBJE-UHFFFAOYSA-N,KNKRKFALVUDBJE-UHFFFAOYSA-N,cas,match
V_677,24959-67-9,Bromide,CPELXLSAUQHCOX-UHFFFAOYSA-M,CPELXLSAUQHCOX-UHFFFAOYSA-M,cas,match
V_2360,77536-68-6,tremoliet,NPUJHQNGUMWIMV-UHFFFAOYSA-L,,,unresolved
V_710,620-17-7,3-Ethylfenol,HMNKTRSOROOSPP-UHFFFAOYSA-N,HMNKTRSOROOSPP-UHFFFAOYSA-N,cas,match
V_43,3268-87-9,Octachloordibenzo-para-dioxine,FOIBFBMSLDGNHL-UHFFFAOYSA-N,FOIBFBMSLDGNHL-UHFFFAOYSA-N,cas,match
V_809,84-75-3,Di-n-hexylftalaat,KCXZNSGUUQJJTR-UHFFFAOYSA-N,KCXZNSGUUQJJTR-UHFFFAOYSA-N,cas,match
V_1377,39895-81-3,Arsenocholine,ORLOBEXOFQEWFQ-UHFFFAOYSA-N,ORLOBEXOFQEWFQ-UHFFFAOYSA-N,cas,match
V_111,35065-29-3,"2,2',3,4,4',5,5'-Heptachloorbifenyl (PCB180)",WBHQEUPUMONIKF-UHFFFAOYSA-N,WBHQEUPUMONIKF-UHFFFAOYSA-N,cas,match
V_2110,5589-96-8,broomchloorazijnzuur,GEHJBWKLJVFKPS-UHFFFAOYSA-N,GEHJBWKLJVFKPS-UHFFFAOYSA-N,cas,match
V_743,590-18-1,cis-2-Buteen,IAQRGUVFOMOMEM-ARJAWSKDSA-N,IAQRGUVFOMOMEM-ARJAWSKDSA-N,cas,match
