notatie,cid,csor_inchikey,pubchem_inchikey,inchikey_match,csor_iupac,pubchem_iupac,found
V_1486,16323,FPWNLURCHDRMHC-UHFFFAOYSA-N,FPWNLURCHDRMHC-UHFFFAOYSA-N,True,1-chloro-4-phenylbenzene,1-chloro-4-phenylbenzene,True
V_1487,16322,NMWSKOLWZZWHPL-UHFFFAOYSA-N,NMWSKOLWZZWHPL-UHFFFAOYSA-N,True,1-chloro-3-phenylbenzene,1-chloro-3-phenylbenzene,True
V_1488,249266,LAXBNTIAOJWAOP-UHFFFAOYSA-N,LAXBNTIAOJWAOP-UHFFFAOYSA-N,True,1-chloro-2-phenylbenzene,1-chloro-2-phenylbenzene,True
V_1489,36342,IYZWUWBAFUBNCH-UHFFFAOYSA-N,IYZWUWBAFUBNCH-UHFFFAOYSA-N,True,"1,3-dichloro-2-phenylbenzene","1,3-dichloro-2-phenylbenzene",True
V_1490,36981,QHZSDTDMQZPUKC-UHFFFAOYSA-N,QHZSDTDMQZPUKC-UHFFFAOYSA-N,True,"1,3-dichloro-5-phenylbenzene","1,3-dichloro-5-phenylbenzene",True
V_1491,41541,IUYHQGMDSZOPDZ-UHFFFAOYSA-N,IUYHQGMDSZOPDZ-UHFFFAOYSA-N,True,"1,2,3-trichloro-4-phenylbenzene","1,2,3-trichloro-4-phenylbenzene",True
V_1492,37247,MTLMVEWEYZFYTH-UHFFFAOYSA-N,MTLMVEWEYZFYTH-UHFFFAOYSA-N,True,"1,3,5-trichloro-2-phenylbenzene","1,3,5-trichloro-2-phenylbenzene",True
V_1493,44163,VLLVVZDKBSYMCG-UHFFFAOYSA-N,VLLVVZDKBSYMCG-UHFFFAOYSA-N,True,"1,3,5-trichloro-2-(2-chlorophenyl)benzene","1,3,5-trichloro-2-(2-chlorophenyl)benzene",True
V_1494,63102,ZKGSEEWIVLAUNH-UHFFFAOYSA-N,ZKGSEEWIVLAUNH-UHFFFAOYSA-N,True,"1,2,3-trichloro-4-(3-chlorophenyl)benzene","1,2,3-trichloro-4-(3-chlorophenyl)benzene",True
V_1495,63101,SXFLURRQRFKBNN-UHFFFAOYSA-N,SXFLURRQRFKBNN-UHFFFAOYSA-N,True,"1,2,3-trichloro-5-(3-chlorophenyl)benzene","1,2,3-trichloro-5-(3-chlorophenyl)benzene",True
V_1496,91662,MTCPZNVSDFCBBE-UHFFFAOYSA-N,MTCPZNVSDFCBBE-UHFFFAOYSA-N,True,"1,3,5-trichloro-2-(2,6-dichlorophenyl)benzene","1,3,5-trichloro-2-(2,6-dichlorophenyl)benzene",True
V_1497,93442,JZFZCLFEPXCRCA-UHFFFAOYSA-N,JZFZCLFEPXCRCA-UHFFFAOYSA-N,True,"1,2,3,5-tetrachloro-4-(2,6-dichlorophenyl)benzene","1,2,3,5-tetrachloro-4-(2,6-dichlorophenyl)benzene",True
V_1498,91721,JDZUWXRNKHXZFE-UHFFFAOYSA-N,JDZUWXRNKHXZFE-UHFFFAOYSA-N,True,"1,2,3,4,5-pentachloro-6-(2,4,6-trichlorophenyl)benzene","1,2,3,4,5-pentachloro-6-(2,4,6-trichlorophenyl)benzene",True
V_2037,40585,OWZREIFADZCYQD-NSHGMRRFSA-N,OWZREIFADZCYQD-NSHGMRRFSA-N,True,"trans-[(S)-cyano-(3-phenoxyphenyl)methyl] (1R,3R)-3-(2,2-dibromoethenyl)-2,2-dimethylcyclopropane-1-carboxylate","trans-[(S)-cyano-(3-phenoxyphenyl)methyl] (1R,3R)-3-(2,2-dibromoethenyl)-2,2-dimethylcyclopropane-1-carboxylate",True
V_2039,73281,RTCOGUMHFFWOJV-UHFFFAOYSA-N,RTCOGUMHFFWOJV-UHFFFAOYSA-N,True,"2-[(4,6-dimethoxypyrimidin-2-yl)carbamoylsulfamoyl]-N,N-dimethylpyridine-3-carboxamide","2-[(4,6-dimethoxypyrimidin-2-yl)carbamoylsulfamoyl]-N,N-dimethylpyridine-3-carboxamide",True
V_2040,5564,XEFQLINVKFYRCS-UHFFFAOYSA-N,XEFQLINVKFYRCS-UHFFFAOYSA-N,True,"5-chloro-2-(2,4-dichlorophenoxy)phenol","5-chloro-2-(2,4-dichlorophenoxy)phenol",True
V_2041,83315,BGDCQZFFNFXYQC-UHFFFAOYSA-N,BGDCQZFFNFXYQC-UHFFFAOYSA-N,True,1-chloro-2-methyl-4-nitrobenzene,1-chloro-2-methyl-4-nitrobenzene,True
V_2038,10342051,NYPJDWWKZLNGGM-RPWUZVMVSA-N,NYPJDWWKZLNGGM-RPWUZVMVSA-N,True,[(S)-cyano-(3-phenoxyphenyl)methyl] (2S)-2-(4-chlorophenyl)-3-methylbutanoate,[(S)-cyano-(3-phenoxyphenyl)methyl] (2S)-2-(4-chlorophenyl)-3-methylbutanoate,True
V_2036,6442842,OMFRMAHOUUJSGP-IRHGGOMRSA-N,OMFRMAHOUUJSGP-IRHGGOMRSA-N,True,"trans-(2-methyl-3-phenylphenyl)methyl (1R,3R)-3-[(Z)-2-chloro-3,3,3-trifluoroprop-1-enyl]-2,2-dimethylcyclopropane-1-carboxylate","trans-(2-methyl-3-phenylphenyl)methyl (1R,3R)-3-[(Z)-2-chloro-3,3,3-trifluoroprop-1-enyl]-2,2-dimethylcyclopropane-1-carboxylate",True
V_2063,7390,QCWXDVFBZVHKLV-UHFFFAOYSA-N,QCWXDVFBZVHKLV-UHFFFAOYSA-N,True,1-tert-butyl-4-methylbenzene,1-tert-butyl-4-methylbenzene,True
V_2146,11487,DMBHHRLKUKUOEG-UHFFFAOYSA-N,DMBHHRLKUKUOEG-UHFFFAOYSA-N,True,N-phenylaniline,N-phenylaniline,True
V_2179,753,PEDCQBHIVMGVHV-UHFFFAOYSA-N,PEDCQBHIVMGVHV-UHFFFAOYSA-N,True,"propane-1,2,3-triol","propane-1,2,3-triol",True
V_2253,3032390,LHENQXAPVKABON-UHFFFAOYSA-N,LHENQXAPVKABON-UHFFFAOYSA-N,True,1-methoxypropan-1-ol,1-methoxypropan-1-ol,True
V_2306,6421,YNJBWRMUSHSURL-UHFFFAOYSA-N,YNJBWRMUSHSURL-UHFFFAOYSA-N,True,"2,2,2-trichloroacetic acid","2,2,2-trichloroacetic acid",True
V_2344,7393,QHPQWRBYOIRBIT-UHFFFAOYSA-N,QHPQWRBYOIRBIT-UHFFFAOYSA-N,True,4-tert-butylphenol,4-tert-butylphenol,True
V_2355,91566,LUXSISXJGNCOKN-UHFFFAOYSA-N,LUXSISXJGNCOKN-UHFFFAOYSA-N,True,"2,2,2-trichloro-1-(2-chlorophenyl)-1-(4-chlorophenyl)ethanol","2,2,2-trichloro-1-(2-chlorophenyl)-1-(4-chlorophenyl)ethanol",True
V_2046,7895,XNLICIUVMPYHGG-UHFFFAOYSA-N,XNLICIUVMPYHGG-UHFFFAOYSA-N,True,pentan-2-one,pentan-2-one,True
V_2106,999,WLJVXDMOQOGPHL-UHFFFAOYSA-N,WLJVXDMOQOGPHL-UHFFFAOYSA-N,True,2-phenylacetic acid,2-phenylacetic acid,True
V_2143,5364559,YKNMBTZOEVIJCM-HWKANZROSA-N,YKNMBTZOEVIJCM-HWKANZROSA-N,True,(E)-dec-2-ene,(E)-dec-2-ene,True
V_2153,6228,ZMXDDKWLCZADIW-UHFFFAOYSA-N,ZMXDDKWLCZADIW-UHFFFAOYSA-N,True,"N,N-dimethylformamide","N,N-dimethylformamide",True
V_2200,37517,ONUFESLQCSAYKA-UHFFFAOYSA-N,ONUFESLQCSAYKA-UHFFFAOYSA-N,True,"3-(3,5-dichlorophenyl)-2,4-dioxo-N-propan-2-ylimidazolidine-1-carboxamide","3-(3,5-dichlorophenyl)-2,4-dioxo-N-propan-2-ylimidazolidine-1-carboxamide",True
V_2298,61247,HVZJRWJGKQPSFL-UHFFFAOYSA-N,HVZJRWJGKQPSFL-UHFFFAOYSA-N,True,2-methoxy-2-methylbutane,2-methoxy-2-methylbutane,True
V_2300,6415,QIONYIKHPASLHO-UHFFFAOYSA-N,QIONYIKHPASLHO-UHFFFAOYSA-N,True,"2,2,2-tribromoacetic acid","2,2,2-tribromoacetic acid",True
V_2314,1127,RAOIDOHSFRTOEL-UHFFFAOYSA-N,RAOIDOHSFRTOEL-UHFFFAOYSA-N,True,thiolane,thiolane,True
V_2326,1176,XSQUKJJJFZCRTK-UHFFFAOYSA-N,XSQUKJJJFZCRTK-UHFFFAOYSA-N,True,urea,urea,True
V_2126,10112,VTYYLEPIZMXCLO-UHFFFAOYSA-L,VTYYLEPIZMXCLO-UHFFFAOYSA-L,True,calcium carbonate,calcium carbonate,True
V_2129,2566,DUEPRVBVGDRKAG-UHFFFAOYSA-N,DUEPRVBVGDRKAG-UHFFFAOYSA-N,True,"(2,2-dimethyl-3H-1-benzofuran-7-yl) N-methylcarbamate","(2,2-dimethyl-3H-1-benzofuran-7-yl) N-methylcarbamate",True
V_2148,3283,RTZKZFJDLAIYFH-UHFFFAOYSA-N,RTZKZFJDLAIYFH-UHFFFAOYSA-N,True,ethoxyethane,ethoxyethane,True
V_2196,7915,JMMWKPVZQRWMSS-UHFFFAOYSA-N,JMMWKPVZQRWMSS-UHFFFAOYSA-N,True,propan-2-yl acetate,propan-2-yl acetate,True
V_2288,4944,ISRUGXGCCGIOQO-UHFFFAOYSA-N,ISRUGXGCCGIOQO-UHFFFAOYSA-N,True,(2-propan-2-yloxyphenyl) N-methylcarbamate,(2-propan-2-yloxyphenyl) N-methylcarbamate,True
V_2064,72666,WSJBSKRPKADYRQ-UHFFFAOYSA-N,WSJBSKRPKADYRQ-UHFFFAOYSA-N,True,"N-(1,5-dimethyl-3-oxo-2-phenylpyrazol-4-yl)formamide","N-(1,5-dimethyl-3-oxo-2-phenylpyrazol-4-yl)formamide",True
V_2084,12348,PGMYKACGEOXYJE-UHFFFAOYSA-N,PGMYKACGEOXYJE-UHFFFAOYSA-N,True,pentyl acetate,pentyl acetate,True
V_2047,8461,RMBFBMJGBANMMK-UHFFFAOYSA-N,RMBFBMJGBANMMK-UHFFFAOYSA-N,True,"1-methyl-2,4-dinitrobenzene","1-methyl-2,4-dinitrobenzene",True
V_2056,7055,QIMMUPPBPVKWKM-UHFFFAOYSA-N,QIMMUPPBPVKWKM-UHFFFAOYSA-N,True,2-methylnaphthalene,2-methylnaphthalene,True
V_2104,264,FERIUCNNQQJTOY-UHFFFAOYSA-N,FERIUCNNQQJTOY-UHFFFAOYSA-N,True,butanoic acid,butanoic acid,True
V_2186,985,IPCSVZSSVZVIGE-UHFFFAOYSA-N,IPCSVZSSVZVIGE-UHFFFAOYSA-N,True,hexadecanoic acid,hexadecanoic acid,True
V_2296,13905,MGLWZSOBALDPEK-UHFFFAOYSA-N,MGLWZSOBALDPEK-UHFFFAOYSA-N,True,"2-N,4-N-diethyl-6-methylsulfanyl-1,3,5-triazine-2,4-diamine","2-N,4-N-diethyl-6-methylsulfanyl-1,3,5-triazine-2,4-diamine",True
V_2346,5355863,GEPDYQSQVLXLEU-AATRIKPKSA-N,GEPDYQSQVLXLEU-AATRIKPKSA-N,True,methyl (E)-3-dimethoxyphosphoryloxybut-2-enoate,methyl (E)-3-dimethoxyphosphoryloxybut-2-enoate,True
V_2358,5988,CZMRCDWAGMRECN-UGDNZRGBSA-N,CZMRCDWAGMRECN-UGDNZRGBSA-N,True,"(2R,3R,4S,5S,6R)-2-[(2S,3S,4S,5R)-3,4-dihydroxy-2,5-bis(hydroxymethyl)oxolan-2-yl]oxy-6-(hydroxymethyl)oxane-3,4,5-triol","(2R,3R,4S,5S,6R)-2-[(2S,3S,4S,5R)-3,4-dihydroxy-2,5-bis(hydroxymethyl)oxolan-2-yl]oxy-6-(hydroxymethyl)oxane-3,4,5-triol",True
V_2061,124137,WAHSIPRGCUJVRE-IECFSIQFSA-N,WAHSIPRGCUJVRE-IECFSIQFSA-N,True,"(2S,3S,4S,5R,6R)-6-[4-[(4-amino-3-chlorophenyl)methyl]-2-chloroanilino]-3,4,5-trihydroxyoxane-2-carboxylic acid","(2S,3S,4S,5R,6R)-6-[4-[(4-amino-3-chlorophenyl)methyl]-2-chloroanilino]-3,4,5-trihydroxyoxane-2-carboxylic acid",True
V_2067,6342,WEVYAHXRMPXWCK-UHFFFAOYSA-N,WEVYAHXRMPXWCK-UHFFFAOYSA-N,True,acetonitrile,acetonitrile,True
V_2102,16212145,CVMKCYDBEYHNBM-UHFFFAOYSA-N,CVMKCYDBEYHNBM-UHFFFAOYSA-N,True,"1,2,3,4,5-pentabromo-6-(3,4,5-tribromophenoxy)benzene","1,2,3,4,5-pentabromo-6-(3,4,5-tribromophenoxy)benzene",True
V_2059,11251,SYBYTAAJFKOIEJ-UHFFFAOYSA-N,SYBYTAAJFKOIEJ-UHFFFAOYSA-N,True,3-methylbutan-2-one,3-methylbutan-2-one,True
V_2131,17109,FBQQHUGEACOBDN-UHFFFAOYSA-N,FBQQHUGEACOBDN-UHFFFAOYSA-N,True,"6-methyl-[1,3]dithiolo[4,5-b]quinoxalin-2-one","6-methyl-[1,3]dithiolo[4,5-b]quinoxalin-2-one",True
V_2165,6341,QUSNBJAOOMFDIB-UHFFFAOYSA-N,QUSNBJAOOMFDIB-UHFFFAOYSA-N,True,ethanamine,ethanamine,True
V_2154,8020,NKDDWNXOKDWJAK-UHFFFAOYSA-N,NKDDWNXOKDWJAK-UHFFFAOYSA-N,True,dimethoxymethane,dimethoxymethane,True
V_2044,8051,CATSNJVOTSVZJV-UHFFFAOYSA-N,CATSNJVOTSVZJV-UHFFFAOYSA-N,True,heptan-2-one,heptan-2-one,True
V_2147,37123,QQQYTWIFVNKMRW-UHFFFAOYSA-N,QQQYTWIFVNKMRW-UHFFFAOYSA-N,True,"N-[(4-chlorophenyl)carbamoyl]-2,6-difluorobenzamide","N-[(4-chlorophenyl)carbamoyl]-2,6-difluorobenzamide",True
V_2191,31276,MLFHJEHSLIIPHL-UHFFFAOYSA-N,MLFHJEHSLIIPHL-UHFFFAOYSA-N,True,3-methylbutyl acetate,3-methylbutyl acetate,True
V_2197,8405,AWJUIBRHMBBTKR-UHFFFAOYSA-N,AWJUIBRHMBBTKR-UHFFFAOYSA-N,True,isoquinoline,isoquinoline,True
V_2283,1032,XBDQKXXYIPTUBI-UHFFFAOYSA-N,XBDQKXXYIPTUBI-UHFFFAOYSA-N,True,propanoic acid,propanoic acid,True
V_2323,12898,HYVWIQDYBVKITD-UHFFFAOYSA-N,HYVWIQDYBVKITD-UHFFFAOYSA-N,True,N-[dichloro(fluoro)methyl]sulfanyl-N-(dimethylsulfamoyl)-4-methylaniline,N-[dichloro(fluoro)methyl]sulfanyl-N-(dimethylsulfamoyl)-4-methylaniline,True
V_2350,47326,XQUXKZZNEFRCAW-UHFFFAOYSA-N,XQUXKZZNEFRCAW-UHFFFAOYSA-N,True,"[cyano-(3-phenoxyphenyl)methyl] 2,2,3,3-tetramethylcyclopropane-1-carboxylate","[cyano-(3-phenoxyphenyl)methyl] 2,2,3,3-tetramethylcyclopropane-1-carboxylate",True
V_2144,12375,LZDKZFUFMNSQCJ-UHFFFAOYSA-N,LZDKZFUFMNSQCJ-UHFFFAOYSA-N,True,"1,2-diethoxyethane","1,2-diethoxyethane",True
V_2174,3440,ZZUFCTLCJUWOSV-UHFFFAOYSA-N,ZZUFCTLCJUWOSV-UHFFFAOYSA-N,True,4-chloro-2-(furan-2-ylmethylamino)-5-sulfamoylbenzoic acid,4-chloro-2-(furan-2-ylmethylamino)-5-sulfamoylbenzoic acid,True
V_2261,8758,MGFYIUFZLHCRTH-UHFFFAOYSA-N,MGFYIUFZLHCRTH-UHFFFAOYSA-N,True,2-[bis(carboxymethyl)amino]acetic acid,2-[bis(carboxymethyl)amino]acetic acid,True
V_2315,31355,HRKAMJBPFPHCSD-UHFFFAOYSA-N,HRKAMJBPFPHCSD-UHFFFAOYSA-N,True,tris(2-methylpropyl) phosphate,tris(2-methylpropyl) phosphate,True
V_2048,11813,XTRDKALNCIHHNI-UHFFFAOYSA-N,XTRDKALNCIHHNI-UHFFFAOYSA-N,True,"2-methyl-1,3-dinitrobenzene","2-methyl-1,3-dinitrobenzene",True
V_2108,243,WPYMKLBDIGXBTP-UHFFFAOYSA-N,WPYMKLBDIGXBTP-UHFFFAOYSA-N,True,benzoic acid,benzoic acid,True
V_2176,91731,UZCGKGPEKUCDTF-UHFFFAOYSA-N,UZCGKGPEKUCDTF-UHFFFAOYSA-N,True,"3-chloro-N-[3-chloro-2,6-dinitro-4-(trifluoromethyl)phenyl]-5-(trifluoromethyl)pyridin-2-amine","3-chloro-N-[3-chloro-2,6-dinitro-4-(trifluoromethyl)phenyl]-5-(trifluoromethyl)pyridin-2-amine",True
V_2353,6276,AMQJEAYHLZJPGS-UHFFFAOYSA-N,AMQJEAYHLZJPGS-UHFFFAOYSA-N,True,pentan-1-ol,pentan-1-ol,True
V_2359,48132,YWSCPYYRJXKUDB-KAKFPZCNSA-N,YWSCPYYRJXKUDB-KAKFPZCNSA-N,True,"cis-[(S)-cyano-(3-phenoxyphenyl)methyl] (1R,3S)-2,2-dimethyl-3-(1,2,2,2-tetrabromoethyl)cyclopropane-1-carboxylate","cis-[(S)-cyano-(3-phenoxyphenyl)methyl] (1R,3S)-2,2-dimethyl-3-(1,2,2,2-tetrabromoethyl)cyclopropane-1-carboxylate",True
V_2050,66770,HPSCXFOQUFPEPE-UHFFFAOYSA-N,HPSCXFOQUFPEPE-UHFFFAOYSA-N,True,2-chloro-5-methylaniline,2-chloro-5-methylaniline,True
V_2053,8697,OBETXYAYXDNJHR-UHFFFAOYSA-N,OBETXYAYXDNJHR-UHFFFAOYSA-N,True,2-ethylhexanoic acid,2-ethylhexanoic acid,True
V_2149,1068,QMMFVYPAHWMCMS-UHFFFAOYSA-N,QMMFVYPAHWMCMS-UHFFFAOYSA-N,True,methylsulfanylmethane,methylsulfanylmethane,True
V_2351,3347,NYPJDWWKZLNGGM-UHFFFAOYSA-N,NYPJDWWKZLNGGM-UHFFFAOYSA-N,True,[cyano-(3-phenoxyphenyl)methyl] 2-(4-chlorophenyl)-3-methylbutanoate,[cyano-(3-phenoxyphenyl)methyl] 2-(4-chlorophenyl)-3-methylbutanoate,True
V_2132,19519,XCJXQCUJXDUNDN-UHFFFAOYSA-N,XCJXQCUJXDUNDN-UHFFFAOYSA-N,True,"1,7,8,9,10,10-hexachlorotricyclo[5.2.1.02,6]deca-3,8-diene","1,7,8,9,10,10-hexachlorotricyclo[5.2.1.02,6]deca-3,8-diene",True
V_2265,7242,RNVCVTLRINQCPJ-UHFFFAOYSA-N,RNVCVTLRINQCPJ-UHFFFAOYSA-N,True,2-methylaniline,2-methylaniline,True
V_2327,7991,NQPDZGIKBAWPEJ-UHFFFAOYSA-N,NQPDZGIKBAWPEJ-UHFFFAOYSA-N,True,pentanoic acid,pentanoic acid,True
V_2336,313,VEXZGXHMUGYJMC-UHFFFAOYSA-N,VEXZGXHMUGYJMC-UHFFFAOYSA-N,True,chlorane,chlorane,True
V_2113,50367,PRLVTUNWOQKEAI-UHFFFAOYSA-N,PRLVTUNWOQKEAI-UHFFFAOYSA-N,True,"2-tert-butylimino-5-phenyl-3-propan-2-yl-1,3,5-thiadiazinan-4-one","2-tert-butylimino-5-phenyl-3-propan-2-yl-1,3,5-thiadiazinan-4-one",True
V_2289,5281045,ROVGZAWFACYCSP-VUMXUWRFSA-N,ROVGZAWFACYCSP-VUMXUWRFSA-N,True,"cis-[(1S)-2-methyl-4-oxo-3-[(2Z)-penta-2,4-dienyl]cyclopent-2-en-1-yl] (1R,3R)-2,2-dimethyl-3-(2-methylprop-1-enyl)cyclopropane-1-carboxylate","cis-[(1S)-2-methyl-4-oxo-3-[(2Z)-penta-2,4-dienyl]cyclopent-2-en-1-yl] (1R,3R)-2,2-dimethyl-3-(2-methylprop-1-enyl)cyclopropane-1-carboxylate",True
V_2360,131634194,NPUJHQNGUMWIMV-UHFFFAOYSA-L,NPUJHQNGUMWIMV-UHFFFAOYSA-L,True,dicalcium;pentamagnesium;[dioxido-[oxo(trioxidosilyloxy)silyl]oxysilyl]oxy-[[dioxido-[oxo(trioxidosilyloxy)silyl]oxysilyl]oxy-oxosilyl]oxy-dioxidosilane;dihydroxide,dicalcium;pentamagnesium;[dioxido-[oxo(trioxidosilyloxy)silyl]oxysilyl]oxy-[[dioxido-[oxo(trioxidosilyloxy)silyl]oxysilyl]oxy-oxosilyl]oxy-dioxidosilane;dihydroxide,True
V_2051,6897,WFNLHDJJZSJARK-UHFFFAOYSA-N,WFNLHDJJZSJARK-UHFFFAOYSA-N,True,2-chloro-6-methylaniline,2-chloro-6-methylaniline,True
V_2068,6581,NIXOWILDQLNWCW-UHFFFAOYSA-N,NIXOWILDQLNWCW-UHFFFAOYSA-N,True,prop-2-enoic acid,prop-2-enoic acid,True
V_2103,18204,GTEXIOINCJRBIO-UHFFFAOYSA-N,GTEXIOINCJRBIO-UHFFFAOYSA-N,True,"2-[2-(dimethylamino)ethoxy]-N,N-dimethylethanamine","2-[2-(dimethylamino)ethoxy]-N,N-dimethylethanamine",True
V_2110,542762,GEHJBWKLJVFKPS-UHFFFAOYSA-N,GEHJBWKLJVFKPS-UHFFFAOYSA-N,True,2-bromo-2-chloroacetic acid,2-bromo-2-chloroacetic acid,True
V_2136,6370,UMNKXPULIDJLSU-UHFFFAOYSA-N,UMNKXPULIDJLSU-UHFFFAOYSA-N,True,dichloro(fluoro)methane,dichloro(fluoro)methane,True
V_2150,7912,UAOMVDZJSHZZME-UHFFFAOYSA-N,UAOMVDZJSHZZME-UHFFFAOYSA-N,True,N-propan-2-ylpropan-2-amine,N-propan-2-ylpropan-2-amine,True
V_2169,37995,FGIWFCGDPUIBEZ-UHFFFAOYSA-N,FGIWFCGDPUIBEZ-UHFFFAOYSA-N,True,(6-ethoxy-2-ethylpyrimidin-4-yl)oxy-dimethoxy-sulfanylidene-lambda5-phosphane,(6-ethoxy-2-ethylpyrimidin-4-yl)oxy-dimethoxy-sulfanylidene-lambda5-phosphane,True
V_2192,6590,KQNPFQTWMSNSAP-UHFFFAOYSA-N,KQNPFQTWMSNSAP-UHFFFAOYSA-N,True,2-methylpropanoic acid,2-methylpropanoic acid,True
V_2194,10870,KXUHSQYYJYAXGZ-UHFFFAOYSA-N,KXUHSQYYJYAXGZ-UHFFFAOYSA-N,True,2-methylpropylbenzene,2-methylpropylbenzene,True
V_2248,6440557,ZXQYGBMAQZUVMI-RDDWSQKMSA-N,ZXQYGBMAQZUVMI-RDDWSQKMSA-N,True,"trans-[(R)-cyano-(3-phenoxyphenyl)methyl] (1S,3S)-3-[(Z)-2-chloro-3,3,3-trifluoroprop-1-enyl]-2,2-dimethylcyclopropane-1-carboxylate","trans-[(R)-cyano-(3-phenoxyphenyl)methyl] (1S,3S)-3-[(Z)-2-chloro-3,3,3-trifluoroprop-1-enyl]-2,2-dimethylcyclopropane-1-carboxylate",True
V_2284,7997,YKYONYBAUNKHLG-UHFFFAOYSA-N,YKYONYBAUNKHLG-UHFFFAOYSA-N,True,propyl acetate,propyl acetate,True
V_2338,73456703,JFXRITDJGBOATP-UHFFFAOYSA-P,JFXRITDJGBOATP-UHFFFAOYSA-P,True,"dicalcium;octakis(dioxido(oxo)silane, null));hydron;pentakis(iron(2+))",dicalcium;octakis(dioxido(oxo)silane);hydron;pentakis(iron(2+)),True
V_2060,7577,YBRVSVVVWCFQMG-UHFFFAOYSA-N,YBRVSVVVWCFQMG-UHFFFAOYSA-N,True,4-[(4-aminophenyl)methyl]aniline,4-[(4-aminophenyl)methyl]aniline,True
V_2145,8111,RPNUMPOLZDHAAY-UHFFFAOYSA-N,RPNUMPOLZDHAAY-UHFFFAOYSA-N,True,"N'-(2-aminoethyl)ethane-1,2-diamine","N'-(2-aminoethyl)ethane-1,2-diamine",True
V_2305,6383,XNNQFQFUQLJSQT-UHFFFAOYSA-N,XNNQFQFUQLJSQT-UHFFFAOYSA-N,True,bromo(trichloro)methane,bromo(trichloro)methane,True
V_2045,11583,QQZOPKMRPOGIEB-UHFFFAOYSA-N,QQZOPKMRPOGIEB-UHFFFAOYSA-N,True,hexan-2-one,hexan-2-one,True
V_2189,8103,ZSIAUFGUXNUGDI-UHFFFAOYSA-N,ZSIAUFGUXNUGDI-UHFFFAOYSA-N,True,hexan-1-ol,hexan-1-ol,True
V_2258,6584,KXKVLQRXCPHEJC-UHFFFAOYSA-N,KXKVLQRXCPHEJC-UHFFFAOYSA-N,True,methyl acetate,methyl acetate,True
V_2054,8076,ZNQVEEAIQZEUHB-UHFFFAOYSA-N,ZNQVEEAIQZEUHB-UHFFFAOYSA-N,True,2-ethoxyethanol,2-ethoxyethanol,True
V_2062,23536,HIHCTGNZNHSZPP-UHFFFAOYSA-N,HIHCTGNZNHSZPP-UHFFFAOYSA-N,True,4-chloro-3-methylaniline,4-chloro-3-methylaniline,True
V_2198,10430,GWYFCOCPABKNJV-UHFFFAOYSA-N,GWYFCOCPABKNJV-UHFFFAOYSA-N,True,3-methylbutanoic acid,3-methylbutanoic acid,True
V_2322,8305,MLGCXEBRWGEOQX-UHFFFAOYSA-N,MLGCXEBRWGEOQX-UHFFFAOYSA-N,True,"1,2,4-trichloro-5-(4-chlorophenyl)sulfonylbenzene","1,2,4-trichloro-5-(4-chlorophenyl)sulfonylbenzene",True
V_2339,131633415,XYCWOLUUHSNDRX-UHFFFAOYSA-L,XYCWOLUUHSNDRX-UHFFFAOYSA-L,True,"[dioxido-[oxo(trioxidosilyloxy)silyl]oxysilyl]oxy-[[dioxido-[oxo(trioxidosilyloxy)silyl]oxysilyl]oxy-oxosilyl]oxy-dioxidosilane;heptakis(iron(2+), null));dihydroxide",[dioxido-[oxo(trioxidosilyloxy)silyl]oxysilyl]oxy-[[dioxido-[oxo(trioxidosilyloxy)silyl]oxysilyl]oxy-oxosilyl]oxy-dioxidosilane;heptakis(iron(2+));dihydroxide,True
V_2115,2541,HTQMVQVXFRQIKW-UHFFFAOYSA-N,HTQMVQVXFRQIKW-UHFFFAOYSA-N,True,2-ethoxy-3-[[4-[2-(2H-tetrazol-5-yl)phenyl]phenyl]methyl]benzimidazole-4-carboxylic acid,2-ethoxy-3-[[4-[2-(2H-tetrazol-5-yl)phenyl]phenyl]methyl]benzimidazole-4-carboxylic acid,True
V_2285,4767,SBNFWQZLDJGRLK-UHFFFAOYSA-N,SBNFWQZLDJGRLK-UHFFFAOYSA-N,True,"(3-phenoxyphenyl)methyl 2,2-dimethyl-3-(2-methylprop-1-enyl)cyclopropane-1-carboxylate","(3-phenoxyphenyl)methyl 2,2-dimethyl-3-(2-methylprop-1-enyl)cyclopropane-1-carboxylate",True
V_2328,7904,XTXRWKRVRITETP-UHFFFAOYSA-N,XTXRWKRVRITETP-UHFFFAOYSA-N,True,ethenyl acetate,ethenyl acetate,True
V_2347,2771,WSEQXVZVJXJVFP-UHFFFAOYSA-N,WSEQXVZVJXJVFP-UHFFFAOYSA-N,True,1-[3-(dimethylamino)propyl]-1-(4-fluorophenyl)-3H-2-benzofuran-5-carbonitrile,1-[3-(dimethylamino)propyl]-1-(4-fluorophenyl)-3H-2-benzofuran-5-carbonitrile,True
V_2111,114809,XSWVFEQKZFUULO-UHFFFAOYSA-N,XSWVFEQKZFUULO-UHFFFAOYSA-N,True,"2-bromo-2,2-dichloroacetic acid","2-bromo-2,2-dichloroacetic acid",True
V_2201,6544,HJOVHMDZYOCNQW-UHFFFAOYSA-N,HJOVHMDZYOCNQW-UHFFFAOYSA-N,True,"3,5,5-trimethylcyclohex-2-en-1-one","3,5,5-trimethylcyclohex-2-en-1-one",True
V_2342,2369,NWIUTZDMDHAVTP-UHFFFAOYSA-N,NWIUTZDMDHAVTP-UHFFFAOYSA-N,True,1-[4-[2-(cyclopropylmethoxy)ethyl]phenoxy]-3-(propan-2-ylamino)propan-2-ol,1-[4-[2-(cyclopropylmethoxy)ethyl]phenoxy]-3-(propan-2-ylamino)propan-2-ol,True
V_2137,14145,WURGXGVFSMYFCG-UHFFFAOYSA-N,WURGXGVFSMYFCG-UHFFFAOYSA-N,True,N-[dichloro(fluoro)methyl]sulfanyl-N-(dimethylsulfamoyl)aniline,N-[dichloro(fluoro)methyl]sulfanyl-N-(dimethylsulfamoyl)aniline,True
V_2193,8038,GJRQTCIYDGXPES-UHFFFAOYSA-N,GJRQTCIYDGXPES-UHFFFAOYSA-N,True,2-methylpropyl acetate,2-methylpropyl acetate,True
V_2262,379,WWZKQHOCKIZLMA-UHFFFAOYSA-N,WWZKQHOCKIZLMA-UHFFFAOYSA-N,True,octanoic acid,octanoic acid,True
V_2178,47759,HAWJXYBZNNRMNO-UHFFFAOYSA-N,HAWJXYBZNNRMNO-UHFFFAOYSA-N,True,"(2,2-dimethyl-3H-1-benzofuran-7-yl) N-[butoxycarbonyl(methyl)amino]sulfanyl-N-methylcarbamate","(2,2-dimethyl-3H-1-benzofuran-7-yl) N-[butoxycarbonyl(methyl)amino]sulfanyl-N-methylcarbamate",True
V_2316,8376,SPSSULHKWOKEEL-UHFFFAOYSA-N,SPSSULHKWOKEEL-UHFFFAOYSA-N,True,"2-methyl-1,3,5-trinitrobenzene","2-methyl-1,3,5-trinitrobenzene",True
V_2348,2783,STJMRWALKKWQGH-UHFFFAOYSA-N,STJMRWALKKWQGH-UHFFFAOYSA-N,True,"1-(4-amino-3,5-dichlorophenyl)-2-(tert-butylamino)ethanol","1-(4-amino-3,5-dichlorophenyl)-2-(tert-butylamino)ethanol",True
V_2105,8007,HQABUPZFAYXKJW-UHFFFAOYSA-N,HQABUPZFAYXKJW-UHFFFAOYSA-N,True,butan-1-amine,butan-1-amine,True
V_2112,6227,KDPAWGWELVVRCH-UHFFFAOYSA-N,KDPAWGWELVVRCH-UHFFFAOYSA-N,True,2-bromoacetic acid,2-bromoacetic acid,True
V_2155,8844,VIZORQUEIQEFRT-UHFFFAOYSA-N,VIZORQUEIQEFRT-UHFFFAOYSA-N,True,diethyl hexanedioate,diethyl hexanedioate,True
V_2177,86398,MUJOIMFVNIBMKC-UHFFFAOYSA-N,MUJOIMFVNIBMKC-UHFFFAOYSA-N,True,"4-(2,2-difluoro-1,3-benzodioxol-4-yl)-1H-pyrrole-3-carbonitrile","4-(2,2-difluoro-1,3-benzodioxol-4-yl)-1H-pyrrole-3-carbonitrile",True
V_2183,8094,MNWFXJYAOYHMED-UHFFFAOYSA-N,MNWFXJYAOYHMED-UHFFFAOYSA-N,True,heptanoic acid,heptanoic acid,True
V_2251,8178,JLGLQAWTXXGVEM-UHFFFAOYSA-N,JLGLQAWTXXGVEM-UHFFFAOYSA-N,True,2-[2-(2-methoxyethoxy)ethoxy]ethanol,2-[2-(2-methoxyethoxy)ethoxy]ethanol,True
V_2299,10908,WMOVHXAZOJBABW-UHFFFAOYSA-N,WMOVHXAZOJBABW-UHFFFAOYSA-N,True,tert-butyl acetate,tert-butyl acetate,True
V_2313,8028,WYURNTSHIVDZCO-UHFFFAOYSA-N,WYURNTSHIVDZCO-UHFFFAOYSA-N,True,oxolane,oxolane,True
V_2340,2159,NTJOBXMMWNYJFB-UHFFFAOYSA-N,NTJOBXMMWNYJFB-UHFFFAOYSA-N,True,4-amino-N-[(1-ethylpyrrolidin-2-yl)methyl]-5-ethylsulfonyl-2-methoxybenzamide,4-amino-N-[(1-ethylpyrrolidin-2-yl)methyl]-5-ethylsulfonyl-2-methoxybenzamide,True
V_2055,7720,YIWUKEYIRIRTPP-UHFFFAOYSA-N,YIWUKEYIRIRTPP-UHFFFAOYSA-N,True,2-ethylhexan-1-ol,2-ethylhexan-1-ol,True
V_2139,6597,JXTHNDFMNIQAHM-UHFFFAOYSA-N,JXTHNDFMNIQAHM-UHFFFAOYSA-N,True,"2,2-dichloroacetic acid","2,2-dichloroacetic acid",True
V_2310,7618,GSEJCLTVZPLZKY-UHFFFAOYSA-N,GSEJCLTVZPLZKY-UHFFFAOYSA-N,True,2-[bis(2-hydroxyethyl)amino]ethanol,2-[bis(2-hydroxyethyl)amino]ethanol,True
V_2352,21732,JBZJEPYXXVKOKF-UHFFFAOYSA-N,JBZJEPYXXVKOKF-UHFFFAOYSA-N,True,"1,4,4,7,8,9,10,10-octachlorotricyclo[5.2.1.02,6]dec-8-ene","1,4,4,7,8,9,10,10-octachlorotricyclo[5.2.1.02,6]dec-8-ene",True
V_2356,6422843,HZRSNVGNWUDEFX-UHFFFAOYSA-N,HZRSNVGNWUDEFX-UHFFFAOYSA-N,True,methyl N-[2-[[1-(4-chlorophenyl)pyrazol-3-yl]oxymethyl]phenyl]-N-methoxycarbamate,methyl N-[2-[[1-(4-chlorophenyl)pyrazol-3-yl]oxymethyl]phenyl]-N-methoxycarbamate,True
V_2287,5372405,BZNDWPRGXNILMS-VQHVLOKHSA-N,BZNDWPRGXNILMS-VQHVLOKHSA-N,True,propan-2-yl (E)-3-[ethylamino(methoxy)phosphinothioyl]oxybut-2-enoate,propan-2-yl (E)-3-[ethylamino(methoxy)phosphinothioyl]oxybut-2-enoate,True
V_2100,176,QTBSBXVTEAMEQO-UHFFFAOYSA-N,QTBSBXVTEAMEQO-UHFFFAOYSA-N,True,acetic acid,acetic acid,True
V_2133,115266,UCZDDMGNCJJAHK-UHFFFAOYSA-N,UCZDDMGNCJJAHK-UHFFFAOYSA-N,True,"2,2-dibromo-2-chloroacetic acid","2,2-dibromo-2-chloroacetic acid",True
V_2175,29936,VTLYFUHAOXGGBS-UHFFFAOYSA-N,VTLYFUHAOXGGBS-UHFFFAOYSA-N,True,iron(3+),iron(3+),True
V_2343,2405,VHYCDWMUTMEGQY-UHFFFAOYSA-N,VHYCDWMUTMEGQY-UHFFFAOYSA-N,True,1-(propan-2-ylamino)-3-[4-(2-propan-2-yloxyethoxymethyl)phenoxy]propan-2-ol,1-(propan-2-ylamino)-3-[4-(2-propan-2-yloxyethoxymethyl)phenoxy]propan-2-ol,True
V_2349,86278622,ULEFFCDROVNTRO-UHFFFAOYSA-N,ULEFFCDROVNTRO-UHFFFAOYSA-N,True,"trimagnesium;disodium;octakis(dihydroxy(oxo)silane, null));bis(iron(3+))",trimagnesium;disodium;octakis(dihydroxy(oxo)silane);bis(iron(3+)),True
V_2142,2969,GHVNFZFCNZKVNT-UHFFFAOYSA-N,GHVNFZFCNZKVNT-UHFFFAOYSA-N,True,decanoic acid,decanoic acid,True
V_2156,3893,POULHZVOKOAJMA-UHFFFAOYSA-N,POULHZVOKOAJMA-UHFFFAOYSA-N,True,dodecanoic acid,dodecanoic acid,True
V_2199,10326,PQNFLJBBNBOBRQ-UHFFFAOYSA-N,PQNFLJBBNBOBRQ-UHFFFAOYSA-N,True,"2,3-dihydro-1H-indene","2,3-dihydro-1H-indene",True
V_2216,14942,RMAQACBXLXPBSY-UHFFFAOYSA-N,RMAQACBXLXPBSY-UHFFFAOYSA-N,True,silicic acid,silicic acid,True
V_2290,7047,SMWDFEZZVXVKRB-UHFFFAOYSA-N,SMWDFEZZVXVKRB-UHFFFAOYSA-N,True,quinoline,quinoline,True
V_2116,8892,FUZZWVXGSFPDMH-UHFFFAOYSA-N,FUZZWVXGSFPDMH-UHFFFAOYSA-N,True,hexanoic acid,hexanoic acid,True
V_2128,13081,VEDTXTNSFWUXGQ-UHFFFAOYSA-N,VEDTXTNSFWUXGQ-UHFFFAOYSA-N,True,(4-chlorophenyl)sulfanylmethylsulfanyl-diethoxy-sulfanylidene-lambda5-phosphane,(4-chlorophenyl)sulfanylmethylsulfanyl-diethoxy-sulfanylidene-lambda5-phosphane,True
V_2152,7902,UEEJHVSXFDXPFK-UHFFFAOYSA-N,UEEJHVSXFDXPFK-UHFFFAOYSA-N,True,2-(dimethylamino)ethanol,2-(dimethylamino)ethanol,True
V_2195,62097,WYVVKGNFXHOCQV-UHFFFAOYSA-N,WYVVKGNFXHOCQV-UHFFFAOYSA-N,True,3-iodoprop-2-ynyl N-butylcarbamate,3-iodoprop-2-ynyl N-butylcarbamate,True
V_2263,5281,QIQXTHQIDYTFRH-UHFFFAOYSA-N,QIQXTHQIDYTFRH-UHFFFAOYSA-N,True,octadecanoic acid,octadecanoic acid,True
V_2337,57370662,QJGQUHMNIGDVPM-UHFFFAOYSA-N,QJGQUHMNIGDVPM-UHFFFAOYSA-N,True,azane,azane,True
V_2354,6437077,IXBQSRWSVIBXNC-ANPQUZCZSA-N,IXBQSRWSVIBXNC-ANPQUZCZSA-N,True,"(2E)-9-[3-(diaminomethylideneamino)propyl]-2-ethylidene-12-[(1E,3E)-6-methoxy-3,5-dimethyl-7-phenylhepta-1,3-dienyl]-1,6,13-trimethyl-3,7,10,14,19-pentaoxo-1,4,8,11,15-pentazacyclononadecane-5,16-dicarboxylic acid","(2E)-9-[3-(diaminomethylideneamino)propyl]-2-ethylidene-12-[(1E,3E)-6-methoxy-3,5-dimethyl-7-phenylhepta-1,3-dienyl]-1,6,13-trimethyl-3,7,10,14,19-pentaoxo-1,4,8,11,15-pentazacyclononadecane-5,16-dicarboxylic acid",True
V_2325,5565,VILCJCGEZXAXTO-UHFFFAOYSA-N,VILCJCGEZXAXTO-UHFFFAOYSA-N,True,"N'-[2-(2-aminoethylamino)ethyl]ethane-1,2-diamine","N'-[2-(2-aminoethylamino)ethyl]ethane-1,2-diamine",True
V_2357,1048,WTKZEGDFNFYCGP-UHFFFAOYSA-N,WTKZEGDFNFYCGP-UHFFFAOYSA-N,True,1H-pyrazole,1H-pyrazole,True
V_1,3224,RDYMFSUJUZBWLH-UHFFFAOYSA-N,RDYMFSUJUZBWLH-UHFFFAOYSA-N,True,"1,9,10,11,12,12-hexachloro-4,6-dioxa-5lambda4-thiatricyclo[7.2.1.02,8]dodec-10-ene 5-oxide","1,9,10,11,12,12-hexachloro-4,6-dioxa-5lambda4-thiatricyclo[7.2.1.02,8]dodec-10-ene 5-oxide",True
V_100,4173,VAOCPAMSLUNLGC-UHFFFAOYSA-N,VAOCPAMSLUNLGC-UHFFFAOYSA-N,True,2-(2-methyl-5-nitroimidazol-1-yl)ethanol,2-(2-methyl-5-nitroimidazol-1-yl)ethanol,True
V_1000,9215,DZBUGLKDJFMEHC-UHFFFAOYSA-N,DZBUGLKDJFMEHC-UHFFFAOYSA-N,True,acridine,acridine,True
V_1001,6854,UJOBWOGCFQCDNV-UHFFFAOYSA-N,UJOBWOGCFQCDNV-UHFFFAOYSA-N,True,9H-carbazole,9H-carbazole,True
V_1002,7221,FCEHBMOGCRZNNI-UHFFFAOYSA-N,FCEHBMOGCRZNNI-UHFFFAOYSA-N,True,1-benzothiophene,1-benzothiophene,True
V_1003,3023,IYYZUPMFVPLQIF-UHFFFAOYSA-N,IYYZUPMFVPLQIF-UHFFFAOYSA-N,True,dibenzothiophene,dibenzothiophene,True
V_1004,6573,WIHMGGWNMISDNJ-UHFFFAOYSA-N,WIHMGGWNMISDNJ-UHFFFAOYSA-N,True,"1,1-dichloropropane","1,1-dichloropropane",True
V_101,1302,CMWTZPSULFXXJA-UHFFFAOYSA-N,CMWTZPSULFXXJA-UHFFFAOYSA-N,True,2-(6-methoxynaphthalen-2-yl)propanoic acid,2-(6-methoxynaphthalen-2-yl)propanoic acid,True
V_1019,7132,MSJLMQTXVKCUCD-UHFFFAOYSA-M,MSJLMQTXVKCUCD-UHFFFAOYSA-M,True,2-dodecylisoquinolin-2-ium bromide,2-dodecylisoquinolin-2-ium bromide,True
V_102,4946,AQHHHDLHHXJYJD-UHFFFAOYSA-N,AQHHHDLHHXJYJD-UHFFFAOYSA-N,True,1-naphthalen-1-yloxy-3-(propan-2-ylamino)propan-2-ol,1-naphthalen-1-yloxy-3-(propan-2-ylamino)propan-2-ol,True
V_1021,2335,SIYLLGKDQZGJHK-UHFFFAOYSA-N,SIYLLGKDQZGJHK-UHFFFAOYSA-N,True,"benzyl-dimethyl-[2-[2-[4-(2,4,4-trimethylpentan-2-yl)phenoxy]ethoxy]ethyl]azanium","benzyl-dimethyl-[2-[2-[4-(2,4,4-trimethylpentan-2-yl)phenoxy]ethoxy]ethyl]azanium",True
V_1022,5974,LZZYPRNAOMGNLH-UHFFFAOYSA-M,LZZYPRNAOMGNLH-UHFFFAOYSA-M,True,hexadecyl(trimethyl)azanium bromide,hexadecyl(trimethyl)azanium bromide,True
V_1023,8816,DVBJBNKEBPCGSY-UHFFFAOYSA-M,DVBJBNKEBPCGSY-UHFFFAOYSA-M,True,1-hexadecylpyridin-1-ium bromide,1-hexadecylpyridin-1-ium bromide,True
V_1026,16958,JGFDZZLUDWMUQH-UHFFFAOYSA-N,JGFDZZLUDWMUQH-UHFFFAOYSA-N,True,didecyl(dimethyl)azanium,didecyl(dimethyl)azanium,True
V_103,5329,JLKIGFTWXXRPMT-UHFFFAOYSA-N,JLKIGFTWXXRPMT-UHFFFAOYSA-N,True,"4-amino-N-(5-methyl-1,2-oxazol-3-yl)benzenesulfonamide","4-amino-N-(5-methyl-1,2-oxazol-3-yl)benzenesulfonamide",True
V_1030,18670,QQJDHWMADUVRDL-UHFFFAOYSA-N,QQJDHWMADUVRDL-UHFFFAOYSA-N,True,didodecyl(dimethyl)azanium,didodecyl(dimethyl)azanium,True
V_1032,15744,SWSFKKWJEHRFFP-UHFFFAOYSA-N,SWSFKKWJEHRFFP-UHFFFAOYSA-N,True,dihexadecyl(dimethyl)azanium,dihexadecyl(dimethyl)azanium,True
V_104,5578,IEDVJHCEMCRBQM-UHFFFAOYSA-N,IEDVJHCEMCRBQM-UHFFFAOYSA-N,True,"5-[(3,4,5-trimethoxyphenyl)methyl]pyrimidine-2,4-diamine","5-[(3,4,5-trimethoxyphenyl)methyl]pyrimidine-2,4-diamine",True
V_105,84029,AGOYDEPGAOXOCK-KCBOHYOISA-N,AGOYDEPGAOXOCK-KCBOHYOISA-N,True,"(3R,4S,5S,6R,7R,9R,11R,12R,13S,14R)-6-[(2S,3R,4S,6R)-4-(dimethylamino)-3-hydroxy-6-methyloxan-2-yl]oxy-14-ethyl-12,13-dihydroxy-4-[(2R,4R,5S,6S)-5-hydroxy-4-methoxy-4,6-dimethyloxan-2-yl]oxy-7-methoxy-3,5,7,9,11,13-hexamethyl-oxacyclotetradecane-2,10-dione","(3R,4S,5S,6R,7R,9R,11R,12R,13S,14R)-6-[(2S,3R,4S,6R)-4-(dimethylamino)-3-hydroxy-6-methyloxan-2-yl]oxy-14-ethyl-12,13-dihydroxy-4-[(2R,4R,5S,6S)-5-hydroxy-4-methoxy-4,6-dimethyloxan-2-yl]oxy-7-methoxy-3,5,7,9,11,13-hexamethyl-oxacyclotetradecane-2,10-dione",True
V_1056,17358,SFZCNBIFKDRMGX-UHFFFAOYSA-N,SFZCNBIFKDRMGX-UHFFFAOYSA-N,True,hexafluoro-lambda6-sulfane,hexafluoro-lambda6-sulfane,True
V_106,12560,ULGZDMOVFRHVEP-RWJQBGPGSA-N,ULGZDMOVFRHVEP-RWJQBGPGSA-N,True,"(3R,4S,5S,6R,7R,9R,11R,12R,13S,14R)-6-[(2S,3R,4S,6R)-4-(dimethylamino)-3-hydroxy-6-methyloxan-2-yl]oxy-14-ethyl-7,12,13-trihydroxy-4-[(2R,4R,5S,6S)-5-hydroxy-4-methoxy-4,6-dimethyloxan-2-yl]oxy-3,5,7,9,11,13-hexamethyl-oxacyclotetradecane-2,10-dione","(3R,4S,5S,6R,7R,9R,11R,12R,13S,14R)-6-[(2S,3R,4S,6R)-4-(dimethylamino)-3-hydroxy-6-methyloxan-2-yl]oxy-14-ethyl-7,12,13-trihydroxy-4-[(2R,4R,5S,6S)-5-hydroxy-4-methoxy-4,6-dimethyloxan-2-yl]oxy-3,5,7,9,11,13-hexamethyl-oxacyclotetradecane-2,10-dione",True
V_1060,297,VNWKTOKETHGBQD-UHFFFAOYSA-N,VNWKTOKETHGBQD-UHFFFAOYSA-N,True,methane,methane,True
V_1062,9152,KHNYNFUTFKJLDD-UHFFFAOYSA-N,KHNYNFUTFKJLDD-UHFFFAOYSA-N,True,"pentacyclo[10.7.1.02,11.03,8.016,20]icosa-1(19),2(11),3,5,7,9,12,14,16(20),17-decaene","pentacyclo[10.7.1.02,11.03,8.016,20]icosa-1(19),2(11),3,5,7,9,12,14,16(20),17-decaene",True
V_107,37807,LAHWLEDBADHJGA-UHFFFAOYSA-N,LAHWLEDBADHJGA-UHFFFAOYSA-N,True,"1,2,4-trichloro-5-(2,5-dichlorophenyl)benzene","1,2,4-trichloro-5-(2,5-dichlorophenyl)benzene",True
V_1073,35802,CPEUVMUXAHMANV-UHFFFAOYSA-N,CPEUVMUXAHMANV-UHFFFAOYSA-N,True,methyl N-[6-(4-fluorobenzoyl)-1H-benzimidazol-2-yl]carbamate,methyl N-[6-(4-fluorobenzoyl)-1H-benzimidazol-2-yl]carbamate,True
V_1074,4830,AXKPFOAXAHJUAG-UHFFFAOYSA-N,AXKPFOAXAHJUAG-UHFFFAOYSA-N,True,1-[4-(4-fluorophenyl)-4-oxobutyl]-4-piperidin-1-ylpiperidine-4-carboxamide,1-[4-(4-fluorophenyl)-4-oxobutyl]-4-piperidin-1-ylpiperidine-4-carboxamide,True
V_1075,1547484,DERZBLKQOCDDDZ-JLHYYAGUSA-N,DERZBLKQOCDDDZ-JLHYYAGUSA-N,True,1-benzhydryl-4-[(E)-3-phenylprop-2-enyl]piperazine,1-benzhydryl-4-[(E)-3-phenylprop-2-enyl]piperazine,True
V_1076,5029,YREYEVIYCVEVJK-UHFFFAOYSA-N,YREYEVIYCVEVJK-UHFFFAOYSA-N,True,2-[[4-(3-methoxypropoxy)-3-methyl-2-pyridinyl]methylsulfinyl]-1H-benzimidazole,2-[[4-(3-methoxypropoxy)-3-methyl-2-pyridinyl]methylsulfinyl]-1H-benzimidazole,True
V_1077,3151,FGXWKSZFVQUSTL-UHFFFAOYSA-N,FGXWKSZFVQUSTL-UHFFFAOYSA-N,True,6-chloro-3-[1-[3-(2-oxo-3H-benzimidazol-1-yl)propyl]piperidin-4-yl]-1H-benzimidazol-2-one,6-chloro-3-[1-[3-(2-oxo-3H-benzimidazol-1-yl)propyl]piperidin-4-yl]-1H-benzimidazol-2-one,True
V_1078,43234,STJLVHWMYQXCPB-UHFFFAOYSA-N,STJLVHWMYQXCPB-UHFFFAOYSA-N,True,"1-[[2-(2,4-dichlorophenyl)-4-propyl-1,3-dioxolan-2-yl]methyl]-1,2,4-triazole","1-[[2-(2,4-dichlorophenyl)-4-propyl-1,3-dioxolan-2-yl]methyl]-1,2,4-triazole",True
V_1079,47576,XMAYWYJOQHXEEK-ZEQKJWHPSA-N,XMAYWYJOQHXEEK-ZEQKJWHPSA-N,True,"1-[4-[4-[[(2S,4R)-2-(2,4-dichlorophenyl)-2-(imidazol-1-ylmethyl)-1,3-dioxolan-4-yl]methoxy]phenyl]piperazin-1-yl]ethanone","1-[4-[4-[[(2S,4R)-2-(2,4-dichlorophenyl)-2-(imidazol-1-ylmethyl)-1,3-dioxolan-4-yl]methoxy]phenyl]piperazin-1-yl]ethanone",True
V_108,35823,IUTPYMGCWINGEY-UHFFFAOYSA-N,IUTPYMGCWINGEY-UHFFFAOYSA-N,True,"1,2,4-trichloro-5-(3,4-dichlorophenyl)benzene","1,2,4-trichloro-5-(3,4-dichlorophenyl)benzene",True
V_1080,4189,BYBLEWFAAKGYCD-UHFFFAOYSA-N,BYBLEWFAAKGYCD-UHFFFAOYSA-N,True,"1-[2-(2,4-dichlorophenyl)-2-[(2,4-dichlorophenyl)methoxy]ethyl]imidazole","1-[2-(2,4-dichlorophenyl)-2-[(2,4-dichlorophenyl)methoxy]ethyl]imidazole",True
V_1081,55283,VHVPQPYKVGDNFY-ZPGVKDDISA-N,VHVPQPYKVGDNFY-ZPGVKDDISA-N,True,"2-butan-2-yl-4-[4-[4-[4-[[(2R,4S)-2-(2,4-dichlorophenyl)-2-(1,2,4-triazol-1-ylmethyl)-1,3-dioxolan-4-yl]methoxy]phenyl]piperazin-1-yl]phenyl]-1,2,4-triazol-3-one","2-butan-2-yl-4-[4-[4-[4-[[(2R,4S)-2-(2,4-dichlorophenyl)-2-(1,2,4-triazol-1-ylmethyl)-1,3-dioxolan-4-yl]methoxy]phenyl]piperazin-1-yl]phenyl]-1,2,4-triazol-3-one",True
V_1085,67636,HYWZIAVPBSTISZ-UHFFFAOYSA-N,HYWZIAVPBSTISZ-UHFFFAOYSA-N,True,"1,1,2,2,3,3,4,4,5,5,6,6,7,7,8,8,9,9,10,10,10-henicosafluorodecane-1-sulfonic acid","1,1,2,2,3,3,4,4,5,5,6,6,7,7,8,8,9,9,10,10,10-henicosafluorodecane-1-sulfonic acid",True
V_1088,37840,YATIGPZCMOYEGE-UHFFFAOYSA-N,YATIGPZCMOYEGE-UHFFFAOYSA-N,True,"1,3,5-tribromo-2-[2-(2,4,6-tribromophenoxy)ethoxy]benzene","1,3,5-tribromo-2-[2-(2,4,6-tribromophenoxy)ethoxy]benzene",True
V_109,37035,RPUMZMSNLZHIGZ-UHFFFAOYSA-N,RPUMZMSNLZHIGZ-UHFFFAOYSA-N,True,"1,2,3-trichloro-4-(2,4,5-trichlorophenyl)benzene","1,2,3-trichloro-4-(2,4,5-trichlorophenyl)benzene",True
V_110,37034,MVWHGTYKUMDIHL-UHFFFAOYSA-N,MVWHGTYKUMDIHL-UHFFFAOYSA-N,True,"1,2,4-trichloro-5-(2,4,5-trichlorophenyl)benzene","1,2,4-trichloro-5-(2,4,5-trichlorophenyl)benzene",True
V_111,37036,WBHQEUPUMONIKF-UHFFFAOYSA-N,WBHQEUPUMONIKF-UHFFFAOYSA-N,True,"1,2,3,4-tetrachloro-5-(2,4,5-trichlorophenyl)benzene","1,2,3,4-tetrachloro-5-(2,4,5-trichlorophenyl)benzene",True
V_112,23448,BZTYNSQSZHARAZ-UHFFFAOYSA-N,BZTYNSQSZHARAZ-UHFFFAOYSA-N,True,"2,4-dichloro-1-(4-chlorophenyl)benzene","2,4-dichloro-1-(4-chlorophenyl)benzene",True
V_113,37248,HCWZEPKLWVAEOV-UHFFFAOYSA-N,HCWZEPKLWVAEOV-UHFFFAOYSA-N,True,"1,4-dichloro-2-(2,5-dichlorophenyl)benzene","1,4-dichloro-2-(2,5-dichlorophenyl)benzene",True
V_114,6734,CWRYPZZKDGJXCA-UHFFFAOYSA-N,CWRYPZZKDGJXCA-UHFFFAOYSA-N,True,"1,2-dihydroacenaphthylene","1,2-dihydroacenaphthylene",True
V_115,9161,HXGDTGSAIMULJN-UHFFFAOYSA-N,HXGDTGSAIMULJN-UHFFFAOYSA-N,True,acenaphthylene,acenaphthylene,True
V_116,8418,MWPLVEDNUUSJAV-UHFFFAOYSA-N,MWPLVEDNUUSJAV-UHFFFAOYSA-N,True,anthracene,anthracene,True
V_117,5954,DXBHBZVCASKNBY-UHFFFAOYSA-N,DXBHBZVCASKNBY-UHFFFAOYSA-N,True,benzo[a]anthracene,benzo[a]anthracene,True
V_118,2336,FMMWHPNWAFZXNH-UHFFFAOYSA-N,FMMWHPNWAFZXNH-UHFFFAOYSA-N,True,benzo[a]pyrene,benzo[a]pyrene,True
V_119,9153,FTOVXSOBNPWTSH-UHFFFAOYSA-N,FTOVXSOBNPWTSH-UHFFFAOYSA-N,True,"pentacyclo[10.7.1.02,7.08,20.013,18]icosa-1(19),2(7),3,5,8(20),9,11,13,15,17-decaene","pentacyclo[10.7.1.02,7.08,20.013,18]icosa-1(19),2(7),3,5,8(20),9,11,13,15,17-decaene",True
V_120,9117,GYFAGKUZYNFMBN-UHFFFAOYSA-N,GYFAGKUZYNFMBN-UHFFFAOYSA-N,True,"hexacyclo[12.8.0.02,11.03,8.04,21.017,22]docosa-1(14),2(11),3(8),4,6,9,12,15,17(22),18,20-undecaene","hexacyclo[12.8.0.02,11.03,8.04,21.017,22]docosa-1(14),2(11),3(8),4,6,9,12,15,17(22),18,20-undecaene",True
V_1202,6386,DKGAVHZHDRPRBM-UHFFFAOYSA-N,DKGAVHZHDRPRBM-UHFFFAOYSA-N,True,2-methylpropan-2-ol,2-methylpropan-2-ol,True
V_1204,68188,OXFUXNFMHFCELM-UHFFFAOYSA-N,OXFUXNFMHFCELM-UHFFFAOYSA-N,True,tripropan-2-yl phosphate,tripropan-2-yl phosphate,True
V_1208,60966,WGTYBPLFGIVFAS-UHFFFAOYSA-M,WGTYBPLFGIVFAS-UHFFFAOYSA-M,True,tetramethylazanium hydroxide,tetramethylazanium hydroxide,True
V_1209,784,MHAJPDPJQMAIIY-UHFFFAOYSA-N,MHAJPDPJQMAIIY-UHFFFAOYSA-N,True,hydrogen peroxide,hydrogen peroxide,True
V_121,9158,HAXBIWFMXWRORI-UHFFFAOYSA-N,HAXBIWFMXWRORI-UHFFFAOYSA-N,True,benzo[k]fluoranthene,benzo[k]fluoranthene,True
V_1212,7955,JDSHMPZPIAZGSV-UHFFFAOYSA-N,JDSHMPZPIAZGSV-UHFFFAOYSA-N,True,"1,3,5-triazine-2,4,6-triamine","1,3,5-triazine-2,4,6-triamine",True
V_122,9171,WDECIBYCCFPHNR-UHFFFAOYSA-N,WDECIBYCCFPHNR-UHFFFAOYSA-N,True,chrysene,chrysene,True
V_123,5889,LHRCREOYAASXPZ-UHFFFAOYSA-N,LHRCREOYAASXPZ-UHFFFAOYSA-N,True,"naphtho[1,2-b]phenanthrene","naphtho[1,2-b]phenanthrene",True
V_1237,11614934,MIFOMMKAVSCNKQ-QNKGDIEWSA-N,MIFOMMKAVSCNKQ-QNKGDIEWSA-N,True,1-[(E)-[2-(4-cyanophenyl)-1-[3-(trifluoromethyl)phenyl]ethylidene]amino]-3-[4-(trifluoromethoxy)phenyl]urea,1-[(E)-[2-(4-cyanophenyl)-1-[3-(trifluoromethyl)phenyl]ethylidene]amino]-3-[4-(trifluoromethoxy)phenyl]urea,True
V_1238,2764,MYSWGUAQZAJSOK-UHFFFAOYSA-N,MYSWGUAQZAJSOK-UHFFFAOYSA-N,True,1-cyclopropyl-6-fluoro-4-oxo-7-piperazin-1-ylquinoline-3-carboxylic acid,1-cyclopropyl-6-fluoro-4-oxo-7-piperazin-1-ylquinoline-3-carboxylic acid,True
V_1239,62883,MQXQVCLAUDMCEF-CWLIKTDRSA-N,MQXQVCLAUDMCEF-CWLIKTDRSA-N,True,"(2S,5R,6R)-6-[[(2R)-2-amino-2-(4-hydroxyphenyl)acetyl]amino]-3,3-dimethyl-7-oxo-4-thia-1-azabicyclo[3.2.0]heptane-2-carboxylic acid;trihydrate","(2S,5R,6R)-6-[[(2R)-2-amino-2-(4-hydroxyphenyl)acetyl]amino]-3,3-dimethyl-7-oxo-4-thia-1-azabicyclo[3.2.0]heptane-2-carboxylic acid;trihydrate",True
V_124,995,YNPNZTXNASCQKK-UHFFFAOYSA-N,YNPNZTXNASCQKK-UHFFFAOYSA-N,True,phenanthrene,phenanthrene,True
V_1240,3018355,LVDGGZAZAYHXEY-UHFFFAOYSA-N,LVDGGZAZAYHXEY-UHFFFAOYSA-N,True,"2,2,3,3,4,4,5,5,6,6,7,7,8,8,9,9,10,10,11,11,12,12,13,13,13-pentacosafluorotridecanoic acid","2,2,3,3,4,4,5,5,6,6,7,7,8,8,9,9,10,10,11,11,12,12,13,13,13-pentacosafluorotridecanoic acid",True
V_1241,23725090,VWAMTBXLZPEDQO-FWEXOAGLSA-N,VWAMTBXLZPEDQO-FWEXOAGLSA-N,True,"(2R,3S,4R,5S,8R,10R,11R,13S,14R)-11-[(2S,3R,4S,6R)-4-(dimethylamino)-3-hydroxy-6-methyloxan-2-yl]oxy-2-ethyl-3,4,10-trihydroxy-13-[(2R,4R,5S,6S)-5-hydroxy-4-methoxy-4,6-dimethyloxan-2-yl]oxy-3,5,8,10,12,14-hexamethyl-7-propyl-1-oxa-7-azacyclopentadecan-15-one","(2R,3S,4R,5S,8R,10R,11R,13S,14R)-11-[(2S,3R,4S,6R)-4-(dimethylamino)-3-hydroxy-6-methyloxan-2-yl]oxy-2-ethyl-3,4,10-trihydroxy-13-[(2R,4R,5S,6S)-5-hydroxy-4-methoxy-4,6-dimethyloxan-2-yl]oxy-3,5,8,10,12,14-hexamethyl-7-propyl-1-oxa-7-azacyclopentadecan-15-one",True
V_1242,3374,DPSPPJIUMHPXMA-UHFFFAOYSA-N,DPSPPJIUMHPXMA-UHFFFAOYSA-N,True,"7-fluoro-12-methyl-4-oxo-1-azatricyclo[7.3.1.05,13]trideca-2,5,7,9(13)-tetraene-3-carboxylic acid","7-fluoro-12-methyl-4-oxo-1-azatricyclo[7.3.1.05,13]trideca-2,5,7,9(13)-tetraene-3-carboxylic acid",True
V_1243,5327,ASWVTGNCAZCNNR-UHFFFAOYSA-N,ASWVTGNCAZCNNR-UHFFFAOYSA-N,True,"4-amino-N-(4,6-dimethylpyrimidin-2-yl)benzenesulfonamide","4-amino-N-(4,6-dimethylpyrimidin-2-yl)benzenesulfonamide",True
V_1244,5215,SEEPANYCNGTZFQ-UHFFFAOYSA-N,SEEPANYCNGTZFQ-UHFFFAOYSA-N,True,4-amino-N-pyrimidin-2-ylbenzenesulfonamide,4-amino-N-pyrimidin-2-ylbenzenesulfonamide,True
V_1245,5280440,WBPYTXDJUQJLPQ-VMXQISHHSA-N,WBPYTXDJUQJLPQ-VMXQISHHSA-N,True,"2-[(4R,5S,6S,7R,9R,11E,13E,15R,16R)-6-[(2R,3R,4R,5S,6R)-5-[(2S,4R,5S,6S)-4,5-dihydroxy-4,6-dimethyloxan-2-yl]oxy-4-(dimethylamino)-3-hydroxy-6-methyloxan-2-yl]oxy-16-ethyl-4-hydroxy-15-[[(2R,3R,4R,5R,6R)-5-hydroxy-3,4-dimethoxy-6-methyloxan-2-yl]oxymethyl]-5,9,13-trimethyl-2,10-dioxo-1-oxacyclohexadeca-11,13-dien-7-yl]acetaldehyde","2-[(4R,5S,6S,7R,9R,11E,13E,15R,16R)-6-[(2R,3R,4R,5S,6R)-5-[(2S,4R,5S,6S)-4,5-dihydroxy-4,6-dimethyloxan-2-yl]oxy-4-(dimethylamino)-3-hydroxy-6-methyloxan-2-yl]oxy-16-ethyl-4-hydroxy-15-[[(2R,3R,4R,5R,6R)-5-hydroxy-3,4-dimethoxy-6-methyloxan-2-yl]oxymethyl]-5,9,13-trimethyl-2,10-dioxo-1-oxacyclohexadeca-11,13-dien-7-yl]acetaldehyde",True
V_1246,114811,AYIRNRDRBQJXIF-NXEZZACHSA-N,AYIRNRDRBQJXIF-NXEZZACHSA-N,True,"2,2-dichloro-N-[(1R,2S)-3-fluoro-1-hydroxy-1-(4-methylsulfonylphenyl)propan-2-yl]acetamide","2,2-dichloro-N-[(1R,2S)-3-fluoro-1-hydroxy-1-(4-methylsulfonylphenyl)propan-2-yl]acetamide",True
V_1247,5336,GECHUMIMRBOMGK-UHFFFAOYSA-N,GECHUMIMRBOMGK-UHFFFAOYSA-N,True,4-amino-N-pyridin-2-ylbenzenesulfonamide,4-amino-N-pyridin-2-ylbenzenesulfonamide,True
V_1248,17134,PJSFRIWCGOHTNF-UHFFFAOYSA-N,PJSFRIWCGOHTNF-UHFFFAOYSA-N,True,"4-amino-N-(5,6-dimethoxypyrimidin-4-yl)benzenesulfonamide","4-amino-N-(5,6-dimethoxypyrimidin-4-yl)benzenesulfonamide",True
V_1249,5325,QPPBRPIAZZHUNT-UHFFFAOYSA-N,QPPBRPIAZZHUNT-UHFFFAOYSA-N,True,4-amino-N-(4-methylpyrimidin-2-yl)benzenesulfonamide,4-amino-N-(4-methylpyrimidin-2-yl)benzenesulfonamide,True
V_125,9154,GVEPBJHOBDJJJI-UHFFFAOYSA-N,GVEPBJHOBDJJJI-UHFFFAOYSA-N,True,fluoranthene,fluoranthene,True
V_1250,5323,ZZORFUFYDOWNEF-UHFFFAOYSA-N,ZZORFUFYDOWNEF-UHFFFAOYSA-N,True,"4-amino-N-(2,6-dimethoxypyrimidin-4-yl)benzenesulfonamide","4-amino-N-(2,6-dimethoxypyrimidin-4-yl)benzenesulfonamide",True
V_1251,54675779,OWFJMIVZYSDULZ-PXOLEDIWSA-N,OWFJMIVZYSDULZ-PXOLEDIWSA-N,True,"(4S,4aR,5S,5aR,6S,12aR)-4-(dimethylamino)-1,5,6,10,11,12a-hexahydroxy-6-methyl-3,12-dioxo-4,4a,5,5a-tetrahydrotetracene-2-carboxamide","(4S,4aR,5S,5aR,6S,12aR)-4-(dimethylamino)-1,5,6,10,11,12a-hexahydroxy-6-methyl-3,12-dioxo-4,4a,5,5a-tetrahydrotetracene-2-carboxamide",True
V_1252,5330,VLYWMPOKSSWJAL-UHFFFAOYSA-N,VLYWMPOKSSWJAL-UHFFFAOYSA-N,True,4-amino-N-(6-methoxypyridazin-3-yl)benzenesulfonamide,4-amino-N-(6-methoxypyridazin-3-yl)benzenesulfonamide,True
V_1253,5488501,KWOLJWUETSQNHB-CFLUDCDHSA-N,KWOLJWUETSQNHB-CFLUDCDHSA-N,True,"(2Z,4S,4aR,5S,5aR,6R,12aS)-2-[amino(hydroxy)methylidene]-4-(dimethylamino)-5,10,11,12a-tetrahydroxy-6-methyl-4a,5,5a,6-tetrahydro-4H-tetracene-1,3,12-trione;dihydrate;hydrochloride","(2Z,4S,4aR,5S,5aR,6R,12aS)-2-[amino(hydroxy)methylidene]-4-(dimethylamino)-5,10,11,12a-tetrahydroxy-6-methyl-4a,5,5a,6-tetrahydro-4H-tetracene-1,3,12-trione;dihydrate;hydrochloride",True
V_1254,5904,JGSARLDLIJGVTE-MBNYWOFBSA-N,JGSARLDLIJGVTE-MBNYWOFBSA-N,True,"(2S,5R,6R)-3,3-dimethyl-7-oxo-6-[(2-phenylacetyl)amino]-4-thia-1-azabicyclo[3.2.0]heptane-2-carboxylic acid","(2S,5R,6R)-3,3-dimethyl-7-oxo-6-[(2-phenylacetyl)amino]-4-thia-1-azabicyclo[3.2.0]heptane-2-carboxylic acid",True
V_1255,6634,XOXHILFPRYWFOD-UHFFFAOYSA-N,XOXHILFPRYWFOD-UHFFFAOYSA-N,True,4-amino-N-(6-chloropyridazin-3-yl)benzenesulfonamide,4-amino-N-(6-chloropyridazin-3-yl)benzenesulfonamide,True
V_1256,4539,OGJPXUAPXNRGGI-UHFFFAOYSA-N,OGJPXUAPXNRGGI-UHFFFAOYSA-N,True,1-ethyl-6-fluoro-4-oxo-7-piperazin-1-ylquinoline-3-carboxylic acid,1-ethyl-6-fluoro-4-oxo-7-piperazin-1-ylquinoline-3-carboxylic acid,True
V_1257,6436128,JTSDBFGMPLKDCD-SWSPHLSKSA-N,JTSDBFGMPLKDCD-SWSPHLSKSA-N,True,"(5S,6S,7R,9R,11E,13E,15R,16R)-6-[(2R,3R,4S,5S,6R)-4-(dimethylamino)-3,5-dihydroxy-6-methyloxan-2-yl]oxy-7-[2-(3,5-dimethylpiperidin-1-yl)ethyl]-16-ethyl-4-hydroxy-15-[[(2R,3R,4R,5R,6R)-5-hydroxy-3,4-dimethoxy-6-methyloxan-2-yl]oxymethyl]-5,9,13-trimethyl-1-oxacyclohexadeca-11,13-diene-2,10-dione","(5S,6S,7R,9R,11E,13E,15R,16R)-6-[(2R,3R,4S,5S,6R)-4-(dimethylamino)-3,5-dihydroxy-6-methyloxan-2-yl]oxy-7-[2-(3,5-dimethylpiperidin-1-yl)ethyl]-16-ethyl-4-hydroxy-15-[[(2R,3R,4R,5R,6R)-5-hydroxy-3,4-dimethoxy-6-methyloxan-2-yl]oxymethyl]-5,9,13-trimethyl-1-oxacyclohexadeca-11,13-diene-2,10-dione",True
V_1258,5340,JNMRHUJNCSQMMB-UHFFFAOYSA-N,JNMRHUJNCSQMMB-UHFFFAOYSA-N,True,"4-amino-N-(1,3-thiazol-2-yl)benzenesulfonamide","4-amino-N-(1,3-thiazol-2-yl)benzenesulfonamide",True
V_1259,56208,XBHBWNFJWIASRO-UHFFFAOYSA-N,XBHBWNFJWIASRO-UHFFFAOYSA-N,True,6-fluoro-1-(4-fluorophenyl)-4-oxo-7-piperazin-1-ylquinoline-3-carboxylic acid,6-fluoro-1-(4-fluorophenyl)-4-oxo-7-piperazin-1-ylquinoline-3-carboxylic acid,True
V_126,6853,NIHNNTQXNPWCJQ-UHFFFAOYSA-N,NIHNNTQXNPWCJQ-UHFFFAOYSA-N,True,9H-fluorene,9H-fluorene,True
V_1260,33255,MLYYVTUWGNIJIB-BXKDBHETSA-N,MLYYVTUWGNIJIB-BXKDBHETSA-N,True,"(6R,7R)-3-[(5-methyl-1,3,4-thiadiazol-2-yl)sulfanylmethyl]-8-oxo-7-[[2-(tetrazol-1-yl)acetyl]amino]-5-thia-1-azabicyclo[4.2.0]oct-2-ene-2-carboxylic acid","(6R,7R)-3-[(5-methyl-1,3,4-thiadiazol-2-yl)sulfanylmethyl]-8-oxo-7-[[2-(tetrazol-1-yl)acetyl]amino]-5-thia-1-azabicyclo[4.2.0]oct-2-ene-2-carboxylic acid",True
V_1261,30699,UQLLWWBDSUHNEB-CZUORRHYSA-N,UQLLWWBDSUHNEB-CZUORRHYSA-N,True,"(6R,7R)-3-(acetyloxymethyl)-8-oxo-7-[(2-pyridin-4-ylsulfanylacetyl)amino]-5-thia-1-azabicyclo[4.2.0]oct-2-ene-2-carboxylic acid","(6R,7R)-3-(acetyloxymethyl)-8-oxo-7-[(2-pyridin-4-ylsulfanylacetyl)amino]-5-thia-1-azabicyclo[4.2.0]oct-2-ene-2-carboxylic acid",True
V_1262,71188,SPFYMRJSYKOXGV-UHFFFAOYSA-N,SPFYMRJSYKOXGV-UHFFFAOYSA-N,True,1-cyclopropyl-7-(4-ethylpiperazin-1-yl)-6-fluoro-4-oxoquinoline-3-carboxylic acid,1-cyclopropyl-7-(4-ethylpiperazin-1-yl)-6-fluoro-4-oxoquinoline-3-carboxylic acid,True
V_1263,54675777,DHPRQBPJLMKORJ-XRNKAMNCSA-N,DHPRQBPJLMKORJ-XRNKAMNCSA-N,True,"(4S,4aS,5aS,6S,12aR)-7-chloro-4-(dimethylamino)-1,6,10,11,12a-pentahydroxy-6-methyl-3,12-dioxo-4,4a,5,5a-tetrahydrotetracene-2-carboxamide","(4S,4aS,5aS,6S,12aR)-7-chloro-4-(dimethylamino)-1,6,10,11,12a-pentahydroxy-6-methyl-3,12-dioxo-4,4a,5,5a-tetrahydrotetracene-2-carboxamide",True
V_1264,3229,IDYZIJYBMGIQMJ-UHFFFAOYSA-N,IDYZIJYBMGIQMJ-UHFFFAOYSA-N,True,"1-ethyl-6-fluoro-4-oxo-7-piperazin-1-yl-1,8-naphthyridine-3-carboxylic acid","1-ethyl-6-fluoro-4-oxo-7-piperazin-1-yl-1,8-naphthyridine-3-carboxylic acid",True
V_1265,27447,ZAIPMKNFIOOWCQ-UEKVPHQBSA-N,ZAIPMKNFIOOWCQ-UEKVPHQBSA-N,True,"(6R,7R)-7-[[(2R)-2-amino-2-phenylacetyl]amino]-3-methyl-8-oxo-5-thia-1-azabicyclo[4.2.0]oct-2-ene-2-carboxylic acid","(6R,7R)-7-[[(2R)-2-amino-2-phenylacetyl]amino]-3-methyl-8-oxo-5-thia-1-azabicyclo[4.2.0]oct-2-ene-2-carboxylic acid",True
V_1266,71335,QMLVECGLEOSESV-RYUDHWBXSA-N,QMLVECGLEOSESV-RYUDHWBXSA-N,True,"1-cyclopropyl-6-fluoro-7-[(1S,4S)-5-methyl-2,5-diazabicyclo[2.2.1]heptan-2-yl]-4-oxoquinoline-3-carboxylic acid","1-cyclopropyl-6-fluoro-7-[(1S,4S)-5-methyl-2,5-diazabicyclo[2.2.1]heptan-2-yl]-4-oxoquinoline-3-carboxylic acid",True
V_1267,21743,FMZXNVLFJHCSAF-DNVCBOLYSA-N,FMZXNVLFJHCSAF-DNVCBOLYSA-N,True,"(6R,7R)-3-[(4-carbamoylpyridin-1-ium-1-yl)methyl]-8-oxo-7-[(2-thiophen-2-ylacetyl)amino]-5-thia-1-azabicyclo[4.2.0]oct-2-ene-2-carboxylate","(6R,7R)-3-[(4-carbamoylpyridin-1-ium-1-yl)methyl]-8-oxo-7-[(2-thiophen-2-ylacetyl)amino]-5-thia-1-azabicyclo[4.2.0]oct-2-ene-2-carboxylate",True
V_1268,162287,IOFHZPVEQXTSQW-BXUZGUMPSA-N,IOFHZPVEQXTSQW-BXUZGUMPSA-N,True,"(6R,7R)-3-(hydroxymethyl)-8-oxo-7-[(2-pyridin-4-ylsulfanylacetyl)amino]-5-thia-1-azabicyclo[4.2.0]oct-2-ene-2-carboxylic acid","(6R,7R)-3-(hydroxymethyl)-8-oxo-7-[(2-pyridin-4-ylsulfanylacetyl)amino]-5-thia-1-azabicyclo[4.2.0]oct-2-ene-2-carboxylic acid",True
V_1269,157385,HBJOXQRURQPDEX-MHXMMLMNSA-N,HBJOXQRURQPDEX-MHXMMLMNSA-N,True,"(2S,4R)-N-[(1S,2S)-2-chloro-1-[(2R,3R,4S,5R,6R)-3,4,5-trihydroxy-6-methylsulfanyloxan-2-yl]propyl]-4-ethylpiperidine-2-carboxamide","(2S,4R)-N-[(1S,2S)-2-chloro-1-[(2R,3R,4S,5R,6R)-3,4,5-trihydroxy-6-methylsulfanyloxan-2-yl]propyl]-4-ethylpiperidine-2-carboxamide",True
V_127,9131,SXQBHARYMNFBPS-UHFFFAOYSA-N,SXQBHARYMNFBPS-UHFFFAOYSA-N,True,"hexacyclo[16.3.1.02,7.08,21.011,20.014,19]docosa-1(22),2,4,6,8(21),9,11(20),12,14(19),15,17-undecaene","hexacyclo[16.3.1.02,7.08,21.011,20.014,19]docosa-1(22),2,4,6,8(21),9,11(20),12,14(19),15,17-undecaene",True
V_1270,2762,VDUWPHTZYNWKRN-UHFFFAOYSA-N,VDUWPHTZYNWKRN-UHFFFAOYSA-N,True,"1-ethyl-4-oxo-[1,3]dioxolo[4,5-g]cinnoline-3-carboxylic acid","1-ethyl-4-oxo-[1,3]dioxolo[4,5-g]cinnoline-3-carboxylic acid",True
V_1271,5289394,ACTOXUHEUCPTEW-CEUOBAOPSA-N,ACTOXUHEUCPTEW-CEUOBAOPSA-N,True,"2-[(4R,5S,6S,7R,9R,10R,11E,13E,16R)-6-[(2S,3R,4R,5S,6R)-5-[(2S,4R,5S,6S)-4,5-dihydroxy-4,6-dimethyloxan-2-yl]oxy-4-(dimethylamino)-3-hydroxy-6-methyloxan-2-yl]oxy-10-[(2R,5S,6R)-5-(dimethylamino)-6-methyloxan-2-yl]oxy-4-hydroxy-5-methoxy-9,16-dimethyl-2-oxo-1-oxacyclohexadeca-11,13-dien-7-yl]acetaldehyde","2-[(4R,5S,6S,7R,9R,10R,11E,13E,16R)-6-[(2S,3R,4R,5S,6R)-5-[(2S,4R,5S,6S)-4,5-dihydroxy-4,6-dimethyloxan-2-yl]oxy-4-(dimethylamino)-3-hydroxy-6-methyloxan-2-yl]oxy-10-[(2R,5S,6R)-5-(dimethylamino)-6-methyloxan-2-yl]oxy-4-hydroxy-5-methoxy-9,16-dimethyl-2-oxo-1-oxacyclohexadeca-11,13-dien-7-yl]acetaldehyde",True
V_1272,656958,UURAUHCOJAIIRQ-QGLSALSOSA-N,UURAUHCOJAIIRQ-QGLSALSOSA-N,True,"[(1S,2R,3S,4S,6R,7R,8R,14R)-4-ethenyl-3-hydroxy-2,4,7,14-tetramethyl-9-oxo-6-tricyclo[5.4.3.01,8]tetradecanyl] 2-[2-(diethylamino)ethylsulfanyl]acetate","[(1S,2R,3S,4S,6R,7R,8R,14R)-4-ethenyl-3-hydroxy-2,4,7,14-tetramethyl-9-oxo-6-tricyclo[5.4.3.01,8]tetradecanyl] 2-[2-(diethylamino)ethylsulfanyl]acetate",True
V_1273,66890,QKLPUVXBJHRFQZ-UHFFFAOYSA-N,QKLPUVXBJHRFQZ-UHFFFAOYSA-N,True,4-amino-N-(6-chloropyrazin-2-yl)benzenesulfonamide,4-amino-N-(6-chloropyrazin-2-yl)benzenesulfonamide,True
V_1274,56206,NOCJXYPHIIZEHN-UHFFFAOYSA-N,NOCJXYPHIIZEHN-UHFFFAOYSA-N,True,6-fluoro-1-(4-fluorophenyl)-7-(4-methylpiperazin-1-yl)-4-oxoquinoline-3-carboxylic acid,6-fluoro-1-(4-fluorophenyl)-7-(4-methylpiperazin-1-yl)-4-oxoquinoline-3-carboxylic acid,True
V_1275,6098,LQOLIRLGBULYKD-JKIFEVAISA-N,LQOLIRLGBULYKD-JKIFEVAISA-N,True,"(2S,5R,6R)-6-[[3-(2-chlorophenyl)-5-methyl-1,2-oxazole-4-carbonyl]amino]-3,3-dimethyl-7-oxo-4-thia-1-azabicyclo[3.2.0]heptane-2-carboxylic acid","(2S,5R,6R)-6-[[3-(2-chlorophenyl)-5-methyl-1,2-oxazole-4-carbonyl]amino]-3,3-dimethyl-7-oxo-4-thia-1-azabicyclo[3.2.0]heptane-2-carboxylic acid",True
V_1276,5959,WIIZWVCIJKGZOK-RKDXNWHRSA-N,WIIZWVCIJKGZOK-RKDXNWHRSA-N,True,"2,2-dichloro-N-[(1R,2R)-1,3-dihydroxy-1-(4-nitrophenyl)propan-2-yl]acetamide","2,2-dichloro-N-[(1R,2R)-1,3-dihydroxy-1-(4-nitrophenyl)propan-2-yl]acetamide",True
V_1277,2955,MQJKPEGWNLWLTK-UHFFFAOYSA-N,MQJKPEGWNLWLTK-UHFFFAOYSA-N,True,4-(4-aminophenyl)sulfonylaniline,4-(4-aminophenyl)sulfonylaniline,True
V_1278,6196,UWYHMGVUTGAWSP-JKIFEVAISA-N,UWYHMGVUTGAWSP-JKIFEVAISA-N,True,"(2S,5R,6R)-3,3-dimethyl-6-[(5-methyl-3-phenyl-1,2-oxazole-4-carbonyl)amino]-7-oxo-4-thia-1-azabicyclo[3.2.0]heptane-2-carboxylic acid","(2S,5R,6R)-3,3-dimethyl-6-[(5-methyl-3-phenyl-1,2-oxazole-4-carbonyl)amino]-7-oxo-4-thia-1-azabicyclo[3.2.0]heptane-2-carboxylic acid",True
V_1279,44187,GCFBRXLSHGKWDP-XCGNWRKASA-N,GCFBRXLSHGKWDP-XCGNWRKASA-N,True,"(6R,7R)-7-[[(2R)-2-[(4-ethyl-2,3-dioxopiperazine-1-carbonyl)amino]-2-(4-hydroxyphenyl)acetyl]amino]-3-[(1-methyltetrazol-5-yl)sulfanylmethyl]-8-oxo-5-thia-1-azabicyclo[4.2.0]oct-2-ene-2-carboxylic acid","(6R,7R)-7-[[(2R)-2-[(4-ethyl-2,3-dioxopiperazine-1-carbonyl)amino]-2-(4-hydroxyphenyl)acetyl]amino]-3-[(1-methyltetrazol-5-yl)sulfanylmethyl]-8-oxo-5-thia-1-azabicyclo[4.2.0]oct-2-ene-2-carboxylic acid",True
V_128,931,UFWIBTONFRDIAS-UHFFFAOYSA-N,UFWIBTONFRDIAS-UHFFFAOYSA-N,True,naphthalene,naphthalene,True
V_1280,5338,NHZLNPMOSADWGC-UHFFFAOYSA-N,NHZLNPMOSADWGC-UHFFFAOYSA-N,True,4-amino-N-quinoxalin-2-ylbenzenesulfonamide,4-amino-N-quinoxalin-2-ylbenzenesulfonamide,True
V_1281,71315660,JOKBPDNPVWSNNL-YOFCFWCLSA-N,JOKBPDNPVWSNNL-YOFCFWCLSA-N,True,"(6R,7R)-3-[[[(2R)-2-amino-2-carboxyethyl]disulfanyl]methyl]-7-[[(2Z)-2-(2-amino-1,3-thiazol-4-yl)-2-methoxyiminoacetyl]amino]-8-oxo-5-thia-1-azabicyclo[4.2.0]oct-2-ene-2-carboxylic acid","(6R,7R)-3-[[[(2R)-2-amino-2-carboxyethyl]disulfanyl]methyl]-7-[[(2Z)-2-(2-amino-1,3-thiazol-4-yl)-2-methoxyiminoacetyl]amino]-8-oxo-5-thia-1-azabicyclo[4.2.0]oct-2-ene-2-carboxylic acid",True
V_1282,51580080,NWXMGUDVXFXRIG-WESIUVDSSA-N,NWXMGUDVXFXRIG-WESIUVDSSA-N,True,"(4S,4aS,5aS,6S,12aR)-2-carbamoyl-4-(dimethylazaniumyl)-6,10,11,12a-tetrahydroxy-6-methyl-3,12-dioxo-4,4a,5,5a-tetrahydrotetracen-1-olate","(4S,4aS,5aS,6S,12aR)-2-carbamoyl-4-(dimethylazaniumyl)-6,10,11,12a-tetrahydroxy-6-methyl-3,12-dioxo-4,4a,5,5a-tetrahydrotetracen-1-olate",True
V_1283,18381,YFAGHNZHGGCZAX-JKIFEVAISA-N,YFAGHNZHGGCZAX-JKIFEVAISA-N,True,"(2S,5R,6R)-6-[[3-(2,6-dichlorophenyl)-5-methyl-1,2-oxazole-4-carbonyl]amino]-3,3-dimethyl-7-oxo-4-thia-1-azabicyclo[3.2.0]heptane-2-carboxylic acid","(2S,5R,6R)-6-[[3-(2,6-dichlorophenyl)-5-methyl-1,2-oxazole-4-carbonyl]amino]-3,3-dimethyl-7-oxo-4-thia-1-azabicyclo[3.2.0]heptane-2-carboxylic acid",True
V_1284,4628,KYGZCKSPAKDVKC-UHFFFAOYSA-N,KYGZCKSPAKDVKC-UHFFFAOYSA-N,True,"5-ethyl-8-oxo-[1,3]dioxolo[4,5-g]quinoline-7-carboxylic acid","5-ethyl-8-oxo-[1,3]dioxolo[4,5-g]quinoline-7-carboxylic acid",True
V_1285,27200,OTVAEFIXJLOWRX-NXEZZACHSA-N,OTVAEFIXJLOWRX-NXEZZACHSA-N,True,"2,2-dichloro-N-[(1R,2R)-1,3-dihydroxy-1-(4-methylsulfonylphenyl)propan-2-yl]acetamide","2,2-dichloro-N-[(1R,2R)-1,3-dihydroxy-1-(4-methylsulfonylphenyl)propan-2-yl]acetamide",True
V_1286,6328657,ZBHXIWJRIFEVQY-IHMPYVIRSA-N,ZBHXIWJRIFEVQY-IHMPYVIRSA-N,True,"(6R,7R)-7-[[(2Z)-2-(2-amino-1,3-thiazol-4-yl)-2-methoxyiminoacetyl]amino]-3-(furan-2-carbonylsulfanylmethyl)-8-oxo-5-thia-1-azabicyclo[4.2.0]oct-2-ene-2-carboxylic acid","(6R,7R)-7-[[(2Z)-2-(2-amino-1,3-thiazol-4-yl)-2-methoxyiminoacetyl]amino]-3-(furan-2-carbonylsulfanylmethyl)-8-oxo-5-thia-1-azabicyclo[4.2.0]oct-2-ene-2-carboxylic acid",True
V_1287,6869,BPLBGHOLXOTWMN-MBNYWOFBSA-N,BPLBGHOLXOTWMN-MBNYWOFBSA-N,True,"(2S,5R,6R)-3,3-dimethyl-7-oxo-6-[(2-phenoxyacetyl)amino]-4-thia-1-azabicyclo[3.2.0]heptane-2-carboxylic acid","(2S,5R,6R)-3,3-dimethyl-7-oxo-6-[(2-phenoxyacetyl)amino]-4-thia-1-azabicyclo[3.2.0]heptane-2-carboxylic acid",True
V_1288,5464355,YWKJNRNSJKEFMK-PQFQYKRASA-N,YWKJNRNSJKEFMK-PQFQYKRASA-N,True,"(6R,7R)-7-[[(2Z)-2-(2-amino-1,3-thiazol-4-yl)-2-methoxyiminoacetyl]amino]-8-oxo-3-(5,6,7,8-tetrahydroquinolin-1-ium-1-ylmethyl)-5-thia-1-azabicyclo[4.2.0]oct-2-ene-2-carboxylate","(6R,7R)-7-[[(2Z)-2-(2-amino-1,3-thiazol-4-yl)-2-methoxyiminoacetyl]amino]-8-oxo-3-(5,6,7,8-tetrahydroquinolin-1-ium-1-ylmethyl)-5-thia-1-azabicyclo[4.2.0]oct-2-ene-2-carboxylate",True
V_1289,4421,MHWLWQUZZRMNGJ-UHFFFAOYSA-N,MHWLWQUZZRMNGJ-UHFFFAOYSA-N,True,"1-ethyl-7-methyl-4-oxo-1,8-naphthyridine-3-carboxylic acid","1-ethyl-7-methyl-4-oxo-1,8-naphthyridine-3-carboxylic acid",True
V_129,31423,BBEAQIROQSPTKN-UHFFFAOYSA-N,BBEAQIROQSPTKN-UHFFFAOYSA-N,True,pyrene,pyrene,True
V_1290,443605,LLYYNOVSVPBRGV-NFQTWZMKSA-N,LLYYNOVSVPBRGV-NFQTWZMKSA-N,True,"[(1S,2R,3S,4S,6R,7R,8R)-4-ethenyl-3-hydroxy-2,4,7,14-tetramethyl-9-oxo-6-tricyclo[5.4.3.01,8]tetradecanyl] 2-[1-[(2-amino-3-methylbutanoyl)amino]-2-methylpropan-2-yl]sulfanylacetate","[(1S,2R,3S,4S,6R,7R,8R)-4-ethenyl-3-hydroxy-2,4,7,14-tetramethyl-9-oxo-6-tricyclo[5.4.3.01,8]tetradecanyl] 2-[1-[(2-amino-3-methylbutanoyl)amino]-2-methylpropan-2-yl]sulfanylacetate",True
V_1291,60651,BPFYOAJNDMUVBL-UHFFFAOYSA-N,BPFYOAJNDMUVBL-UHFFFAOYSA-N,True,"7-fluoro-2-methyl-6-(4-methylpiperazin-1-yl)-10-oxo-4-oxa-1,2-diazatricyclo[7.3.1.05,13]trideca-5(13),6,8,11-tetraene-11-carboxylic acid","7-fluoro-2-methyl-6-(4-methylpiperazin-1-yl)-10-oxo-4-oxa-1,2-diazatricyclo[7.3.1.05,13]trideca-5(13),6,8,11-tetraene-11-carboxylic acid",True
V_1292,8982,GPXLMGHLHQJAGZ-JTDSTZFVSA-N,GPXLMGHLHQJAGZ-JTDSTZFVSA-N,True,"(2S,5R,6R)-6-[(2-ethoxynaphthalene-1-carbonyl)amino]-3,3-dimethyl-7-oxo-4-thia-1-azabicyclo[3.2.0]heptane-2-carboxylic acid","(2S,5R,6R)-6-[(2-ethoxynaphthalene-1-carbonyl)amino]-3,3-dimethyl-7-oxo-4-thia-1-azabicyclo[3.2.0]heptane-2-carboxylic acid",True
V_1293,23985,PCHJSUWPFVWCPO-UHFFFAOYSA-N,PCHJSUWPFVWCPO-UHFFFAOYSA-N,True,gold,gold,True
V_1294,5359367,JCXGWMGPZLAOME-UHFFFAOYSA-N,JCXGWMGPZLAOME-UHFFFAOYSA-N,True,bismuth,bismuth,True
V_1295,5354618,TVFDJXOCXUVLDH-UHFFFAOYSA-N,TVFDJXOCXUVLDH-UHFFFAOYSA-N,True,cesium,cesium,True
V_1296,23912,KBQHZAAAGSGFKK-UHFFFAOYSA-N,KBQHZAAAGSGFKK-UHFFFAOYSA-N,True,dysprosium,dysprosium,True
V_1297,23980,UYAHIZSMUZPPFV-UHFFFAOYSA-N,UYAHIZSMUZPPFV-UHFFFAOYSA-N,True,erbium,erbium,True
V_1298,23981,OGPBJKLSAFTDLK-UHFFFAOYSA-N,OGPBJKLSAFTDLK-UHFFFAOYSA-N,True,europium,europium,True
V_1299,5360835,GYHNNYVSQQEPJS-UHFFFAOYSA-N,GYHNNYVSQQEPJS-UHFFFAOYSA-N,True,gallium,gallium,True
V_13,3053,QPCDCPDFJACHGM-UHFFFAOYSA-N,QPCDCPDFJACHGM-UHFFFAOYSA-N,True,2-[bis[2-[bis(carboxymethyl)amino]ethyl]amino]acetic acid,2-[bis[2-[bis(carboxymethyl)amino]ethyl]amino]acetic acid,True
V_1300,23982,UIWYJDYFSGRHKR-UHFFFAOYSA-N,UIWYJDYFSGRHKR-UHFFFAOYSA-N,True,gadolinium,gadolinium,True
V_1301,6326954,GNPVGFCGXDBREM-UHFFFAOYSA-N,GNPVGFCGXDBREM-UHFFFAOYSA-N,True,germanium,germanium,True
V_1302,23986,VBJZVLUMGGDVMO-UHFFFAOYSA-N,VBJZVLUMGGDVMO-UHFFFAOYSA-N,True,hafnium,hafnium,True
V_1303,23988,KJZYNXUDTRRSPN-UHFFFAOYSA-N,KJZYNXUDTRRSPN-UHFFFAOYSA-N,True,holmium,holmium,True
V_1304,23926,FZLIPJUXYLNCLC-UHFFFAOYSA-N,FZLIPJUXYLNCLC-UHFFFAOYSA-N,True,lanthanum,lanthanum,True
V_1305,23929,OHSVLFRHMCKCQY-UHFFFAOYSA-N,OHSVLFRHMCKCQY-UHFFFAOYSA-N,True,lutetium,lutetium,True
V_1306,23936,GUCVJGMIXFAOAE-UHFFFAOYSA-N,GUCVJGMIXFAOAE-UHFFFAOYSA-N,True,niobium,niobium,True
V_1307,23934,QEFYFXOXNSNQGX-UHFFFAOYSA-N,QEFYFXOXNSNQGX-UHFFFAOYSA-N,True,neodymium,neodymium,True
V_1308,23937,SYQBFIAQOQZEGI-UHFFFAOYSA-N,SYQBFIAQOQZEGI-UHFFFAOYSA-N,True,osmium,osmium,True
V_1309,23942,PUDIUYLPXJFUGB-UHFFFAOYSA-N,PUDIUYLPXJFUGB-UHFFFAOYSA-N,True,praseodymium,praseodymium,True
V_131,12471,NATVSFWWYVJTAZ-UHFFFAOYSA-N,NATVSFWWYVJTAZ-UHFFFAOYSA-N,True,"2,4,6-trichloroaniline","2,4,6-trichloroaniline",True
V_1310,5357696,IGLNJRXAVVLDKE-UHFFFAOYSA-N,IGLNJRXAVVLDKE-UHFFFAOYSA-N,True,rubidium,rubidium,True
V_1311,23950,KJTLSVCANCCWHF-UHFFFAOYSA-N,KJTLSVCANCCWHF-UHFFFAOYSA-N,True,ruthenium,ruthenium,True
V_1312,23952,SIXSYDAISGFNSX-UHFFFAOYSA-N,SIXSYDAISGFNSX-UHFFFAOYSA-N,True,scandium,scandium,True
V_1313,23951,KZUNJOHGWZRPMI-UHFFFAOYSA-N,KZUNJOHGWZRPMI-UHFFFAOYSA-N,True,samarium,samarium,True
V_1314,23956,GUVRBAGPIYLISA-UHFFFAOYSA-N,GUVRBAGPIYLISA-UHFFFAOYSA-N,True,tantalum,tantalum,True
V_1315,23958,GZCRRIHWUXGPOV-UHFFFAOYSA-N,GZCRRIHWUXGPOV-UHFFFAOYSA-N,True,terbium,terbium,True
V_1316,23960,ZSLUVFAKFWKJRC-UHFFFAOYSA-N,ZSLUVFAKFWKJRC-UHFFFAOYSA-N,True,thorium,thorium,True
V_1317,23961,FRNOGLGSGLTDKL-UHFFFAOYSA-N,FRNOGLGSGLTDKL-UHFFFAOYSA-N,True,thulium,thulium,True
V_1318,23993,VWQVUPCCIRVNHF-UHFFFAOYSA-N,VWQVUPCCIRVNHF-UHFFFAOYSA-N,True,yttrium,yttrium,True
V_1319,23992,NAWDYIZEMPQZHO-UHFFFAOYSA-N,NAWDYIZEMPQZHO-UHFFFAOYSA-N,True,ytterbium,ytterbium,True
V_1327,27668,BFGKITSFLPAWGI-UHFFFAOYSA-N,BFGKITSFLPAWGI-UHFFFAOYSA-N,True,chromium(3+),chromium(3+),True
V_1328,13785700,VWGNQYSIWFHEQU-KGEUUOKHSA-N,VWGNQYSIWFHEQU-KGEUUOKHSA-N,True,"(1R,2S,3R,5S,6S,7R,8S)-1,5,6,8,9,10,11,11-octachloro-4-oxatetracyclo[6.2.1.02,7.03,5]undec-9-ene","(1R,2S,3R,5S,6S,7R,8S)-1,5,6,8,9,10,11,11-octachloro-4-oxatetracyclo[6.2.1.02,7.03,5]undec-9-ene",True
V_1329,12313421,OCHOKXCPKDPNQU-FLVMBEMLSA-N,OCHOKXCPKDPNQU-FLVMBEMLSA-N,True,"(1S,2R,3S,5R,6S,7R)-1,3,4,5,7,8,9,10,10-nonachlorotricyclo[5.2.1.02,6]dec-8-ene","(1S,2R,3S,5R,6S,7R)-1,3,4,5,7,8,9,10,10-nonachlorotricyclo[5.2.1.02,6]dec-8-ene",True
V_133,213027,PGOOBECODWQEAB-UHFFFAOYSA-N,PGOOBECODWQEAB-UHFFFAOYSA-N,True,"1-[(2-chloro-1,3-thiazol-5-yl)methyl]-2-methyl-3-nitroguanidine","1-[(2-chloro-1,3-thiazol-5-yl)methyl]-2-methyl-3-nitroguanidine",True
V_1330,91746584,OCHOKXCPKDPNQU-BBXWSCHTSA-N,OCHOKXCPKDPNQU-BBXWSCHTSA-N,True,"(2S,6R)-1,3,4,5,7,8,9,10,10-nonachlorotricyclo[5.2.1.02,6]dec-8-ene","(2S,6R)-1,3,4,5,7,8,9,10,10-nonachlorotricyclo[5.2.1.02,6]dec-8-ene",True
V_1336,114481,CSEBNABAWMZWIF-UHFFFAOYSA-N,CSEBNABAWMZWIF-UHFFFAOYSA-N,True,"2,3,3,3-tetrafluoro-2-(1,1,2,2,3,3,3-heptafluoropropoxy)propanoic acid","2,3,3,3-tetrafluoro-2-(1,1,2,2,3,3,3-heptafluoropropoxy)propanoic acid",True
V_134,5821911,NWWZPOKUUAIXIW-DHZHZOJOSA-N,NWWZPOKUUAIXIW-DHZHZOJOSA-N,True,"(NE)-N-[3-[(2-chloro-1,3-thiazol-5-yl)methyl]-5-methyl-1,3,5-oxadiazinan-4-ylidene]nitramide","(NE)-N-[3-[(2-chloro-1,3-thiazol-5-yl)methyl]-5-methyl-1,3,5-oxadiazinan-4-ylidene]nitramide",True
V_1348,6860,DBUXSCUEGJMZAE-UHFFFAOYSA-N,DBUXSCUEGJMZAE-UHFFFAOYSA-N,True,methylmercury(1+),methylmercury(1+),True
V_135,86418,YWTYJOPNNQFBPC-UHFFFAOYSA-N,YWTYJOPNNQFBPC-UHFFFAOYSA-N,True,"N-[1-[(6-chloro-3-pyridinyl)methyl]-4,5-dihydroimidazol-2-yl]nitramide","N-[1-[(6-chloro-3-pyridinyl)methyl]-4,5-dihydroimidazol-2-yl]nitramide",True
V_1352,106027,OJMBMWRMTMHMSZ-UHFFFAOYSA-N,OJMBMWRMTMHMSZ-UHFFFAOYSA-N,True,"2,2,3,3,4,4,5,5,6,6,7,7,8,8,9,9,10,10,11,11,12,12,13,13,14,14,15,15,16,16,16-hentriacontafluorohexadecanoic acid","2,2,3,3,4,4,5,5,6,6,7,7,8,8,9,9,10,10,11,11,12,12,13,13,14,14,15,15,16,16,16-hentriacontafluorohexadecanoic acid",True
V_1353,167547,ZTSDOGSKTICNPQ-UHFFFAOYSA-N,ZTSDOGSKTICNPQ-UHFFFAOYSA-N,True,"2,2,3,3,4,4,5,5,6,6,7,7,8,8,9,9,10,10,11,11,12,12,13,13,14,14,15,15,16,16,17,17,18,18,18-pentatriacontafluorooctadecanoic acid","2,2,3,3,4,4,5,5,6,6,7,7,8,8,9,9,10,10,11,11,12,12,13,13,14,14,15,15,16,16,17,17,18,18,18-pentatriacontafluorooctadecanoic acid",True
V_1354,75922,ACEKLXZRZOWKRY-UHFFFAOYSA-N,ACEKLXZRZOWKRY-UHFFFAOYSA-N,True,"1,1,2,2,3,3,4,4,5,5,5-undecafluoropentane-1-sulfonic acid","1,1,2,2,3,3,4,4,5,5,5-undecafluoropentane-1-sulfonic acid",True
V_1355,67820,OYGQVDSRYXATEL-UHFFFAOYSA-N,OYGQVDSRYXATEL-UHFFFAOYSA-N,True,"1,1,2,2,3,3,4,4,5,5,6,6,7,7,7-pentadecafluoroheptane-1-sulfonic acid","1,1,2,2,3,3,4,4,5,5,6,6,7,7,7-pentadecafluoroheptane-1-sulfonic acid",True
V_1358,20734543,TXGIGTRUEITPSC-UHFFFAOYSA-N,TXGIGTRUEITPSC-UHFFFAOYSA-N,True,"3,3,4,4,5,5,6,6,6-nonafluorohexane-1-sulfonic acid","3,3,4,4,5,5,6,6,6-nonafluorohexane-1-sulfonic acid",True
V_1359,119688,VIONGDJUYAYOPU-UHFFFAOYSA-N,VIONGDJUYAYOPU-UHFFFAOYSA-N,True,"3,3,4,4,5,5,6,6,7,7,8,8,8-tridecafluorooctane-1-sulfonic acid","3,3,4,4,5,5,6,6,7,7,8,8,8-tridecafluorooctane-1-sulfonic acid",True
V_136,5253,ZBMZVLHSJCTVON-UHFFFAOYSA-N,ZBMZVLHSJCTVON-UHFFFAOYSA-N,True,N-[4-[1-hydroxy-2-(propan-2-ylamino)ethyl]phenyl]methanesulfonamide,N-[4-[1-hydroxy-2-(propan-2-ylamino)ethyl]phenyl]methanesulfonamide,True
V_1360,3016044,ALVYVCQIFHTIRD-UHFFFAOYSA-N,ALVYVCQIFHTIRD-UHFFFAOYSA-N,True,"3,3,4,4,5,5,6,6,7,7,8,8,9,9,10,10,10-heptadecafluorodecane-1-sulfonic acid","3,3,4,4,5,5,6,6,7,7,8,8,9,9,10,10,10-heptadecafluorodecane-1-sulfonic acid",True
V_1361,23136180,AJMAYLFJZQYRHN-UHFFFAOYSA-N,AJMAYLFJZQYRHN-UHFFFAOYSA-N,True,"3,3,4,4,5,5,6,6,7,7,8,8,9,9,10,10,11,11,12,12,12-henicosafluorododecane-1-sulfonic acid","3,3,4,4,5,5,6,6,7,7,8,8,9,9,10,10,11,11,12,12,12-henicosafluorododecane-1-sulfonic acid",True
V_1362,22286931,QNDHIRFIMVNHBN-UHFFFAOYSA-N,QNDHIRFIMVNHBN-UHFFFAOYSA-N,True,"2-[1,1,2,2,3,3,4,4,5,5,6,6,7,7,8,8,8-heptadecafluorooctylsulfonyl(methyl)amino]acetic acid","2-[1,1,2,2,3,3,4,4,5,5,6,6,7,7,8,8,8-heptadecafluorooctylsulfonyl(methyl)amino]acetic acid",True
V_1363,18134,CKRXVVGETMYFIO-UHFFFAOYSA-N,CKRXVVGETMYFIO-UHFFFAOYSA-N,True,"2-[ethyl(1,1,2,2,3,3,4,4,5,5,6,6,7,7,8,8,8-heptadecafluorooctylsulfonyl)amino]acetic acid","2-[ethyl(1,1,2,2,3,3,4,4,5,5,6,6,7,7,8,8,8-heptadecafluorooctylsulfonyl)amino]acetic acid",True
V_1364,3034468,SRMWNTGHXHOWBT-UHFFFAOYSA-N,SRMWNTGHXHOWBT-UHFFFAOYSA-N,True,"1,1,2,2,3,3,4,4,5,5,6,6,7,7,8,8,8-heptadecafluoro-N-methyloctane-1-sulfonamide","1,1,2,2,3,3,4,4,5,5,6,6,7,7,8,8,8-heptadecafluoro-N-methyloctane-1-sulfonamide",True
V_1365,3022253,AFWOYEYXUDHGHF-UHFFFAOYSA-N,AFWOYEYXUDHGHF-UHFFFAOYSA-N,True,"bis(3,3,4,4,5,5,6,6,7,7,8,8,9,9,10,10,10-heptadecafluorodecyl) hydrogen phosphate","bis(3,3,4,4,5,5,6,6,7,7,8,8,9,9,10,10,10-heptadecafluorodecyl) hydrogen phosphate",True
V_137,3639,JZUFKLXOESDKRF-UHFFFAOYSA-N,JZUFKLXOESDKRF-UHFFFAOYSA-N,True,"6-chloro-1,1-dioxo-3,4-dihydro-2H-1lambda6,2,4-benzothiadiazine-7-sulfonamide","6-chloro-1,1-dioxo-3,4-dihydro-2H-1lambda6,2,4-benzothiadiazine-7-sulfonamide",True
V_1370,7220,QRUDEWIWKLJBPS-UHFFFAOYSA-N,QRUDEWIWKLJBPS-UHFFFAOYSA-N,True,2H-benzotriazole,2H-benzotriazole,True
V_1371,15553,HUBANNPOLNYSAD-UHFFFAOYSA-N,HUBANNPOLNYSAD-UHFFFAOYSA-N,True,"3,6-dichloropyridine-2-carboxylic acid","3,6-dichloropyridine-2-carboxylic acid",True
V_1374,47364,SPTHHTGLGVZZRH-UHFFFAOYSA-N,SPTHHTGLGVZZRH-UHFFFAOYSA-N,True,2-trimethylarsoniumylacetate,2-trimethylarsoniumylacetate,True
V_1375,8948,QYPPRTNMGCREIM-UHFFFAOYSA-N,QYPPRTNMGCREIM-UHFFFAOYSA-N,True,methylarsonic acid,methylarsonic acid,True
V_1376,2513,OGGXGZAMXPVRFZ-UHFFFAOYSA-N,OGGXGZAMXPVRFZ-UHFFFAOYSA-N,True,dimethylarsinic acid,dimethylarsinic acid,True
V_1377,104820,ORLOBEXOFQEWFQ-UHFFFAOYSA-N,ORLOBEXOFQEWFQ-UHFFFAOYSA-N,True,2-hydroxyethyl(trimethyl)arsanium,2-hydroxyethyl(trimethyl)arsanium,True
V_1378,86998,MNEXVZFQQPKDHC-UHFFFAOYSA-N,MNEXVZFQQPKDHC-UHFFFAOYSA-N,True,"1,1,2,2,3,3,4,4,5,5,6,6,7,7,8,8,9,9,9-nonadecafluorononane-1-sulfonic acid","1,1,2,2,3,3,4,4,5,5,6,6,7,7,8,8,9,9,9-nonadecafluorononane-1-sulfonic acid",True
V_1379,87490983,PLWXPXSPYCHPTF-UHFFFAOYSA-N,PLWXPXSPYCHPTF-UHFFFAOYSA-N,True,"azanium 2,2,3-trifluoro-3-[1,1,2,2,3,3-hexafluoro-3-(trifluoromethoxy)propoxy]propanoate","azanium 2,2,3-trifluoro-3-[1,1,2,2,3,3-hexafluoro-3-(trifluoromethoxy)propoxy]propanoate",True
V_138,3090,IBXPYPUJPLLOIN-UHFFFAOYSA-N,IBXPYPUJPLLOIN-UHFFFAOYSA-N,True,"1,2-dimethyl-5-nitroimidazole","1,2-dimethyl-5-nitroimidazole",True
V_1380,101650,ICKAEAFPESRWOT-UHFFFAOYSA-N,ICKAEAFPESRWOT-UHFFFAOYSA-N,True,"1,2,2,3,3,4,5,5,6,6-decafluoro-4-(1,1,2,2,2-pentafluoroethyl)cyclohexane-1-sulfonic acid","1,2,2,3,3,4,5,5,6,6-decafluoro-4-(1,1,2,2,2-pentafluoroethyl)cyclohexane-1-sulfonic acid",True
V_1381,3018866,CFCRODHVHXGTPC-UHFFFAOYSA-N,CFCRODHVHXGTPC-UHFFFAOYSA-N,True,"1,1,2,2,3,3,4,4,5,5,6,6,7,7,8,8,9,9,10,10,11,11,12,12,12-pentacosafluorododecane-1-sulfonic acid","1,1,2,2,3,3,4,4,5,5,6,6,7,7,8,8,9,9,10,10,11,11,12,12,12-pentacosafluorododecane-1-sulfonic acid",True
V_1382,14550408,ZDYYWMSLMLTXDM-UHFFFAOYSA-N,ZDYYWMSLMLTXDM-UHFFFAOYSA-N,True,"bis(3,3,4,4,5,5,6,6,7,7,8,8,8-tridecafluorooctyl) hydrogen phosphate","bis(3,3,4,4,5,5,6,6,7,7,8,8,8-tridecafluorooctyl) hydrogen phosphate",True
V_1383,101536705,KHLRYLUKBJEYFH-UHFFFAOYSA-N,KHLRYLUKBJEYFH-UHFFFAOYSA-N,True,"3,3,4,4,5,5,6,6,7,7,8,8,9,9,10,10,10-heptadecafluorodecyl 3,3,4,4,5,5,6,6,7,7,8,8,8-tridecafluorooctyl hydrogen phosphate","3,3,4,4,5,5,6,6,7,7,8,8,9,9,10,10,10-heptadecafluorodecyl 3,3,4,4,5,5,6,6,7,7,8,8,8-tridecafluorooctyl hydrogen phosphate",True
V_1384,22833,YGUFQYGSBVXPMC-UHFFFAOYSA-N,YGUFQYGSBVXPMC-UHFFFAOYSA-N,True,"4-chloro-2,5-dimethoxyaniline","4-chloro-2,5-dimethoxyaniline",True
V_1385,12466,GBKZRUCVLTWAML-UHFFFAOYSA-N,GBKZRUCVLTWAML-UHFFFAOYSA-N,True,"2,3,4,5-tetrachloroaniline","2,3,4,5-tetrachloroaniline",True
V_1386,125017,KYYIDSXMWOZKMP-UHFFFAOYSA-N,KYYIDSXMWOZKMP-UHFFFAOYSA-N,True,4-[2-(dimethylamino)-1-(1-hydroxycyclohexyl)ethyl]phenol,4-[2-(dimethylamino)-1-(1-hydroxycyclohexyl)ethyl]phenol,True
V_1387,10936292,WXUZAHCNPWONDH-DYTRJAOYSA-N,WXUZAHCNPWONDH-DYTRJAOYSA-N,True,"(2E)-2-[2-[(2,5-dimethylphenoxy)methyl]phenyl]-2-methoxyimino-N-methylacetamide","(2E)-2-[2-[(2,5-dimethylphenoxy)methyl]phenyl]-2-methoxyimino-N-methylacetamide",True
V_1388,213032,PCCSBWNGDMYFCW-UHFFFAOYSA-N,PCCSBWNGDMYFCW-UHFFFAOYSA-N,True,"3-anilino-5-methyl-5-(4-phenoxyphenyl)-1,3-oxazolidine-2,4-dione","3-anilino-5-methyl-5-(4-phenoxyphenyl)-1,3-oxazolidine-2,4-dione",True
V_1389,2812,VNFPBHJOKIVQEB-UHFFFAOYSA-N,VNFPBHJOKIVQEB-UHFFFAOYSA-N,True,1-[(2-chlorophenyl)-diphenylmethyl]imidazole,1-[(2-chlorophenyl)-diphenylmethyl]imidazole,True
V_139,3676,NNJVILVZKWQKPM-UHFFFAOYSA-N,NNJVILVZKWQKPM-UHFFFAOYSA-N,True,"2-(diethylamino)-N-(2,6-dimethylphenyl)acetamide","2-(diethylamino)-N-(2,6-dimethylphenyl)acetamide",True
V_1390,3365,RFHAOTPXVQNOHP-UHFFFAOYSA-N,RFHAOTPXVQNOHP-UHFFFAOYSA-N,True,"2-(2,4-difluorophenyl)-1,3-bis(1,2,4-triazol-1-yl)propan-2-ol","2-(2,4-difluorophenyl)-1,3-bis(1,2,4-triazol-1-yl)propan-2-ol",True
V_1391,86211,QTYCMDBMOLSEAM-UHFFFAOYSA-N,QTYCMDBMOLSEAM-UHFFFAOYSA-N,True,"2-[(4-chlorophenyl)methyl]-5-propan-2-yl-1-(1,2,4-triazol-1-ylmethyl)cyclopentan-1-ol","2-[(4-chlorophenyl)methyl]-5-propan-2-yl-1-(1,2,4-triazol-1-ylmethyl)cyclopentan-1-ol",True
V_1392,37175,PZBPKYOVPCNPJY-UHFFFAOYSA-N,PZBPKYOVPCNPJY-UHFFFAOYSA-N,True,"1-[2-(2,4-dichlorophenyl)-2-prop-2-enoxyethyl]imidazole","1-[2-(2,4-dichlorophenyl)-2-prop-2-enoxyethyl]imidazole",True
V_1393,86210,XWPZUHJBOLQNMN-UHFFFAOYSA-N,XWPZUHJBOLQNMN-UHFFFAOYSA-N,True,"5-[(4-chlorophenyl)methyl]-2,2-dimethyl-1-(1,2,4-triazol-1-ylmethyl)cyclopentan-1-ol","5-[(4-chlorophenyl)methyl]-2,2-dimethyl-1-(1,2,4-triazol-1-ylmethyl)cyclopentan-1-ol",True
V_1394,80277,LQDARGUHUSPFNL-UHFFFAOYSA-N,LQDARGUHUSPFNL-UHFFFAOYSA-N,True,"1-[2-(2,4-dichlorophenyl)-3-(1,1,2,2-tetrafluoroethoxy)propyl]-1,2,4-triazole","1-[2-(2,4-dichlorophenyl)-3-(1,1,2,2-tetrafluoroethoxy)propyl]-1,2,4-triazole",True
V_1395,77797,CCEKAJIANROZEO-UHFFFAOYSA-N,CCEKAJIANROZEO-UHFFFAOYSA-N,True,"N-ethyl-1,1,2,2,3,3,4,4,5,5,6,6,7,7,8,8,8-heptadecafluorooctane-1-sulfonamide","N-ethyl-1,1,2,2,3,3,4,4,5,5,6,6,7,7,8,8,8-heptadecafluorooctane-1-sulfonamide",True
V_1396,14250578,FZTRDYSPWWJCOF-UHFFFAOYSA-N,FZTRDYSPWWJCOF-UHFFFAOYSA-N,True,"3,3,4,4,5,5,6,6,7,7,8,8,8-tridecafluorooctyl dihydrogen phosphate","3,3,4,4,5,5,6,6,7,7,8,8,8-tridecafluorooctyl dihydrogen phosphate",True
V_1397,10143739,MIABSAQIFYEDJP-UHFFFAOYSA-N,MIABSAQIFYEDJP-UHFFFAOYSA-N,True,"3,3,4,4,5,5,6,6,7,7,8,8,9,9,10,10,10-heptadecafluorodecyl dihydrogen phosphate","3,3,4,4,5,5,6,6,7,7,8,8,9,9,10,10,10-heptadecafluorodecyl dihydrogen phosphate",True
V_1398,10507011,AYLOUUCBACYHAB-UHFFFAOYSA-N,AYLOUUCBACYHAB-UHFFFAOYSA-N,True,"2-(1,1,2,2,3,3,4,4,5,5,6,6,7,7,8,8,8-heptadecafluorooctylsulfonylamino)acetic acid","2-(1,1,2,2,3,3,4,4,5,5,6,6,7,7,8,8,8-heptadecafluorooctylsulfonylamino)acetic acid",True
V_140,2206,VEQOALNAAJBPNY-UHFFFAOYSA-N,VEQOALNAAJBPNY-UHFFFAOYSA-N,True,"1,5-dimethyl-2-phenylpyrazol-3-one","1,5-dimethyl-2-phenylpyrazol-3-one",True
V_1401,11158353,KVDJTXBXMWJJEF-UHFFFAOYSA-N,KVDJTXBXMWJJEF-UHFFFAOYSA-N,True,N-[2-[3-chloro-5-(trifluoromethyl)-2-pyridinyl]ethyl]-2-(trifluoromethyl)benzamide,N-[2-[3-chloro-5-(trifluoromethyl)-2-pyridinyl]ethyl]-2-(trifluoromethyl)benzamide,True
V_1402,12731198,BJNCSIWIMCWIMS-UHFFFAOYSA-N,BJNCSIWIMCWIMS-UHFFFAOYSA-N,True,"2,2,3,3,4,4,5,5,6,6,7,7,8,8,9,9,10,10,11,11,12,12,13,13,14,14,15,15,15-nonacosafluoropentadecanoic acid","2,2,3,3,4,4,5,5,6,6,7,7,8,8,9,9,10,10,11,11,12,12,13,13,14,14,15,15,15-nonacosafluoropentadecanoic acid",True
V_1403,10958205,FUVKFLJWBHVMHX-UHFFFAOYSA-N,FUVKFLJWBHVMHX-UHFFFAOYSA-N,True,"1,1,2,2,3,3,4,4,4-nonafluorobutane-1-sulfonamide","1,1,2,2,3,3,4,4,4-nonafluorobutane-1-sulfonamide",True
V_1404,109968,GFZPUWKGPNHWHD-UHFFFAOYSA-N,GFZPUWKGPNHWHD-UHFFFAOYSA-N,True,"1,1,2,2,3,3,4,4,4-nonafluoro-N-methylbutane-1-sulfonamide","1,1,2,2,3,3,4,4,4-nonafluoro-N-methylbutane-1-sulfonamide",True
V_1405,22286935,SKGBGOQHXBAKKO-UHFFFAOYSA-N,SKGBGOQHXBAKKO-UHFFFAOYSA-N,True,"2-[methyl(1,1,2,2,3,3,4,4,4-nonafluorobutylsulfonyl)amino]acetic acid","2-[methyl(1,1,2,2,3,3,4,4,4-nonafluorobutylsulfonyl)amino]acetic acid",True
V_1406,11603678,WDZLGCSJJWEQJO-UHFFFAOYSA-N,WDZLGCSJJWEQJO-UHFFFAOYSA-N,True,"1,1,2,2,3,3,4,4,5,5,6,6,6-tridecafluorohexane-1-sulfonamide","1,1,2,2,3,3,4,4,5,5,6,6,6-tridecafluorohexane-1-sulfonamide",True
V_1407,52915299,AFDRCEOKCOUICI-UHFFFAOYSA-N,AFDRCEOKCOUICI-UHFFFAOYSA-N,True,"2,2,3-trifluoro-3-[1,1,2,2,3,3-hexafluoro-3-(trifluoromethoxy)propoxy]propanoic acid","2,2,3-trifluoro-3-[1,1,2,2,3,3-hexafluoro-3-(trifluoromethoxy)propoxy]propanoic acid",True
V_1408,22141518,UKHUPOMCGUFNAP-UHFFFAOYSA-N,UKHUPOMCGUFNAP-UHFFFAOYSA-N,True,"1,1,2,2,3,3,4,4,5,5,6,6,7,7,8,8,9,9,10,10,11,11,11-tricosafluoroundecane-1-sulfonic acid","1,1,2,2,3,3,4,4,5,5,6,6,7,7,8,8,9,9,10,10,11,11,11-tricosafluoroundecane-1-sulfonic acid",True
V_1409,21964789,JMIXTHMPTMXARZ-UHFFFAOYSA-N,JMIXTHMPTMXARZ-UHFFFAOYSA-N,True,"1,1,2,2,3,3,4,4,5,5,6,6,7,7,8,8,9,9,10,10,11,11,12,12,13,13,13-heptacosafluorotridecane-1-sulfonic acid","1,1,2,2,3,3,4,4,5,5,6,6,7,7,8,8,9,9,10,10,11,11,12,12,13,13,13-heptacosafluorotridecane-1-sulfonic acid",True
V_141,4740,BYPFEZZEUUWMEJ-UHFFFAOYSA-N,BYPFEZZEUUWMEJ-UHFFFAOYSA-N,True,"3,7-dimethyl-1-(5-oxohexyl)purine-2,6-dione","3,7-dimethyl-1-(5-oxohexyl)purine-2,6-dione",True
V_1417,15509897,KXEOYBYEJCRPGB-UHFFFAOYSA-N,KXEOYBYEJCRPGB-UHFFFAOYSA-N,True,"1,3,5-tribromo-2-(3,4-dibromophenoxy)benzene","1,3,5-tribromo-2-(3,4-dibromophenoxy)benzene",True
V_1418,15509896,SJNIIWPIAVQNRK-UHFFFAOYSA-N,SJNIIWPIAVQNRK-UHFFFAOYSA-N,True,"1,2,3-tribromo-5-(3,4-dibromophenoxy)benzene","1,2,3-tribromo-5-(3,4-dibromophenoxy)benzene",True
V_1419,15254861,IZFQCEZFGCMHOM-UHFFFAOYSA-N,IZFQCEZFGCMHOM-UHFFFAOYSA-N,True,"1,2,3-tribromo-4-(2,4,5-tribromophenoxy)benzene","1,2,3-tribromo-4-(2,4,5-tribromophenoxy)benzene",True
V_142,3108,IZEKFCXSFNUWAM-UHFFFAOYSA-N,IZEKFCXSFNUWAM-UHFFFAOYSA-N,True,"2-[[2-[bis(2-hydroxyethyl)amino]-4,8-di(piperidin-1-yl)pyrimido[5,4-d]pyrimidin-6-yl]-(2-hydroxyethyl)amino]ethanol","2-[[2-[bis(2-hydroxyethyl)amino]-4,8-di(piperidin-1-yl)pyrimido[5,4-d]pyrimidin-6-yl]-(2-hydroxyethyl)amino]ethanol",True
V_1420,71363340,JSDPCMJWYRDQEV-UHFFFAOYSA-N,JSDPCMJWYRDQEV-UHFFFAOYSA-N,True,"1,2,3,4-tetrabromo-5-(3,4-dibromophenoxy)benzene","1,2,3,4-tetrabromo-5-(3,4-dibromophenoxy)benzene",True
V_1421,14274807,VYBFILXLBMWOLI-UHFFFAOYSA-N,VYBFILXLBMWOLI-UHFFFAOYSA-N,True,"2,4-dibromo-1-(2-bromophenoxy)benzene","2,4-dibromo-1-(2-bromophenoxy)benzene",True
V_1422,10930591,JHDCZVAQPRXHEL-UHFFFAOYSA-N,JHDCZVAQPRXHEL-UHFFFAOYSA-N,True,"1,2,3,5-tetrabromo-4-(2,4,6-tribromophenoxy)benzene","1,2,3,5-tetrabromo-4-(2,4,6-tribromophenoxy)benzene",True
V_1423,53485723,BNBFKFHSIPERIM-UHFFFAOYSA-N,BNBFKFHSIPERIM-UHFFFAOYSA-N,True,"1,2,3,5-tetrabromo-4-(3,4,5-tribromophenoxy)benzene","1,2,3,5-tetrabromo-4-(3,4,5-tribromophenoxy)benzene",True
V_1424,71363036,IEWFKOVTVJNWFF-UHFFFAOYSA-N,IEWFKOVTVJNWFF-UHFFFAOYSA-N,True,"1,2,3,4-tetrabromo-5-(2,3,4,6-tetrabromophenoxy)benzene","1,2,3,4-tetrabromo-5-(2,3,4,6-tetrabromophenoxy)benzene",True
V_1425,11967214,AAFUUKPTSPVXJH-UHFFFAOYSA-N,AAFUUKPTSPVXJH-UHFFFAOYSA-N,True,"1,2,3,5-tetrabromo-4-(2,3,4,6-tetrabromophenoxy)benzene","1,2,3,5-tetrabromo-4-(2,3,4,6-tetrabromophenoxy)benzene",True
V_1426,45472,CYRHBNRLQMLULE-UHFFFAOYSA-N,CYRHBNRLQMLULE-UHFFFAOYSA-N,True,"1,2,3,4,5-pentabromo-6-(2,3,4,5-tetrabromophenoxy)benzene","1,2,3,4,5-pentabromo-6-(2,3,4,5-tetrabromophenoxy)benzene",True
V_1427,11018364,IEEVDIAVLGLVOW-UHFFFAOYSA-N,IEEVDIAVLGLVOW-UHFFFAOYSA-N,True,"1,2,3,4,5-pentabromo-6-(2,3,4,6-tetrabromophenoxy)benzene","1,2,3,4,5-pentabromo-6-(2,3,4,6-tetrabromophenoxy)benzene",True
V_1428,15509892,QWVDUBDYUPHNHY-UHFFFAOYSA-N,QWVDUBDYUPHNHY-UHFFFAOYSA-N,True,"1,4-dibromo-2-(2,4-dibromophenoxy)benzene","1,4-dibromo-2-(2,4-dibromophenoxy)benzene",True
V_1429,15509894,COPAGYRSCJVION-UHFFFAOYSA-N,COPAGYRSCJVION-UHFFFAOYSA-N,True,"1,2-dibromo-4-(2,6-dibromophenoxy)benzene","1,2-dibromo-4-(2,6-dibromophenoxy)benzene",True
V_143,3446,UGJMXCAKCUNAIE-UHFFFAOYSA-N,UGJMXCAKCUNAIE-UHFFFAOYSA-N,True,2-[1-(aminomethyl)cyclohexyl]acetic acid,2-[1-(aminomethyl)cyclohexyl]acetic acid,True
V_1430,13283771,RYGLOWMCGZHYRQ-UHFFFAOYSA-N,RYGLOWMCGZHYRQ-UHFFFAOYSA-N,True,"1,2-dibromo-4-(3,4-dibromophenoxy)benzene","1,2-dibromo-4-(3,4-dibromophenoxy)benzene",True
V_1431,39506,BUQBQEYUVAKJQK-UHFFFAOYSA-N,BUQBQEYUVAKJQK-UHFFFAOYSA-N,True,"1,2-dibromo-4-(2-bromophenoxy)benzene","1,2-dibromo-4-(2-bromophenoxy)benzene",True
V_144,2818,ZUXABONWMNSFBN-UHFFFAOYSA-N,ZUXABONWMNSFBN-UHFFFAOYSA-N,True,"3-chloro-6-(4-methylpiperazin-1-yl)-5H-benzo[b][1,4]benzodiazepine","3-chloro-6-(4-methylpiperazin-1-yl)-5H-benzo[b][1,4]benzodiazepine",True
V_1443,74236,JRMUNVKIHCOMHV-UHFFFAOYSA-M,JRMUNVKIHCOMHV-UHFFFAOYSA-M,True,tetrabutylazanium bromide,tetrabutylazanium bromide,True
V_1447,5284376,SPANOECCGNXGNR-UITAMQMPSA-N,SPANOECCGNXGNR-UITAMQMPSA-N,True,"S-[(Z)-2,3-dichloroprop-2-enyl] N,N-di(propan-2-yl)carbamothioate","S-[(Z)-2,3-dichloroprop-2-enyl] N,N-di(propan-2-yl)carbamothioate",True
V_1448,8471,ZMANZCXQSJIPKH-UHFFFAOYSA-N,ZMANZCXQSJIPKH-UHFFFAOYSA-N,True,"N,N-diethylethanamine","N,N-diethylethanamine",True
V_1449,8997,YXIWHUQXZSMYRE-UHFFFAOYSA-N,YXIWHUQXZSMYRE-UHFFFAOYSA-N,True,"1,3-benzothiazole-2-thiol","1,3-benzothiazole-2-thiol",True
V_145,3749,YOSHYTLCDANDAN-UHFFFAOYSA-N,YOSHYTLCDANDAN-UHFFFAOYSA-N,True,"2-butyl-3-[[4-[2-(2H-tetrazol-5-yl)phenyl]phenyl]methyl]-1,3-diazaspiro[4.4]non-1-en-4-one","2-butyl-3-[[4-[2-(2H-tetrazol-5-yl)phenyl]phenyl]methyl]-1,3-diazaspiro[4.4]non-1-en-4-one",True
V_1450,145865716,CJAXBZSIMAURNW-UHFFFAOYSA-N,CJAXBZSIMAURNW-UHFFFAOYSA-N,True,"2,2-difluoro-2-[[2,2,4,5-tetrafluoro-5-(trifluoromethoxy)-1,3-dioxolan-4-yl]oxy]acetic acid","2,2-difluoro-2-[[2,2,4,5-tetrafluoro-5-(trifluoromethoxy)-1,3-dioxolan-4-yl]oxy]acetic acid",True
V_1451,69537,GRJRKPMIRMSBNK-UHFFFAOYSA-N,GRJRKPMIRMSBNK-UHFFFAOYSA-N,True,"3,3,4,4,5,5,6,6,7,7,8,8,8-tridecafluorooctan-1-ol","3,3,4,4,5,5,6,6,7,7,8,8,8-tridecafluorooctan-1-ol",True
V_1452,69619,JJUBFBTUBACDHW-UHFFFAOYSA-N,JJUBFBTUBACDHW-UHFFFAOYSA-N,True,"3,3,4,4,5,5,6,6,7,7,8,8,9,9,10,10,10-heptadecafluorodecan-1-ol","3,3,4,4,5,5,6,6,7,7,8,8,9,9,10,10,10-heptadecafluorodecan-1-ol",True
V_1457,62356,LRMSQVBRUNSOJL-UHFFFAOYSA-N,LRMSQVBRUNSOJL-UHFFFAOYSA-N,True,"2,2,3,3,3-pentafluoropropanoic acid","2,2,3,3,3-pentafluoropropanoic acid",True
V_1458,9859771,XBWQFDNGNOOMDZ-UHFFFAOYSA-N,XBWQFDNGNOOMDZ-UHFFFAOYSA-N,True,"1,1,2,2,3,3,3-heptafluoropropane-1-sulfonic acid","1,1,2,2,3,3,3-heptafluoropropane-1-sulfonic acid",True
V_1459,6422,DTQVDTLACAAQTR-UHFFFAOYSA-N,DTQVDTLACAAQTR-UHFFFAOYSA-N,True,"2,2,2-trifluoroacetic acid","2,2,2-trifluoroacetic acid",True
V_146,29029,KDLRVYVGXIQJDK-NOWPCOIGSA-N,KDLRVYVGXIQJDK-NOWPCOIGSA-N,True,"(2S,4R)-N-[2-chloro-1-[(2R,3R,4S,5R,6R)-3,4,5-trihydroxy-6-methylsulfanyloxan-2-yl]propyl]-1-methyl-4-propylpyrrolidine-2-carboxamide","(2S,4R)-N-[2-chloro-1-[(2R,3R,4S,5R,6R)-3,4,5-trihydroxy-6-methylsulfanyloxan-2-yl]propyl]-1-methyl-4-propylpyrrolidine-2-carboxamide",True
V_1460,4583,GSDSWSVVBLHKDQ-UHFFFAOYSA-N,GSDSWSVVBLHKDQ-UHFFFAOYSA-N,True,"7-fluoro-2-methyl-6-(4-methylpiperazin-1-yl)-10-oxo-4-oxa-1-azatricyclo[7.3.1.05,13]trideca-5(13),6,8,11-tetraene-11-carboxylic acid","7-fluoro-2-methyl-6-(4-methylpiperazin-1-yl)-10-oxo-4-oxa-1-azatricyclo[7.3.1.05,13]trideca-5(13),6,8,11-tetraene-11-carboxylic acid",True
V_1461,4091,XZWYZXLIPXDOLR-UHFFFAOYSA-N,XZWYZXLIPXDOLR-UHFFFAOYSA-N,True,"3-(diaminomethylidene)-1,1-dimethylguanidine","3-(diaminomethylidene)-1,1-dimethylguanidine",True
V_1462,8859,SQSPRWMERUQXNE-UHFFFAOYSA-N,SQSPRWMERUQXNE-UHFFFAOYSA-N,True,diaminomethylideneurea,diaminomethylideneurea,True
V_1463,22571,FMJSMJQBSVNSBF-UHFFFAOYSA-N,FMJSMJQBSVNSBF-UHFFFAOYSA-N,True,"2-ethylhexyl 2-cyano-3,3-diphenylprop-2-enoate","2-ethylhexyl 2-cyano-3,3-diphenylprop-2-enoate",True
V_1464,4632,DXGLGDHPHMLXJC-UHFFFAOYSA-N,DXGLGDHPHMLXJC-UHFFFAOYSA-N,True,(2-hydroxy-4-methoxyphenyl)-phenylmethanone,(2-hydroxy-4-methoxyphenyl)-phenylmethanone,True
V_1465,51040,XNEFYCZVKIDDMS-UHFFFAOYSA-N,XNEFYCZVKIDDMS-UHFFFAOYSA-N,True,"1-(4-tert-butylphenyl)-3-(4-methoxyphenyl)propane-1,3-dione","1-(4-tert-butylphenyl)-3-(4-methoxyphenyl)propane-1,3-dione",True
V_1472,5787,ATCRIUVQKHMXSH-UHFFFAOYSA-N,ATCRIUVQKHMXSH-UHFFFAOYSA-N,True,"2,4-dichlorobenzoic acid","2,4-dichlorobenzoic acid",True
V_1473,69789,PXRROZVNOOEPPZ-UHFFFAOYSA-N,PXRROZVNOOEPPZ-UHFFFAOYSA-N,True,"2,2,3,3-tetrafluoropropanoic acid","2,2,3,3-tetrafluoropropanoic acid",True
V_1474,2782609,GPKYZQLMEPJAGJ-UHFFFAOYSA-N,GPKYZQLMEPJAGJ-UHFFFAOYSA-N,True,"2,3,3,3-tetrafluoropropanoic acid","2,3,3,3-tetrafluoropropanoic acid",True
V_1475,10219841,GKNWQHIXXANPTN-UHFFFAOYSA-N,GKNWQHIXXANPTN-UHFFFAOYSA-N,True,"1,1,2,2,2-pentafluoroethanesulfonic acid","1,1,2,2,2-pentafluoroethanesulfonic acid",True
V_1476,62406,ITMCEJHCFYSIIV-UHFFFAOYSA-N,ITMCEJHCFYSIIV-UHFFFAOYSA-N,True,trifluoromethanesulfonic acid,trifluoromethanesulfonic acid,True
V_1478,244,WVDDGKGOMKODPV-UHFFFAOYSA-N,WVDDGKGOMKODPV-UHFFFAOYSA-N,True,phenylmethanol,phenylmethanol,True
V_1479,7966,HPXRVTGHNJAIIH-UHFFFAOYSA-N,HPXRVTGHNJAIIH-UHFFFAOYSA-N,True,cyclohexanol,cyclohexanol,True
V_148,3352,ZOCSXAVNDGMNBV-UHFFFAOYSA-N,ZOCSXAVNDGMNBV-UHFFFAOYSA-N,True,"5-amino-1-[2,6-dichloro-4-(trifluoromethyl)phenyl]-4-(trifluoromethylsulfinyl)pyrazole-3-carbonitrile","5-amino-1-[2,6-dichloro-4-(trifluoromethyl)phenyl]-4-(trifluoromethylsulfinyl)pyrazole-3-carbonitrile",True
V_1483,7849,IBYHHJPAARCAIE-UHFFFAOYSA-N,IBYHHJPAARCAIE-UHFFFAOYSA-N,True,1-bromo-2-chloroethane,1-bromo-2-chloroethane,True
V_1485,9321,OAKJQQAXSVQMHS-UHFFFAOYSA-N,OAKJQQAXSVQMHS-UHFFFAOYSA-N,True,hydrazine,hydrazine,True
V_149,38386,ARERIMFZYPFJAV-UHFFFAOYSA-N,ARERIMFZYPFJAV-UHFFFAOYSA-N,True,"1,2,3-tribromo-4-(4-bromophenoxy)benzene","1,2,3-tribromo-4-(4-bromophenoxy)benzene",True
V_1499,7967,JHIVVAPYMSGYDF-UHFFFAOYSA-N,JHIVVAPYMSGYDF-UHFFFAOYSA-N,True,cyclohexanone,cyclohexanone,True
V_1501,11159021,GBOYJIHYACSLGN-UHFFFAOYSA-N,GBOYJIHYACSLGN-UHFFFAOYSA-N,True,"2,6-dichloro-N-[[3-chloro-5-(trifluoromethyl)-2-pyridinyl]methyl]benzamide","2,6-dichloro-N-[[3-chloro-5-(trifluoromethyl)-2-pyridinyl]methyl]benzamide",True
V_1502,213013,WYEMLYFITZORAB-UHFFFAOYSA-N,WYEMLYFITZORAB-UHFFFAOYSA-N,True,2-chloro-N-[2-(4-chlorophenyl)phenyl]pyridine-3-carboxamide,2-chloro-N-[2-(4-chlorophenyl)phenyl]pyridine-3-carboxamide,True
V_1504,118688,DSRUAYIFDCHEEV-UHFFFAOYSA-N,DSRUAYIFDCHEEV-UHFFFAOYSA-N,True,"1,1,2,2,3,3,4,4,4-nonafluoro-N-(2-hydroxyethyl)-N-methylbutane-1-sulfonamide","1,1,2,2,3,3,4,4,4-nonafluoro-N-(2-hydroxyethyl)-N-methylbutane-1-sulfonamide",True
V_1505,12576037,ASJXVGSUYQIIBC-UHFFFAOYSA-N,ASJXVGSUYQIIBC-UHFFFAOYSA-N,True,"1,1,2,2,3,3,4,4,4-nonafluoro-N-(2-hydroxyethyl)butane-1-sulfonamide","1,1,2,2,3,3,4,4,4-nonafluoro-N-(2-hydroxyethyl)butane-1-sulfonamide",True
V_1506,165363438,PQKKESZYSLDJMD-UHFFFAOYSA-N,PQKKESZYSLDJMD-UHFFFAOYSA-N,True,"2-[carboxymethyl(1,1,2,2,3,3,4,4,4-nonafluorobutylsulfonyl)amino]acetic acid","2-[carboxymethyl(1,1,2,2,3,3,4,4,4-nonafluorobutylsulfonyl)amino]acetic acid",True
V_1507,596595,TWIYDBQRYCWOAU-UHFFFAOYSA-N,TWIYDBQRYCWOAU-UHFFFAOYSA-N,True,"1,1,2,2,3,3,4,4,4-nonafluorobutane-1-sulfinic acid","1,1,2,2,3,3,4,4,4-nonafluorobutane-1-sulfinic acid",True
V_1508,10784527,IIJKOWPVAXZAKE-UHFFFAOYSA-N,IIJKOWPVAXZAKE-UHFFFAOYSA-N,True,"2-(1,1,2,2,3,3,4,4,4-nonafluorobutylsulfonylamino)acetic acid","2-(1,1,2,2,3,3,4,4,4-nonafluorobutylsulfonylamino)acetic acid",True
V_1509,7767,CRVGTESFCCXCTH-UHFFFAOYSA-N,CRVGTESFCCXCTH-UHFFFAOYSA-N,True,2-[2-hydroxyethyl(methyl)amino]ethanol,2-[2-hydroxyethyl(methyl)amino]ethanol,True
V_1518,73864,ZFVMWEVVKGLCIJ-UHFFFAOYSA-N,ZFVMWEVVKGLCIJ-UHFFFAOYSA-N,True,"4-[1,1,1,3,3,3-hexafluoro-2-(4-hydroxyphenyl)propan-2-yl]phenol","4-[1,1,1,3,3,3-hexafluoro-2-(4-hydroxyphenyl)propan-2-yl]phenol",True
V_1519,91755,NYRMIJKDBAQCHC-UHFFFAOYSA-N,NYRMIJKDBAQCHC-UHFFFAOYSA-N,True,5-(methylamino)-2-phenyl-4-[3-(trifluoromethyl)phenyl]furan-3-one,5-(methylamino)-2-phenyl-4-[3-(trifluoromethyl)phenyl]furan-3-one,True
V_1520,8364,FMRHJJZUHUTGKE-UHFFFAOYSA-N,FMRHJJZUHUTGKE-UHFFFAOYSA-N,True,2-ethylhexyl 2-hydroxybenzoate,2-ethylhexyl 2-hydroxybenzoate,True
V_1521,13101,ZZMVLMVFYMGSMY-UHFFFAOYSA-N,ZZMVLMVFYMGSMY-UHFFFAOYSA-N,True,"4-N-(4-methylpentan-2-yl)-1-N-phenylbenzene-1,4-diamine","4-N-(4-methylpentan-2-yl)-1-N-phenylbenzene-1,4-diamine",True
V_1522,154926030,UBMGKRIXKUIXFQ-UHFFFAOYSA-N,UBMGKRIXKUIXFQ-UHFFFAOYSA-N,True,"2-anilino-5-(4-methylpentan-2-ylamino)cyclohexa-2,5-diene-1,4-dione","2-anilino-5-(4-methylpentan-2-ylamino)cyclohexa-2,5-diene-1,4-dione",True
V_1523,3444,HJJVPARKXDDIQD-UHFFFAOYSA-N,HJJVPARKXDDIQD-UHFFFAOYSA-N,True,"1-[[4-bromo-2-(2,4-dichlorophenyl)oxolan-2-yl]methyl]-1,2,4-triazole","1-[[4-bromo-2-(2,4-dichlorophenyl)oxolan-2-yl]methyl]-1,2,4-triazole",True
V_1524,37907,OWEGWHBOCFMBLP-UHFFFAOYSA-N,OWEGWHBOCFMBLP-UHFFFAOYSA-N,True,"1-(4-chlorophenoxy)-1-imidazol-1-yl-3,3-dimethylbutan-2-one","1-(4-chlorophenoxy)-1-imidazol-1-yl-3,3-dimethylbutan-2-one",True
V_1525,9862076,YXKMMRDKEKCERS-UHFFFAOYSA-N,YXKMMRDKEKCERS-UHFFFAOYSA-N,True,"4-chloro-2-cyano-N,N-dimethyl-5-(4-methylphenyl)imidazole-1-sulfonamide","4-chloro-2-cyano-N,N-dimethyl-5-(4-methylphenyl)imidazole-1-sulfonamide",True
V_1526,71230671,JERZEQUMJNCPRJ-UHFFFAOYSA-N,JERZEQUMJNCPRJ-UHFFFAOYSA-N,True,"2-[4-(4-chlorophenoxy)-2-(trifluoromethyl)phenyl]-1-(1,2,4-triazol-1-yl)propan-2-ol","2-[4-(4-chlorophenoxy)-2-(trifluoromethyl)phenyl]-1-(1,2,4-triazol-1-yl)propan-2-ol",True
V_1527,6436449,PPDBOQMNKNNODG-ZROIWOOFSA-N,PPDBOQMNKNNODG-ZROIWOOFSA-N,True,"(5Z)-5-[(4-chlorophenyl)methylidene]-2,2-dimethyl-1-(1,2,4-triazol-1-ylmethyl)cyclopentan-1-ol","(5Z)-5-[(4-chlorophenyl)methylidene]-2,2-dimethyl-1-(1,2,4-triazol-1-ylmethyl)cyclopentan-1-ol",True
V_1528,153974,IXSZQYVWNJNRAL-UHFFFAOYSA-N,IXSZQYVWNJNRAL-UHFFFAOYSA-N,True,"4-(4-tert-butyl-2-ethoxyphenyl)-2-(2,6-difluorophenyl)-4,5-dihydro-1,3-oxazole","4-(4-tert-butyl-2-ethoxyphenyl)-2-(2,6-difluorophenyl)-4,5-dihydro-1,3-oxazole",True
V_1530,6434889,RRZXIRBKKLTSOM-XPNPUAGNSA-N,RRZXIRBKKLTSOM-XPNPUAGNSA-N,True,"(1'R,2R,3S,4'S,6S,8'R,10'E,12'S,13'S,14'E,16'E,20'R,21'R,24'S)-2-[(2S)-butan-2-yl]-21',24'-dihydroxy-12'-[(2R,4S,5S,6S)-5-[(2S,4S,5S,6S)-5-hydroxy-4-methoxy-6-methyloxan-2-yl]oxy-4-methoxy-6-methyloxan-2-yl]oxy-3,11',13',22'-tetramethylspiro[2,3-dihydropyran-6,6'-3,7,19-trioxatetracyclo[15.6.1.14,8.020,24]pentacosa-10,14,16,22-tetraene]-2'-one","(1'R,2R,3S,4'S,6S,8'R,10'E,12'S,13'S,14'E,16'E,20'R,21'R,24'S)-2-[(2S)-butan-2-yl]-21',24'-dihydroxy-12'-[(2R,4S,5S,6S)-5-[(2S,4S,5S,6S)-5-hydroxy-4-methoxy-6-methyloxan-2-yl]oxy-4-methoxy-6-methyloxan-2-yl]oxy-3,11',13',22'-tetramethylspiro[2,3-dihydropyran-6,6'-3,7,19-trioxatetracyclo[15.6.1.14,8.020,24]pentacosa-10,14,16,22-tetraene]-2'-one",True
V_1531,6858005,ZFUKERYTFURFGA-PVVXTEPVSA-N,ZFUKERYTFURFGA-PVVXTEPVSA-N,True,"(1'R,2R,3S,4'S,6S,8'R,10'E,12'S,13'S,14'E,16'E,20'R,21'R,24'S)-21',24'-dihydroxy-12'-[(2R,4S,5S,6S)-5-[(2S,4S,5S,6S)-5-hydroxy-4-methoxy-6-methyloxan-2-yl]oxy-4-methoxy-6-methyloxan-2-yl]oxy-3,11',13',22'-tetramethyl-2-propan-2-ylspiro[2,3-dihydropyran-6,6'-3,7,19-trioxatetracyclo[15.6.1.14,8.020,24]pentacosa-10,14,16,22-tetraene]-2'-one","(1'R,2R,3S,4'S,6S,8'R,10'E,12'S,13'S,14'E,16'E,20'R,21'R,24'S)-21',24'-dihydroxy-12'-[(2R,4S,5S,6S)-5-[(2S,4S,5S,6S)-5-hydroxy-4-methoxy-6-methyloxan-2-yl]oxy-4-methoxy-6-methyloxan-2-yl]oxy-3,11',13',22'-tetramethyl-2-propan-2-ylspiro[2,3-dihydropyran-6,6'-3,7,19-trioxatetracyclo[15.6.1.14,8.020,24]pentacosa-10,14,16,22-tetraene]-2'-one",True
V_1534,9257,NSPMIYGKQJPBQR-UHFFFAOYSA-N,NSPMIYGKQJPBQR-UHFFFAOYSA-N,True,"1H-1,2,4-triazole","1H-1,2,4-triazole",True
V_1537,8019,XNWFRZJHXBZDAG-UHFFFAOYSA-N,XNWFRZJHXBZDAG-UHFFFAOYSA-N,True,2-methoxyethanol,2-methoxyethanol,True
V_1539,8133,POAOYUHQDCAZBD-UHFFFAOYSA-N,POAOYUHQDCAZBD-UHFFFAOYSA-N,True,2-butoxyethanol,2-butoxyethanol,True
V_154,8268,UOAMTSKGCBMZTC-UHFFFAOYSA-N,UOAMTSKGCBMZTC-UHFFFAOYSA-N,True,"2,2,2-trichloro-1,1-bis(4-chlorophenyl)ethanol","2,2,2-trichloro-1,1-bis(4-chlorophenyl)ethanol",True
V_1540,134692469,BPRJQFIHEGORJE-UHFFFAOYSA-N,BPRJQFIHEGORJE-UHFFFAOYSA-N,True,2-(1-hydroxypropan-2-yloxy)propan-1-ol;1-(2-hydroxypropoxy)propan-2-ol,2-(1-hydroxypropan-2-yloxy)propan-1-ol;1-(2-hydroxypropoxy)propan-2-ol,True
V_1541,1030,DNIAPMSPPWPWGF-UHFFFAOYSA-N,DNIAPMSPPWPWGF-UHFFFAOYSA-N,True,"propane-1,2-diol","propane-1,2-diol",True
V_1542,10442,YPFDHNVEDLHUCE-UHFFFAOYSA-N,YPFDHNVEDLHUCE-UHFFFAOYSA-N,True,"propane-1,3-diol","propane-1,3-diol",True
V_1543,8177,OAYXUHPQHDHDDZ-UHFFFAOYSA-N,OAYXUHPQHDHDDZ-UHFFFAOYSA-N,True,2-(2-butoxyethoxy)ethanol,2-(2-butoxyethoxy)ethanol,True
V_1544,8117,MTHSVFCYNBDYFN-UHFFFAOYSA-N,MTHSVFCYNBDYFN-UHFFFAOYSA-N,True,2-(2-hydroxyethoxy)ethanol,2-(2-hydroxyethoxy)ethanol,True
V_1545,8172,ZIBGPFATKBEMQZ-UHFFFAOYSA-N,ZIBGPFATKBEMQZ-UHFFFAOYSA-N,True,2-[2-(2-hydroxyethoxy)ethoxy]ethanol,2-[2-(2-hydroxyethoxy)ethoxy]ethanol,True
V_1546,7996,HCGFUIQPSOCUHI-UHFFFAOYSA-N,HCGFUIQPSOCUHI-UHFFFAOYSA-N,True,2-propan-2-yloxyethanol,2-propan-2-yloxyethanol,True
V_1547,6989,MGSRCZKZVOBKFT-UHFFFAOYSA-N,MGSRCZKZVOBKFT-UHFFFAOYSA-N,True,5-methyl-2-propan-2-ylphenol,5-methyl-2-propan-2-ylphenol,True
V_1555,15099039,SZVGIJOITCPDPM-UHFFFAOYSA-N,SZVGIJOITCPDPM-UHFFFAOYSA-N,True,"2-(8-chloro-1,1,2,2,3,3,4,4,5,5,6,6,7,7,8,8-hexadecafluorooctoxy)-1,1,2,2-tetrafluoroethanesulfonic acid","2-(8-chloro-1,1,2,2,3,3,4,4,5,5,6,6,7,7,8,8-hexadecafluorooctoxy)-1,1,2,2-tetrafluoroethanesulfonic acid",True
V_156,71476,LFZGYTBWUHCAKF-DCNJEFSFSA-N,LFZGYTBWUHCAKF-DCNJEFSFSA-N,True,"(2S,4R)-N-[(1R,2R)-2-hydroxy-1-[(2R,3R,4S,5R,6R)-3,4,5-trihydroxy-6-methylsulfanyloxan-2-yl]propyl]-1-methyl-4-propylpyrrolidine-2-carboxamide;hydrate;hydrochloride","(2S,4R)-N-[(1R,2R)-2-hydroxy-1-[(2R,3R,4S,5R,6R)-3,4,5-trihydroxy-6-methylsulfanyloxan-2-yl]propyl]-1-methyl-4-propylpyrrolidine-2-carboxamide;hydrate;hydrochloride",True
V_157,441341,HPHUVLMMVZITSG-ZCFIWIBFSA-N,HPHUVLMMVZITSG-ZCFIWIBFSA-N,True,(2R)-2-(2-oxopyrrolidin-1-yl)butanamide,(2R)-2-(2-oxopyrrolidin-1-yl)butanamide,True
V_1575,7845,KAKZBPTYRLMSJV-UHFFFAOYSA-N,KAKZBPTYRLMSJV-UHFFFAOYSA-N,True,"buta-1,3-diene","buta-1,3-diene",True
V_158,4909,DQMZLTXERSFNPB-UHFFFAOYSA-N,DQMZLTXERSFNPB-UHFFFAOYSA-N,True,"5-ethyl-5-phenyl-1,3-diazinane-4,6-dione","5-ethyl-5-phenyl-1,3-diazinane-4,6-dione",True
V_1580,7846,KDKYADYSIPSCCQ-UHFFFAOYSA-N,KDKYADYSIPSCCQ-UHFFFAOYSA-N,True,but-1-yne,but-1-yne,True
V_1582,21694,ALRLPDGCPYIVHP-UHFFFAOYSA-N,ALRLPDGCPYIVHP-UHFFFAOYSA-N,True,1-nitropyrene,1-nitropyrene,True
V_159,5002,URKOMYMAXPYINW-UHFFFAOYSA-N,URKOMYMAXPYINW-UHFFFAOYSA-N,True,"2-[2-(4-benzo[b][1,4]benzothiazepin-6-ylpiperazin-1-yl)ethoxy]ethanol","2-[2-(4-benzo[b][1,4]benzothiazepin-6-ylpiperazin-1-yl)ethoxy]ethanol",True
V_1590,6589,ZFFMLCVRJBZUDZ-UHFFFAOYSA-N,ZFFMLCVRJBZUDZ-UHFFFAOYSA-N,True,"2,3-dimethylbutane","2,3-dimethylbutane",True
V_1595,12220,IAQRGUVFOMOMEM-UHFFFAOYSA-N,IAQRGUVFOMOMEM-UHFFFAOYSA-N,True,but-2-ene,but-2-ene,True
V_1599,11582,GXDHCNNESPLIKD-UHFFFAOYSA-N,GXDHCNNESPLIKD-UHFFFAOYSA-N,True,2-methylhexane,2-methylhexane,True
V_160,33741,TVYLLZQTGLZFBW-ZBFHGGJFSA-N,TVYLLZQTGLZFBW-ZBFHGGJFSA-N,True,"cis-(1R,2R)-2-[(dimethylamino)methyl]-1-(3-methoxyphenyl)cyclohexan-1-ol","cis-(1R,2R)-2-[(dimethylamino)methyl]-1-(3-methoxyphenyl)cyclohexan-1-ol",True
V_1600,11594,JVSWJIKNEAIKJW-UHFFFAOYSA-N,JVSWJIKNEAIKJW-UHFFFAOYSA-N,True,2-methylheptane,2-methylheptane,True
V_1601,7892,AFABGHUZZDYHJO-UHFFFAOYSA-N,AFABGHUZZDYHJO-UHFFFAOYSA-N,True,2-methylpentane,2-methylpentane,True
V_1602,25760,VBCBFNMZBHKVQN-UHFFFAOYSA-N,VBCBFNMZBHKVQN-UHFFFAOYSA-N,True,2-nitrofluoranthene,2-nitrofluoranthene,True
V_1603,11831,XFOHWECQTFIEIX-UHFFFAOYSA-N,XFOHWECQTFIEIX-UHFFFAOYSA-N,True,2-nitro-9H-fluorene,2-nitro-9H-fluorene,True
V_1604,13090,MAZCGYFIOOIVHE-UHFFFAOYSA-N,MAZCGYFIOOIVHE-UHFFFAOYSA-N,True,2-nitropyrene,2-nitropyrene,True
V_1605,12585,QMMOXUPEWRXHJS-UHFFFAOYSA-N,QMMOXUPEWRXHJS-UHFFFAOYSA-N,True,pent-2-ene,pent-2-ene,True
V_1606,15304,OMIBPZBOAJFEJS-UHFFFAOYSA-N,OMIBPZBOAJFEJS-UHFFFAOYSA-N,True,"3,6-dimethylphenanthrene","3,6-dimethylphenanthrene",True
V_1608,11507,VLJXXKKOSFGPHI-UHFFFAOYSA-N,VLJXXKKOSFGPHI-UHFFFAOYSA-N,True,3-methylhexane,3-methylhexane,True
V_1609,11519,LAIUFBWHERIJIH-UHFFFAOYSA-N,LAIUFBWHERIJIH-UHFFFAOYSA-N,True,3-methylheptane,3-methylheptane,True
V_161,5656,PNVNVHUZROJLTJ-UHFFFAOYSA-N,PNVNVHUZROJLTJ-UHFFFAOYSA-N,True,1-[2-(dimethylamino)-1-(4-methoxyphenyl)ethyl]cyclohexan-1-ol,1-[2-(dimethylamino)-1-(4-methoxyphenyl)ethyl]cyclohexan-1-ol,True
V_1610,7282,PFEOZHBOMNWTJB-UHFFFAOYSA-N,PFEOZHBOMNWTJB-UHFFFAOYSA-N,True,3-methylpentane,3-methylpentane,True
V_1611,13462,PIHGQKMEAMSUNA-UHFFFAOYSA-N,PIHGQKMEAMSUNA-UHFFFAOYSA-N,True,3-nitrofluoranthene,3-nitrofluoranthene,True
V_162,73665,TVLSRXXIMLFWEO-UHFFFAOYSA-N,TVLSRXXIMLFWEO-UHFFFAOYSA-N,True,"N-propyl-N-[2-(2,4,6-trichlorophenoxy)ethyl]imidazole-1-carboxamide","N-propyl-N-[2-(2,4,6-trichlorophenoxy)ethyl]imidazole-1-carboxamide",True
V_1624,22568738,GGOUUEMCWBTDMT-UHFFFAOYSA-N,GGOUUEMCWBTDMT-UHFFFAOYSA-N,True,"2-(6-chloro-1,1,2,2,3,3,4,4,5,5,6,6-dodecafluorohexoxy)-1,1,2,2-tetrafluoroethanesulfonic acid","2-(6-chloro-1,1,2,2,3,3,4,4,5,5,6,6-dodecafluorohexoxy)-1,1,2,2-tetrafluoroethanesulfonic acid",True
V_1625,11767,LSIKFJXEYJIZNB-UHFFFAOYSA-N,LSIKFJXEYJIZNB-UHFFFAOYSA-N,True,9-nitroanthracene,9-nitroanthracene,True
V_163,5455,KUAZQDVKQLNFPE-UHFFFAOYSA-N,KUAZQDVKQLNFPE-UHFFFAOYSA-N,True,"dimethylcarbamothioylsulfanyl N,N-dimethylcarbamodithioate","dimethylcarbamothioylsulfanyl N,N-dimethylcarbamodithioate",True
V_1630,177,IKHGUXGNUITLKF-UHFFFAOYSA-N,IKHGUXGNUITLKF-UHFFFAOYSA-N,True,acetaldehyde,acetaldehyde,True
V_1633,7847,HGINCPLSRVDWNT-UHFFFAOYSA-N,HGINCPLSRVDWNT-UHFFFAOYSA-N,True,prop-2-enal,prop-2-enal,True
V_164,15910,CRQQGFGUEAVUIL-UHFFFAOYSA-N,CRQQGFGUEAVUIL-UHFFFAOYSA-N,True,"2,4,5,6-tetrachlorobenzene-1,3-dicarbonitrile","2,4,5,6-tetrachlorobenzene-1,3-dicarbonitrile",True
V_165,38479,CHIFOSRWCNZCFN-UHFFFAOYSA-N,CHIFOSRWCNZCFN-UHFFFAOYSA-N,True,"3,4-dimethyl-2,6-dinitro-N-pentan-3-ylaniline","3,4-dimethyl-2,6-dinitro-N-pentan-3-ylaniline",True
V_1650,9201,HAPOJKSPCGLOOD-UHFFFAOYSA-N,HAPOJKSPCGLOOD-UHFFFAOYSA-N,True,11H-benzo[b]fluorene,11H-benzo[b]fluorene,True
V_1652,9136,TUAHORSUHVUKBD-UHFFFAOYSA-N,TUAHORSUHVUKBD-UHFFFAOYSA-N,True,benzo[c]phenanthrene,benzo[c]phenanthrene,True
V_166,18771,PYZSVQVRHDXQSL-UHFFFAOYSA-N,PYZSVQVRHDXQSL-UHFFFAOYSA-N,True,"5,10-dioxobenzo[g][1,4]benzodithiine-2,3-dicarbonitrile","5,10-dioxobenzo[g][1,4]benzodithiine-2,3-dicarbonitrile",True
V_167,2319,SMDHCQAYESWHAE-UHFFFAOYSA-N,SMDHCQAYESWHAE-UHFFFAOYSA-N,True,"N-butyl-N-ethyl-2,6-dinitro-4-(trifluoromethyl)aniline","N-butyl-N-ethyl-2,6-dinitro-4-(trifluoromethyl)aniline",True
V_1672,240,HUMNYLRZRPPJDN-UHFFFAOYSA-N,HUMNYLRZRPPJDN-UHFFFAOYSA-N,True,benzaldehyde,benzaldehyde,True
V_1676,261,ZTQSAGDEMFDKMZ-UHFFFAOYSA-N,ZTQSAGDEMFDKMZ-UHFFFAOYSA-N,True,butanal,butanal,True
V_168,91694,MGNFYQILYYYUBS-UHFFFAOYSA-N,MGNFYQILYYYUBS-UHFFFAOYSA-N,True,1-[3-(4-tert-butylphenyl)-2-methylpropyl]piperidine,1-[3-(4-tert-butylphenyl)-2-methylpropyl]piperidine,True
V_1680,6326,HSFWRNGVRCDJHI-UHFFFAOYSA-N,HSFWRNGVRCDJHI-UHFFFAOYSA-N,True,acetylene,acetylene,True
V_1685,281,UGFAIRIUMAVXCW-UHFFFAOYSA-N,UGFAIRIUMAVXCW-UHFFFAOYSA-N,True,carbon monoxide,carbon monoxide,True
V_1686,280,CURLTUGMZLYLDI-UHFFFAOYSA-N,CURLTUGMZLYLDI-UHFFFAOYSA-N,True,carbon dioxide,carbon dioxide,True
V_169,86173,BQYJATMQXGBDHF-UHFFFAOYSA-N,BQYJATMQXGBDHF-UHFFFAOYSA-N,True,"1-[[2-[2-chloro-4-(4-chlorophenoxy)phenyl]-4-methyl-1,3-dioxolan-2-yl]methyl]-1,2,4-triazole","1-[[2-[2-chloro-4-(4-chlorophenoxy)phenyl]-4-methyl-1,3-dioxolan-2-yl]methyl]-1,2,4-triazole",True
V_170,86160,PUYXTUJWRLOUCW-UHFFFAOYSA-N,PUYXTUJWRLOUCW-UHFFFAOYSA-N,True,"N-[(8-tert-butyl-1,4-dioxaspiro[4.5]decan-3-yl)methyl]-N-ethylpropan-1-amine","N-[(8-tert-butyl-1,4-dioxaspiro[4.5]decan-3-yl)methyl]-N-ethylpropan-1-amine",True
V_1701,9115,VPUGDVKSAQVFFS-UHFFFAOYSA-N,VPUGDVKSAQVFFS-UHFFFAOYSA-N,True,coronene,coronene,True
V_1704,447466,MLUCVPSAIODCQM-NSCUHMNNSA-N,MLUCVPSAIODCQM-NSCUHMNNSA-N,True,(E)-but-2-enal,(E)-but-2-enal,True
V_171,24744,IDOWTHOLJBTAFI-UHFFFAOYSA-N,IDOWTHOLJBTAFI-UHFFFAOYSA-N,True,[3-(methoxycarbonylamino)phenyl] N-(3-methylphenyl)carbamate,[3-(methoxycarbonylamino)phenyl] N-(3-methylphenyl)carbamate,True
V_1714,6433967,DJDLBMVKJOTHRT-AUNBPGBOSA-N,DJDLBMVKJOTHRT-AUNBPGBOSA-N,True,"2,5-dimethylhex-1-ene;2,5-dimethylhex-2-ene;(E)-2,5-dimethylhex-3-ene","2,5-dimethylhex-1-ene;2,5-dimethylhex-2-ene;(E)-2,5-dimethylhex-3-ene",True
V_172,8606,LDVVMCZRFWMZSG-UHFFFAOYSA-N,LDVVMCZRFWMZSG-UHFFFAOYSA-N,True,"2-(trichloromethylsulfanyl)-3a,4,7,7a-tetrahydroisoindole-1,3-dione","2-(trichloromethylsulfanyl)-3a,4,7,7a-tetrahydroisoindole-1,3-dione",True
V_173,40326,RLLPVAHGXHCWKJ-UHFFFAOYSA-N,RLLPVAHGXHCWKJ-UHFFFAOYSA-N,True,"(3-phenoxyphenyl)methyl 3-(2,2-dichloroethenyl)-2,2-dimethylcyclopropane-1-carboxylate","(3-phenoxyphenyl)methyl 3-(2,2-dichloroethenyl)-2,2-dimethylcyclopropane-1-carboxylate",True
V_174,91570,CHNQZRKUZPNOOH-UHFFFAOYSA-J,CHNQZRKUZPNOOH-UHFFFAOYSA-J,True,zinc;manganese(2+);bis(1-sulfanyl-N-[2-[[sulfanyl(sulfido)methylidene]amino]ethyl]methanimidothioate),zinc;manganese(2+);bis(1-sulfanyl-N-[2-[[sulfanyl(sulfido)methylidene]amino]ethyl]methanimidothioate),True
V_1749,11744941,TWNIBLMWSKIRAT-FPRJBGLDSA-N,TWNIBLMWSKIRAT-FPRJBGLDSA-N,True,"(1R,2R,3S,4R,5R)-6,8-dioxabicyclo[3.2.1]octane-2,3,4-triol","(1R,2R,3S,4R,5R)-6,8-dioxabicyclo[3.2.1]octane-2,3,4-triol",True
V_175,5352426,ATJFFYVFTNAWJD-UHFFFAOYSA-N,ATJFFYVFTNAWJD-UHFFFAOYSA-N,True,tin,tin,True
V_1751,402,RWSOTUBLDIXVET-UHFFFAOYSA-N,RWSOTUBLDIXVET-UHFFFAOYSA-N,True,sulfane,sulfane,True
V_1757,768,LELOWRISYMNNSU-UHFFFAOYSA-N,LELOWRISYMNNSU-UHFFFAOYSA-N,True,formonitrile,formonitrile,True
V_176,23963,RTAQQCXQSZGOHL-UHFFFAOYSA-N,RTAQQCXQSZGOHL-UHFFFAOYSA-N,True,titanium,titanium,True
V_1762,944,GRYLNZFGIOXLOG-UHFFFAOYSA-N,GRYLNZFGIOXLOG-UHFFFAOYSA-N,True,nitric acid,nitric acid,True
V_1764,8130,FXHGMKSSBGDXIY-UHFFFAOYSA-N,FXHGMKSSBGDXIY-UHFFFAOYSA-N,True,heptanal,heptanal,True
V_1765,6184,JARKCYVAAOWBJS-UHFFFAOYSA-N,JARKCYVAAOWBJS-UHFFFAOYSA-N,True,hexanal,hexanal,True
V_177,60846,ACWBQPMHZXGDFX-QFIPXVFZSA-N,ACWBQPMHZXGDFX-QFIPXVFZSA-N,True,(2S)-3-methyl-2-[pentanoyl-[[4-[2-(2H-tetrazol-5-yl)phenyl]phenyl]methyl]amino]butanoic acid,(2S)-3-methyl-2-[pentanoyl-[[4-[2-(2H-tetrazol-5-yl)phenyl]phenyl]methyl]amino]butanoic acid,True
V_1770,6557,RRHGJUQNOFWUDK-UHFFFAOYSA-N,RRHGJUQNOFWUDK-UHFFFAOYSA-N,True,"2-methylbuta-1,3-diene","2-methylbuta-1,3-diene",True
V_1776,2724705,TWNIBLMWSKIRAT-VFUOTHLCSA-N,TWNIBLMWSKIRAT-VFUOTHLCSA-N,True,"(1R,2S,3S,4R,5R)-6,8-dioxabicyclo[3.2.1]octane-2,3,4-triol","(1R,2S,3S,4R,5R)-6,8-dioxabicyclo[3.2.1]octane-2,3,4-triol",True
V_178,6658,VVQNEPGJFQJSBK-UHFFFAOYSA-N,VVQNEPGJFQJSBK-UHFFFAOYSA-N,True,methyl 2-methylprop-2-enoate,methyl 2-methylprop-2-enoate,True
V_179,7294,BAPJBEWLBFYGME-UHFFFAOYSA-N,BAPJBEWLBFYGME-UHFFFAOYSA-N,True,methyl prop-2-enoate,methyl prop-2-enoate,True
V_1793,10374739,TWNIBLMWSKIRAT-RWOPYEJCSA-N,TWNIBLMWSKIRAT-RWOPYEJCSA-N,True,"(1R,2S,3S,4S,5R)-6,8-dioxabicyclo[3.2.1]octane-2,3,4-triol","(1R,2S,3S,4S,5R)-6,8-dioxabicyclo[3.2.1]octane-2,3,4-triol",True
V_1796,7962,UAEPNZWRGJTJPN-UHFFFAOYSA-N,UAEPNZWRGJTJPN-UHFFFAOYSA-N,True,methylcyclohexane,methylcyclohexane,True
V_1799,948,GQPLMRYTRLFLPF-UHFFFAOYSA-N,GQPLMRYTRLFLPF-UHFFFAOYSA-N,True,nitrous oxide,nitrous oxide,True
V_18,152031,AMRQXHFXNZFDCH-SECBINFHSA-N,AMRQXHFXNZFDCH-SECBINFHSA-N,True,[(2R)-1-(ethylamino)-1-oxopropan-2-yl] N-phenylcarbamate,[(2R)-1-(ethylamino)-1-oxopropan-2-yl] N-phenylcarbamate,True
V_180,8821,JIGUQPWFLRLWPJ-UHFFFAOYSA-N,JIGUQPWFLRLWPJ-UHFFFAOYSA-N,True,ethyl prop-2-enoate,ethyl prop-2-enoate,True
V_181,7343,SUPCQIBBMFXVTL-UHFFFAOYSA-N,SUPCQIBBMFXVTL-UHFFFAOYSA-N,True,ethyl 2-methylprop-2-enoate,ethyl 2-methylprop-2-enoate,True
V_1814,945,ODUCDPQEXGNKDN-UHFFFAOYSA-N,ODUCDPQEXGNKDN-UHFFFAOYSA-N,True,nitroxyl,nitroxyl,True
V_182,8846,CQEYYJKEWSMYFG-UHFFFAOYSA-N,CQEYYJKEWSMYFG-UHFFFAOYSA-N,True,butyl prop-2-enoate,butyl prop-2-enoate,True
V_1826,31289,GYHFUZHODSMOHU-UHFFFAOYSA-N,GYHFUZHODSMOHU-UHFFFAOYSA-N,True,nonanal,nonanal,True
V_1827,24823,CBENFWSGALASAD-UHFFFAOYSA-N,CBENFWSGALASAD-UHFFFAOYSA-N,True,ozone,ozone,True
V_183,7354,SOGAXMICEFXMKE-UHFFFAOYSA-N,SOGAXMICEFXMKE-UHFFFAOYSA-N,True,butyl 2-methylprop-2-enoate,butyl 2-methylprop-2-enoate,True
V_1832,454,NUJGJRNETVAIRJ-UHFFFAOYSA-N,NUJGJRNETVAIRJ-UHFFFAOYSA-N,True,octanal,octanal,True
V_1839,16307,KTXUOWUHFLBZPW-UHFFFAOYSA-N,KTXUOWUHFLBZPW-UHFFFAOYSA-N,True,1-chloro-3-(3-chlorophenyl)benzene,1-chloro-3-(3-chlorophenyl)benzene,True
V_184,12464,RRJUYQOFOMFVQS-UHFFFAOYSA-N,RRJUYQOFOMFVQS-UHFFFAOYSA-N,True,"2,3,4-trichloroaniline","2,3,4-trichloroaniline",True
V_185,12487,GUMCAKKKNKYFEB-UHFFFAOYSA-N,GUMCAKKKNKYFEB-UHFFFAOYSA-N,True,"2,4,5-trichloroaniline","2,4,5-trichloroaniline",True
V_186,12469,XOGYQVITULCUGU-UHFFFAOYSA-N,XOGYQVITULCUGU-UHFFFAOYSA-N,True,"3,4,5-trichloroaniline","3,4,5-trichloroaniline",True
V_1865,21267702,YUXIIBHHAPNFCQ-UHFFFAOYSA-N,YUXIIBHHAPNFCQ-UHFFFAOYSA-N,True,"1,1,2,2,3,3,4,4,5,5,6,6,7,7,8,8,9,9,10,10,10-henicosafluorodecane-1-sulfonamide","1,1,2,2,3,3,4,4,5,5,6,6,7,7,8,8,9,9,10,10,10-henicosafluorodecane-1-sulfonamide",True
V_187,18998,YTDHEFNWWHSXSU-UHFFFAOYSA-N,YTDHEFNWWHSXSU-UHFFFAOYSA-N,True,"2,3,5,6-tetrachloroaniline","2,3,5,6-tetrachloroaniline",True
V_188,10693,KHCZSJXTDDHLGJ-UHFFFAOYSA-N,KHCZSJXTDDHLGJ-UHFFFAOYSA-N,True,"2,3,4,5,6-pentachloroaniline","2,3,4,5,6-pentachloroaniline",True
V_189,7255,RQKFYFNZSHWXAW-UHFFFAOYSA-N,RQKFYFNZSHWXAW-UHFFFAOYSA-N,True,3-chloro-4-methylaniline,3-chloro-4-methylaniline,True
V_19,36188,WIDHRBRBACOVOY-UHFFFAOYSA-N,WIDHRBRBACOVOY-UHFFFAOYSA-N,True,"1,2,3-trichloro-4-(3,4-dichlorophenyl)benzene","1,2,3-trichloro-4-(3,4-dichlorophenyl)benzene",True
V_190,7430,BIXZHMJUSMUDOQ-UHFFFAOYSA-N,BIXZHMJUSMUDOQ-UHFFFAOYSA-N,True,"2,6-dichloro-4-nitroaniline","2,6-dichloro-4-nitroaniline",True
V_1906,10037,IYABWNGZIDDRAK-UHFFFAOYSA-N,IYABWNGZIDDRAK-UHFFFAOYSA-N,True,"propa-1,2-diene","propa-1,2-diene",True
V_1909,527,NBBJYMSMWIIQGU-UHFFFAOYSA-N,NBBJYMSMWIIQGU-UHFFFAOYSA-N,True,propanal,propanal,True
V_191,21441,XQVCBOLNTSUFGD-UHFFFAOYSA-N,XQVCBOLNTSUFGD-UHFFFAOYSA-N,True,3-chloro-4-methoxyaniline,3-chloro-4-methoxyaniline,True
V_1910,6335,MWWATHDPGQKSAR-UHFFFAOYSA-N,MWWATHDPGQKSAR-UHFFFAOYSA-N,True,prop-1-yne,prop-1-yne,True
V_1919,1119,RAHZWNYVWXNFOC-UHFFFAOYSA-N,RAHZWNYVWXNFOC-UHFFFAOYSA-N,True,sulfur dioxide,sulfur dioxide,True
V_192,115224,HOKKPVIRMVDYPB-UHFFFAOYSA-N,HOKKPVIRMVDYPB-UHFFFAOYSA-N,True,"[3-[(6-chloro-3-pyridinyl)methyl]-1,3-thiazolidin-2-ylidene]cyanamide","[3-[(6-chloro-3-pyridinyl)methyl]-1,3-thiazolidin-2-ylidene]cyanamide",True
V_193,213021,WCXDHFDTOYPNIE-UHFFFAOYSA-N,WCXDHFDTOYPNIE-UHFFFAOYSA-N,True,N-[(6-chloro-3-pyridinyl)methyl]-N'-cyano-N-methylethanimidamide,N-[(6-chloro-3-pyridinyl)methyl]-N'-cyano-N-methylethanimidamide,True
V_194,91590,HDHLIWCXDDZUFH-UHFFFAOYSA-N,HDHLIWCXDDZUFH-UHFFFAOYSA-N,True,"2-N-tert-butyl-4-N-cyclopropyl-6-methylsulfanyl-1,3,5-triazine-2,4-diamine","2-N-tert-butyl-4-N-cyclopropyl-6-methylsulfanyl-1,3,5-triazine-2,4-diamine",True
V_1940,9170,SLGBZMMZGDRARJ-UHFFFAOYSA-N,SLGBZMMZGDRARJ-UHFFFAOYSA-N,True,triphenylene,triphenylene,True
V_195,11763618,DEIGXXQKDWULML-PQTSNVLCSA-N,DEIGXXQKDWULML-PQTSNVLCSA-N,True,"(1R,2R,5S,6R,9R,10S)-1,2,5,6,9,10-hexabromocyclododecane","(1R,2R,5S,6R,9R,10S)-1,2,5,6,9,10-hexabromocyclododecane",True
V_1959,8063,HGBOYTHUEUWSSQ-UHFFFAOYSA-N,HGBOYTHUEUWSSQ-UHFFFAOYSA-N,True,pentanal,pentanal,True
V_196,13040187,DEIGXXQKDWULML-UFVWWTPHSA-N,DEIGXXQKDWULML-UFVWWTPHSA-N,True,"(1R,2R,5S,6R,9S,10R)-1,2,5,6,9,10-hexabromocyclododecane","(1R,2R,5S,6R,9S,10R)-1,2,5,6,9,10-hexabromocyclododecane",True
V_1969,6654,GRWFGVWFFZKLTI-UHFFFAOYSA-N,GRWFGVWFFZKLTI-UHFFFAOYSA-N,True,"2,6,6-trimethylbicyclo[3.1.1]hept-2-ene","2,6,6-trimethylbicyclo[3.1.1]hept-2-ene",True
V_197,11377211,DEIGXXQKDWULML-MOCCIAMBSA-N,DEIGXXQKDWULML-MOCCIAMBSA-N,True,"(1R,2R,5R,6S,9S,10R)-1,2,5,6,9,10-hexabromocyclododecane","(1R,2R,5R,6S,9S,10R)-1,2,5,6,9,10-hexabromocyclododecane",True
V_198,447043,MQTOSJVFKKJCRP-BICOPXKESA-N,MQTOSJVFKKJCRP-BICOPXKESA-N,True,"(2R,3S,4R,5R,8R,10R,11R,12S,13S,14R)-11-[(2S,3R,4S,6R)-4-(dimethylamino)-3-hydroxy-6-methyloxan-2-yl]oxy-2-ethyl-3,4,10-trihydroxy-13-[(2R,4R,5S,6S)-5-hydroxy-4-methoxy-4,6-dimethyloxan-2-yl]oxy-3,5,6,8,10,12,14-heptamethyl-1-oxa-6-azacyclopentadecan-15-one","(2R,3S,4R,5R,8R,10R,11R,12S,13S,14R)-11-[(2S,3R,4S,6R)-4-(dimethylamino)-3-hydroxy-6-methyloxan-2-yl]oxy-2-ethyl-3,4,10-trihydroxy-13-[(2R,4R,5S,6S)-5-hydroxy-4-methoxy-4,6-dimethyloxan-2-yl]oxy-3,5,6,8,10,12,14-heptamethyl-1-oxa-6-azacyclopentadecan-15-one",True
V_1983,9119,JNTHRSHGARDABO-UHFFFAOYSA-N,JNTHRSHGARDABO-UHFFFAOYSA-N,True,"hexacyclo[10.10.2.02,7.08,24.015,23.017,22]tetracosa-1(23),2,4,6,8,10,12(24),13,15,17,19,21-dodecaene","hexacyclo[10.10.2.02,7.08,24.015,23.017,22]tetracosa-1(23),2,4,6,8,10,12(24),13,15,17,19,21-dodecaene",True
V_1986,6561,AMIMRNSIRUDHCM-UHFFFAOYSA-N,AMIMRNSIRUDHCM-UHFFFAOYSA-N,True,2-methylpropanal,2-methylpropanal,True
V_1988,8255,VQTUBCCKSQIDNK-UHFFFAOYSA-N,VQTUBCCKSQIDNK-UHFFFAOYSA-N,True,2-methylprop-1-ene,2-methylprop-1-ene,True
V_199,31404,NLZUEZXRPGMBCV-UHFFFAOYSA-N,NLZUEZXRPGMBCV-UHFFFAOYSA-N,True,"2,6-ditert-butyl-4-methylphenol","2,6-ditert-butyl-4-methylphenol",True
V_1992,11552,YGHRJJRRZDOVPD-UHFFFAOYSA-N,YGHRJJRRZDOVPD-UHFFFAOYSA-N,True,3-methylbutanal,3-methylbutanal,True
V_1993,6562,STNJBCKSHOAVAJ-UHFFFAOYSA-N,STNJBCKSHOAVAJ-UHFFFAOYSA-N,True,2-methylprop-2-enal,2-methylprop-2-enal,True
V_1995,12105,OVWYEQOVUDKZNU-UHFFFAOYSA-N,OVWYEQOVUDKZNU-UHFFFAOYSA-N,True,3-methylbenzaldehyde,3-methylbenzaldehyde,True
V_2,727,JLYXXMFPNIAWKQ-UHFFFAOYSA-N,JLYXXMFPNIAWKQ-UHFFFAOYSA-N,True,"1,2,3,4,5,6-hexachlorocyclohexane","1,2,3,4,5,6-hexachlorocyclohexane",True
V_200,5355130,YBGZDTIWKVFICR-JLHYYAGUSA-N,YBGZDTIWKVFICR-JLHYYAGUSA-N,True,2-ethylhexyl (E)-3-(4-methoxyphenyl)prop-2-enoate,2-ethylhexyl (E)-3-(4-methoxyphenyl)prop-2-enoate,True
V_2010,11903,HYFLWBNQFMXCPA-UHFFFAOYSA-N,HYFLWBNQFMXCPA-UHFFFAOYSA-N,True,1-ethyl-2-methylbenzene,1-ethyl-2-methylbenzene,True
V_2012,10722,BTFQKIATRPGRBS-UHFFFAOYSA-N,BTFQKIATRPGRBS-UHFFFAOYSA-N,True,2-methylbenzaldehyde,2-methylbenzaldehyde,True
V_2015,12160,JRLPEMVDPFPYPJ-UHFFFAOYSA-N,JRLPEMVDPFPYPJ-UHFFFAOYSA-N,True,1-ethyl-4-methylbenzene,1-ethyl-4-methylbenzene,True
V_2017,7725,FXLOVSHXALFLKQ-UHFFFAOYSA-N,FXLOVSHXALFLKQ-UHFFFAOYSA-N,True,4-methylbenzaldehyde,4-methylbenzaldehyde,True
V_2035,8404,CXWXQJXEFPUFDZ-UHFFFAOYSA-N,CXWXQJXEFPUFDZ-UHFFFAOYSA-N,True,"1,2,3,4-tetrahydronaphthalene","1,2,3,4-tetrahydronaphthalene",True
V_204,41428,REEQLXCGVXDJSQ-UHFFFAOYSA-N,REEQLXCGVXDJSQ-UHFFFAOYSA-N,True,"2-[(3,5,6-trichloro-2-pyridinyl)oxy]acetic acid","2-[(3,5,6-trichloro-2-pyridinyl)oxy]acetic acid",True
V_205,3485,SXRSQZLOMIGNAQ-UHFFFAOYSA-N,SXRSQZLOMIGNAQ-UHFFFAOYSA-N,True,pentanedial,pentanedial,True
V_206,39230,SUSRORUBZHMPCO-UHFFFAOYSA-N,SUSRORUBZHMPCO-UHFFFAOYSA-N,True,"methyl 5-(2,4-dichlorophenoxy)-2-nitrobenzoate","methyl 5-(2,4-dichlorophenoxy)-2-nitrobenzoate",True
V_207,92389,DDBMQDADIHOWIC-UHFFFAOYSA-N,DDBMQDADIHOWIC-UHFFFAOYSA-N,True,2-chloro-6-nitro-3-phenoxyaniline,2-chloro-6-nitro-3-phenoxyaniline,True
V_208,441308,YGULWPYYGQCFMP-CEAXSRTFSA-N,YGULWPYYGQCFMP-CEAXSRTFSA-N,True,"(2R,3R)-2,3-dihydroxybutanedioic acid;bis(1-[4-(2-methoxyethyl)phenoxy]-3-(propan-2-ylamino)propan-2-ol)","(2R,3R)-2,3-dihydroxybutanedioic acid;bis(1-[4-(2-methoxyethyl)phenoxy]-3-(propan-2-ylamino)propan-2-ol)",True
V_209,66245,VIDRYROWYFWGSY-UHFFFAOYSA-N,VIDRYROWYFWGSY-UHFFFAOYSA-N,True,N-[4-[1-hydroxy-2-(propan-2-ylamino)ethyl]phenyl]methanesulfonamide;hydrochloride,N-[4-[1-hydroxy-2-(propan-2-ylamino)ethyl]phenyl]methanesulfonamide;hydrochloride,True
V_210,62882,ZMRUPTIKESYGQW-UHFFFAOYSA-N,ZMRUPTIKESYGQW-UHFFFAOYSA-N,True,1-naphthalen-1-yloxy-3-(propan-2-ylamino)propan-2-ol;hydrochloride,1-naphthalen-1-yloxy-3-(propan-2-ylamino)propan-2-ol;hydrochloride,True
V_211,441204,AUODDLQVRAJAJM-GQYOKNPUSA-N,AUODDLQVRAJAJM-GQYOKNPUSA-N,True,"(2S,4R)-N-[2-chloro-1-[(2R,3R,4S,5R,6R)-3,4,5-trihydroxy-6-methylsulfanyloxan-2-yl]propyl]-1-methyl-4-propylpyrrolidine-2-carboxamide;hydrochloride","(2S,4R)-N-[2-chloro-1-[(2R,3R,4S,5R,6R)-3,4,5-trihydroxy-6-methylsulfanyloxan-2-yl]propyl]-1-methyl-4-propylpyrrolidine-2-carboxamide;hydrochloride",True
V_212,27194,KPHWPUGNDIVLNH-UHFFFAOYSA-M,KPHWPUGNDIVLNH-UHFFFAOYSA-M,True,"sodium 2-[2-(2,6-dichloroanilino)phenyl]acetate","sodium 2-[2-(2,6-dichloroanilino)phenyl]acetate",True
V_213,6579,HRPVXLWXLXDGHG-UHFFFAOYSA-N,HRPVXLWXLXDGHG-UHFFFAOYSA-N,True,prop-2-enamide,prop-2-enamide,True
V_214,84979,SXDBWCPKPHAZSM-UHFFFAOYSA-M,SXDBWCPKPHAZSM-UHFFFAOYSA-M,True,bromate,bromate,True
V_216,95827,FEWPCPCEGBPTAL-UHFFFAOYSA-N,FEWPCPCEGBPTAL-UHFFFAOYSA-N,True,4-amino-5-chloro-1H-pyridazin-6-one,4-amino-5-chloro-1H-pyridazin-6-one,True
V_217,86290102,IPVCSECPEVHQOV-UHFFFAOYSA-N,IPVCSECPEVHQOV-UHFFFAOYSA-N,True,"2-[2,6-dimethyl-N-(pyrazol-1-ylmethyl)anilino]-2-oxoethanesulfonic acid","2-[2,6-dimethyl-N-(pyrazol-1-ylmethyl)anilino]-2-oxoethanesulfonic acid",True
V_218,86290103,PHMHHVKFXZNTKU-UHFFFAOYSA-N,PHMHHVKFXZNTKU-UHFFFAOYSA-N,True,"2-[2,6-dimethyl-N-(pyrazol-1-ylmethyl)anilino]-2-oxoacetic acid","2-[2,6-dimethyl-N-(pyrazol-1-ylmethyl)anilino]-2-oxoacetic acid",True
V_219,11140605,WVQBLGZPHOPPFO-LBPRGKRZSA-N,WVQBLGZPHOPPFO-LBPRGKRZSA-N,True,2-chloro-N-(2-ethyl-6-methylphenyl)-N-[(2S)-1-methoxypropan-2-yl]acetamide,2-chloro-N-(2-ethyl-6-methylphenyl)-N-[(2S)-1-methoxypropan-2-yl]acetamide,True
V_22,9411,CTSLUCNDVMMDHG-UHFFFAOYSA-N,CTSLUCNDVMMDHG-UHFFFAOYSA-N,True,"5-bromo-3-butan-2-yl-6-methyl-1H-pyrimidine-2,4-dione","5-bromo-3-butan-2-yl-6-methyl-1H-pyrimidine-2,4-dione",True
V_220,6426849,CIGKZVUEZXGYSV-UHFFFAOYSA-N,CIGKZVUEZXGYSV-UHFFFAOYSA-N,True,2-[2-ethyl-N-(1-methoxypropan-2-yl)-6-methylanilino]-2-oxoethanesulfonic acid,2-[2-ethyl-N-(1-methoxypropan-2-yl)-6-methylanilino]-2-oxoethanesulfonic acid,True
V_221,134472,QMHAHUAQAJVBIW-UHFFFAOYSA-N,QMHAHUAQAJVBIW-UHFFFAOYSA-N,True,[methyl(sulfamoyl)amino]methane,[methyl(sulfamoyl)amino]methane,True
V_222,34217,MDQKYGOECVSPIW-UHFFFAOYSA-N,MDQKYGOECVSPIW-UHFFFAOYSA-N,True,"2,4,5-trichloro-6-hydroxybenzene-1,3-dicarbonitrile","2,4,5-trichloro-6-hydroxybenzene-1,3-dicarbonitrile",True
V_224,32793,YAJYJWXEWKRTPO-UHFFFAOYSA-N,YAJYJWXEWKRTPO-UHFFFAOYSA-N,True,"2,3,3,4,4,5-hexamethylhexane-2-thiol","2,3,3,4,4,5-hexamethylhexane-2-thiol",True
V_225,23939,BASFCYQUMIYNBI-UHFFFAOYSA-N,BASFCYQUMIYNBI-UHFFFAOYSA-N,True,platinum,platinum,True
V_226,2793814,CSPHGSFZFWKVDL-FYZOBXCZSA-M,CSPHGSFZFWKVDL-FYZOBXCZSA-M,True,[(2S)-3-chloro-2-hydroxypropyl]-trimethylazanium chloride,[(2S)-3-chloro-2-hydroxypropyl]-trimethylazanium chloride,True
V_228,590836,HBGGXOJOCNVPFY-UHFFFAOYSA-N,HBGGXOJOCNVPFY-UHFFFAOYSA-N,True,"bis(7-methyloctyl) benzene-1,2-dicarboxylate","bis(7-methyloctyl) benzene-1,2-dicarboxylate",True
V_229,33599,ZVFDTKUVRCTHQE-UHFFFAOYSA-N,ZVFDTKUVRCTHQE-UHFFFAOYSA-N,True,"bis(8-methylnonyl) benzene-1,2-dicarboxylate","bis(8-methylnonyl) benzene-1,2-dicarboxylate",True
V_23,91744,JLYFCTQDENRSOL-UHFFFAOYSA-N,JLYFCTQDENRSOL-UHFFFAOYSA-N,True,"2-chloro-N-(2,4-dimethylthiophen-3-yl)-N-(1-methoxypropan-2-yl)acetamide","2-chloro-N-(2,4-dimethylthiophen-3-yl)-N-(1-methoxypropan-2-yl)acetamide",True
V_24,86298,QNBTYORWCCMPQP-UHFFFAOYSA-N,QNBTYORWCCMPQP-UHFFFAOYSA-N,True,"3-(4-chlorophenyl)-3-(3,4-dimethoxyphenyl)-1-morpholin-4-ylprop-2-en-1-one","3-(4-chlorophenyl)-3-(3,4-dimethoxyphenyl)-1-morpholin-4-ylprop-2-en-1-one",True
V_242,36399,WEJZHZJJXPXXMU-UHFFFAOYSA-N,WEJZHZJJXPXXMU-UHFFFAOYSA-N,True,"2,4-dichloro-1-phenylbenzene","2,4-dichloro-1-phenylbenzene",True
V_243,4169,WVQBLGZPHOPPFO-UHFFFAOYSA-N,WVQBLGZPHOPPFO-UHFFFAOYSA-N,True,2-chloro-N-(2-ethyl-6-methylphenyl)-N-(1-methoxypropan-2-yl)acetamide,2-chloro-N-(2-ethyl-6-methylphenyl)-N-(1-methoxypropan-2-yl)acetamide,True
V_244,769,BVKZGUZCCUSVTD-UHFFFAOYSA-M,BVKZGUZCCUSVTD-UHFFFAOYSA-M,True,hydrogen carbonate,hydrogen carbonate,True
V_245,19660,BVKZGUZCCUSVTD-UHFFFAOYSA-L,BVKZGUZCCUSVTD-UHFFFAOYSA-L,True,carbonate,carbonate,True
V_246,312,VEXZGXHMUGYJMC-UHFFFAOYSA-M,VEXZGXHMUGYJMC-UHFFFAOYSA-M,True,chloride,chloride,True
V_247,943,NHNBFGGVMKEFGY-UHFFFAOYSA-N,NHNBFGGVMKEFGY-UHFFFAOYSA-N,True,nitrate,nitrate,True
V_248,946,IOVCWXUNBOPUCH-UHFFFAOYSA-M,IOVCWXUNBOPUCH-UHFFFAOYSA-M,True,nitrite,nitrite,True
V_249,1061,NBIIXXVUZAFLBC-UHFFFAOYSA-K,NBIIXXVUZAFLBC-UHFFFAOYSA-K,True,phosphate,phosphate,True
V_25,38854,VHCNQEUWZYOAEV-UHFFFAOYSA-N,,,"4-amino-3-methyl-6-phenyl-1,2,4-triazin-5-one",,False
V_251,1117,QAOWNCQODCNURD-UHFFFAOYSA-L,QAOWNCQODCNURD-UHFFFAOYSA-L,True,sulfate,sulfate,True
V_253,29109,UCKMPCXJQFINFW-UHFFFAOYSA-N,UCKMPCXJQFINFW-UHFFFAOYSA-N,True,sulfide,sulfide,True
V_254,1099,LSNNMFCWUKXFEE-UHFFFAOYSA-L,LSNNMFCWUKXFEE-UHFFFAOYSA-L,True,sulfite,sulfite,True
V_255,222,QGZKDVFQNNGYKY-UHFFFAOYSA-N,QGZKDVFQNNGYKY-UHFFFAOYSA-N,True,azane,azane,True
V_256,6348,QGJOPFRUJISHPQ-UHFFFAOYSA-N,QGJOPFRUJISHPQ-UHFFFAOYSA-N,True,methanedithione,methanedithione,True
V_257,24261,VYPSYNLAJGMNEJ-UHFFFAOYSA-N,VYPSYNLAJGMNEJ-UHFFFAOYSA-N,True,dioxosilane,dioxosilane,True
V_26,86102,PXMNMQRDXWABCY-UHFFFAOYSA-N,PXMNMQRDXWABCY-UHFFFAOYSA-N,True,"1-(4-chlorophenyl)-4,4-dimethyl-3-(1,2,4-triazol-1-ylmethyl)pentan-3-ol","1-(4-chlorophenyl)-4,4-dimethyl-3-(1,2,4-triazol-1-ylmethyl)pentan-3-ol",True
V_260,5975,XFXPMWWXUTWYJX-UHFFFAOYSA-N,XFXPMWWXUTWYJX-UHFFFAOYSA-N,True,cyanide,cyanide,True
V_271,11844,BRPSAOUFIJSKOT-UHFFFAOYSA-N,BRPSAOUFIJSKOT-UHFFFAOYSA-N,True,"2,3-dichloroaniline","2,3-dichloroaniline",True
V_272,11123,KQCMTOWTPBNWDB-UHFFFAOYSA-N,KQCMTOWTPBNWDB-UHFFFAOYSA-N,True,"2,4-dichloroaniline","2,4-dichloroaniline",True
V_273,7262,AVYGCQXNNJPXSS-UHFFFAOYSA-N,AVYGCQXNNJPXSS-UHFFFAOYSA-N,True,"2,5-dichloroaniline","2,5-dichloroaniline",True
V_274,11846,JDMFXJULNGEPOI-UHFFFAOYSA-N,JDMFXJULNGEPOI-UHFFFAOYSA-N,True,"2,6-dichloroaniline","2,6-dichloroaniline",True
V_275,7240,AKCRQHGQIJBRMN-UHFFFAOYSA-N,AKCRQHGQIJBRMN-UHFFFAOYSA-N,True,2-chloroaniline,2-chloroaniline,True
V_276,7257,SDYWXFYBZPNOFX-UHFFFAOYSA-N,SDYWXFYBZPNOFX-UHFFFAOYSA-N,True,"3,4-dichloroaniline","3,4-dichloroaniline",True
V_277,12281,UQRLKWGPEVNVHT-UHFFFAOYSA-N,UQRLKWGPEVNVHT-UHFFFAOYSA-N,True,"3,5-dichloroaniline","3,5-dichloroaniline",True
V_278,7932,PNPCRKVUWYDDST-UHFFFAOYSA-N,PNPCRKVUWYDDST-UHFFFAOYSA-N,True,3-chloroaniline,3-chloroaniline,True
V_279,7812,QSNSCYSYFYORTR-UHFFFAOYSA-N,QSNSCYSYFYORTR-UHFFFAOYSA-N,True,4-chloroaniline,4-chloroaniline,True
V_28,39929,KSMVNVHUTQZITP-UHFFFAOYSA-N,KSMVNVHUTQZITP-UHFFFAOYSA-N,True,"2,3,7,8-tetrachlorodibenzofuran","2,3,7,8-tetrachlorodibenzofuran",True
V_282,8346,MQIUGAXCHLFZKX-UHFFFAOYSA-N,MQIUGAXCHLFZKX-UHFFFAOYSA-N,True,"dioctyl benzene-1,2-dicarboxylate","dioctyl benzene-1,2-dicarboxylate",True
V_283,6781,FLKPEMZONWLCSK-UHFFFAOYSA-N,FLKPEMZONWLCSK-UHFFFAOYSA-N,True,"diethyl benzene-1,2-dicarboxylate","diethyl benzene-1,2-dicarboxylate",True
V_284,19284,JQCXWCOOWVGKMT-UHFFFAOYSA-N,JQCXWCOOWVGKMT-UHFFFAOYSA-N,True,"diheptyl benzene-1,2-dicarboxylate","diheptyl benzene-1,2-dicarboxylate",True
V_285,6782,MGWAVDBGNNKXQV-UHFFFAOYSA-N,MGWAVDBGNNKXQV-UHFFFAOYSA-N,True,"bis(2-methylpropyl) benzene-1,2-dicarboxylate","bis(2-methylpropyl) benzene-1,2-dicarboxylate",True
V_286,11799,QWDBCIAVABMJPP-UHFFFAOYSA-N,QWDBCIAVABMJPP-UHFFFAOYSA-N,True,"dipropan-2-yl benzene-1,2-dicarboxylate","dipropan-2-yl benzene-1,2-dicarboxylate",True
V_287,8554,NIQCNGHVCWTJSM-UHFFFAOYSA-N,NIQCNGHVCWTJSM-UHFFFAOYSA-N,True,"dimethyl benzene-1,2-dicarboxylate","dimethyl benzene-1,2-dicarboxylate",True
V_288,6787,DROMNWUQASBTFM-UHFFFAOYSA-N,DROMNWUQASBTFM-UHFFFAOYSA-N,True,"dinonyl benzene-1,2-dicarboxylate","dinonyl benzene-1,2-dicarboxylate",True
V_289,8561,IPKKHRVROFYTEK-UHFFFAOYSA-N,IPKKHRVROFYTEK-UHFFFAOYSA-N,True,"dipentyl benzene-1,2-dicarboxylate","dipentyl benzene-1,2-dicarboxylate",True
V_29,42138,SBMIVUVRFPGOEB-UHFFFAOYSA-N,SBMIVUVRFPGOEB-UHFFFAOYSA-N,True,"1,2,3,7,8-pentachlorodibenzofuran","1,2,3,7,8-pentachlorodibenzofuran",True
V_290,8559,MQHNKCZKNAJROC-UHFFFAOYSA-N,MQHNKCZKNAJROC-UHFFFAOYSA-N,True,"dipropyl benzene-1,2-dicarboxylate","dipropyl benzene-1,2-dicarboxylate",True
V_293,7948,TUAMRELNJMMDMT-UHFFFAOYSA-N,TUAMRELNJMMDMT-UHFFFAOYSA-N,True,"3,5-dimethylphenol","3,5-dimethylphenol",True
V_294,12769,OGRAOKJKVGDSFR-UHFFFAOYSA-N,OGRAOKJKVGDSFR-UHFFFAOYSA-N,True,"2,3,5-trimethylphenol","2,3,5-trimethylphenol",True
V_30,42128,OGBQILNBLMPPDP-UHFFFAOYSA-N,OGBQILNBLMPPDP-UHFFFAOYSA-N,True,"2,3,4,7,8-pentachlorodibenzofuran","2,3,4,7,8-pentachlorodibenzofuran",True
V_309,977,MYMOFIZGZYHOMD-UHFFFAOYSA-N,MYMOFIZGZYHOMD-UHFFFAOYSA-N,True,molecular oxygen,molecular oxygen,True
V_31,51130,LVYBAQIVPKCOEE-UHFFFAOYSA-N,LVYBAQIVPKCOEE-UHFFFAOYSA-N,True,"1,2,3,4,7,8-hexachlorodibenzofuran","1,2,3,4,7,8-hexachlorodibenzofuran",True
V_32,42140,JEYJJJXOFWNEHN-UHFFFAOYSA-N,JEYJJJXOFWNEHN-UHFFFAOYSA-N,True,"1,2,3,6,7,8-hexachlorodibenzofuran","1,2,3,6,7,8-hexachlorodibenzofuran",True
V_321,223,QGZKDVFQNNGYKY-UHFFFAOYSA-O,QGZKDVFQNNGYKY-UHFFFAOYSA-O,True,azanium,azanium,True
V_322,271,BHPQYMZQTOCNFJ-UHFFFAOYSA-N,BHPQYMZQTOCNFJ-UHFFFAOYSA-N,True,calcium(2+),calcium(2+),True
V_323,813,NPYPAHLBTDXSSS-UHFFFAOYSA-N,NPYPAHLBTDXSSS-UHFFFAOYSA-N,True,potassium(1+),potassium(1+),True
V_324,888,JLVVSXFLKOJNIY-UHFFFAOYSA-N,JLVVSXFLKOJNIY-UHFFFAOYSA-N,True,magnesium(2+),magnesium(2+),True
V_325,923,FKNQFGJONOIPTF-UHFFFAOYSA-N,FKNQFGJONOIPTF-UHFFFAOYSA-N,True,sodium(1+),sodium(1+),True
V_327,5359268,XAGFODPZIPBFFR-UHFFFAOYSA-N,XAGFODPZIPBFFR-UHFFFAOYSA-N,True,aluminum,aluminum,True
V_328,23967,WUOBERCRSABHOT-UHFFFAOYSA-N,WUOBERCRSABHOT-UHFFFAOYSA-N,True,stibanylidynestibane,stibanylidynestibane,True
V_329,5359596,RQNWIZPPADIBDY-UHFFFAOYSA-N,RQNWIZPPADIBDY-UHFFFAOYSA-N,True,arsenic,arsenic,True
V_33,51720,PYUSJFJVDVSXIU-UHFFFAOYSA-N,PYUSJFJVDVSXIU-UHFFFAOYSA-N,True,"1,2,3,7,8,9-hexachlorodibenzofuran","1,2,3,7,8,9-hexachlorodibenzofuran",True
V_330,5355457,DSAJWYNOEDNPEQ-UHFFFAOYSA-N,DSAJWYNOEDNPEQ-UHFFFAOYSA-N,True,barium,barium,True
V_331,5460467,ATBAMAFKBVZNFJ-UHFFFAOYSA-N,ATBAMAFKBVZNFJ-UHFFFAOYSA-N,True,beryllium,beryllium,True
V_332,5462311,ZOXJGFHDIHLPTG-UHFFFAOYSA-N,ZOXJGFHDIHLPTG-UHFFFAOYSA-N,True,boron,boron,True
V_333,23973,BDOSMKKIYDKNTQ-UHFFFAOYSA-N,BDOSMKKIYDKNTQ-UHFFFAOYSA-N,True,cadmium,cadmium,True
V_334,23974,GWXLDORMOJMVQZ-UHFFFAOYSA-N,GWXLDORMOJMVQZ-UHFFFAOYSA-N,True,cerium,cerium,True
V_335,23976,VYZAMTAEIAYCRO-UHFFFAOYSA-N,VYZAMTAEIAYCRO-UHFFFAOYSA-N,True,chromium,chromium,True
V_336,29131,JOPOVCBBYLSVDA-UHFFFAOYSA-N,JOPOVCBBYLSVDA-UHFFFAOYSA-N,True,chromium(6+),chromium(6+),True
V_337,23925,XEEYBQQBJWHFJM-UHFFFAOYSA-N,XEEYBQQBJWHFJM-UHFFFAOYSA-N,True,iron,iron,True
V_338,104730,GUTLYIVDDKVIGB-UHFFFAOYSA-N,GUTLYIVDDKVIGB-UHFFFAOYSA-N,True,cobalt,cobalt,True
V_339,23978,RYGMFSIKBFXOCR-UHFFFAOYSA-N,RYGMFSIKBFXOCR-UHFFFAOYSA-N,True,copper,copper,True
V_34,43495,XTAHLACQOVXINQ-UHFFFAOYSA-N,XTAHLACQOVXINQ-UHFFFAOYSA-N,True,"2,3,4,6,7,8-hexachlorodibenzofuran","2,3,4,6,7,8-hexachlorodibenzofuran",True
V_340,23931,QSHDDOUJBYECFT-UHFFFAOYSA-N,QSHDDOUJBYECFT-UHFFFAOYSA-N,True,mercury,mercury,True
V_341,5352425,WABPQHHGFIMREM-UHFFFAOYSA-N,WABPQHHGFIMREM-UHFFFAOYSA-N,True,lead,lead,True
V_342,23930,PWHULOQIROXLJO-UHFFFAOYSA-N,PWHULOQIROXLJO-UHFFFAOYSA-N,True,manganese,manganese,True
V_343,23932,ZOKXTWBITQBERF-UHFFFAOYSA-N,ZOKXTWBITQBERF-UHFFFAOYSA-N,True,molybdenum,molybdenum,True
V_344,935,PXHVJJICTQNCMI-UHFFFAOYSA-N,PXHVJJICTQNCMI-UHFFFAOYSA-N,True,nickel,nickel,True
V_345,6326970,BUGBHKTXTAQXES-UHFFFAOYSA-N,BUGBHKTXTAQXES-UHFFFAOYSA-N,True,selenium,selenium,True
V_346,5461123,XUIMIQQOPSSXEZ-UHFFFAOYSA-N,XUIMIQQOPSSXEZ-UHFFFAOYSA-N,True,silicon,silicon,True
V_347,5359327,CIOAGBVUUVVLOB-UHFFFAOYSA-N,CIOAGBVUUVVLOB-UHFFFAOYSA-N,True,strontium,strontium,True
V_348,5359464,BKVIYDNLLOSFOA-UHFFFAOYSA-N,BKVIYDNLLOSFOA-UHFFFAOYSA-N,True,thallium,thallium,True
V_349,23990,LEONUFNNVUYDNQ-UHFFFAOYSA-N,LEONUFNNVUYDNQ-UHFFFAOYSA-N,True,vanadium,vanadium,True
V_35,38199,WDMKCPIVJOGHBF-UHFFFAOYSA-N,WDMKCPIVJOGHBF-UHFFFAOYSA-N,True,"1,2,3,4,6,7,8-heptachlorodibenzofuran","1,2,3,4,6,7,8-heptachlorodibenzofuran",True
V_350,23954,BQCADISMDOOEFD-UHFFFAOYSA-N,BQCADISMDOOEFD-UHFFFAOYSA-N,True,silver,silver,True
V_351,23994,HCHKCACWOHOZIP-UHFFFAOYSA-N,HCHKCACWOHOZIP-UHFFFAOYSA-N,True,zinc,zinc,True
V_352,7947,AUHZEENZYGFFBQ-UHFFFAOYSA-N,AUHZEENZYGFFBQ-UHFFFAOYSA-N,True,"1,3,5-trimethylbenzene","1,3,5-trimethylbenzene",True
V_353,7771,KUFFULVDNCHOFZ-UHFFFAOYSA-N,KUFFULVDNCHOFZ-UHFFFAOYSA-N,True,"2,4-dimethylphenol","2,4-dimethylphenol",True
V_354,1493,UFBJCMHMOXMLKC-UHFFFAOYSA-N,UFBJCMHMOXMLKC-UHFFFAOYSA-N,True,"2,4-dinitrophenol","2,4-dinitrophenol",True
V_355,6947,IQUPABOKLQSFBK-UHFFFAOYSA-N,IQUPABOKLQSFBK-UHFFFAOYSA-N,True,2-nitrophenol,2-nitrophenol,True
V_356,980,BTJIUGUIPKRLHP-UHFFFAOYSA-N,BTJIUGUIPKRLHP-UHFFFAOYSA-N,True,4-nitrophenol,4-nitrophenol,True
V_357,241,UHOVQNZJYSORNB-UHFFFAOYSA-N,UHOVQNZJYSORNB-UHFFFAOYSA-N,True,benzene,benzene,True
V_358,7500,YNQLUTRBYVCPMQ-UHFFFAOYSA-N,YNQLUTRBYVCPMQ-UHFFFAOYSA-N,True,ethylbenzene,ethylbenzene,True
V_359,7929,IVSZLXZYQVIEFR-UHFFFAOYSA-N,IVSZLXZYQVIEFR-UHFFFAOYSA-N,True,"1,3-xylene","1,3-xylene",True
V_36,41510,VEZCTZWLJYWARH-UHFFFAOYSA-N,VEZCTZWLJYWARH-UHFFFAOYSA-N,True,"1,2,3,4,7,8,9-heptachlorodibenzofuran","1,2,3,4,7,8,9-heptachlorodibenzofuran",True
V_360,7407,XYLMUPLGERFSHI-UHFFFAOYSA-N,XYLMUPLGERFSHI-UHFFFAOYSA-N,True,prop-1-en-2-ylbenzene,prop-1-en-2-ylbenzene,True
V_362,7416,LQNUZADURLCDLV-UHFFFAOYSA-N,LQNUZADURLCDLV-UHFFFAOYSA-N,True,nitrobenzene,nitrobenzene,True
V_363,7237,CTQNGGLPUBDAKN-UHFFFAOYSA-N,CTQNGGLPUBDAKN-UHFFFAOYSA-N,True,"1,2-xylene","1,2-xylene",True
V_364,7809,URLKBWYHVLBVBO-UHFFFAOYSA-N,URLKBWYHVLBVBO-UHFFFAOYSA-N,True,"1,4-xylene","1,4-xylene",True
V_365,7406,RWGFKTVRMDUZSP-UHFFFAOYSA-N,RWGFKTVRMDUZSP-UHFFFAOYSA-N,True,cumene,cumene,True
V_366,7501,PPBRXRYQALVLMV-UHFFFAOYSA-N,PPBRXRYQALVLMV-UHFFFAOYSA-N,True,styrene,styrene,True
V_367,1140,YXFVVABEGXRONW-UHFFFAOYSA-N,YXFVVABEGXRONW-UHFFFAOYSA-N,True,toluene,toluene,True
V_368,49384,STEPQTYSZVCJPV-UHFFFAOYSA-N,STEPQTYSZVCJPV-UHFFFAOYSA-N,True,"2-chloro-N-(2,6-dimethylphenyl)-N-(pyrazol-1-ylmethyl)acetamide","2-chloro-N-(2,6-dimethylphenyl)-N-(pyrazol-1-ylmethyl)acetamide",True
V_369,12130,YLKFDHTUAUWZPQ-UHFFFAOYSA-N,YLKFDHTUAUWZPQ-UHFFFAOYSA-N,True,"N,N-dipropylnitrous amide","N,N-dipropylnitrous amide",True
V_37,38200,RHIROFAGUQOFLU-UHFFFAOYSA-N,RHIROFAGUQOFLU-UHFFFAOYSA-N,True,"1,2,3,4,6,7,8,9-octachlorodibenzofuran","1,2,3,4,6,7,8,9-octachlorodibenzofuran",True
V_370,1480,SMYMJHWAQXWPDB-UHFFFAOYSA-N,SMYMJHWAQXWPDB-UHFFFAOYSA-N,True,"2-(2,4,5-trichlorophenoxy)acetic acid","2-(2,4,5-trichlorophenoxy)acetic acid",True
V_371,1486,OVSKIKFHRZPJSS-UHFFFAOYSA-N,OVSKIKFHRZPJSS-UHFFFAOYSA-N,True,"2-(2,4-dichlorophenoxy)acetic acid","2-(2,4-dichlorophenoxy)acetic acid",True
V_372,4933,LFULEKSKNZEWOE-UHFFFAOYSA-N,LFULEKSKNZEWOE-UHFFFAOYSA-N,True,"N-(3,4-dichlorophenyl)propanamide","N-(3,4-dichlorophenyl)propanamide",True
V_373,12310947,QBYJBZPUGVGKQQ-SJJAEHHWSA-N,QBYJBZPUGVGKQQ-SJJAEHHWSA-N,True,"(1S,2S,3S,6R,7R,8R)-1,8,9,10,11,11-hexachlorotetracyclo[6.2.1.13,6.02,7]dodeca-4,9-diene","(1S,2S,3S,6R,7R,8R)-1,8,9,10,11,11-hexachlorotetracyclo[6.2.1.13,6.02,7]dodeca-4,9-diene",True
V_374,5993,BIWJNBZANLAXMG-UHFFFAOYSA-N,BIWJNBZANLAXMG-UHFFFAOYSA-N,True,"1,3,4,7,8,9,10,10-octachlorotricyclo[5.2.1.02,6]dec-8-ene","1,3,4,7,8,9,10,10-octachlorotricyclo[5.2.1.02,6]dec-8-ene",True
V_375,8427,MZHCENGPTKEIGP-UHFFFAOYSA-N,MZHCENGPTKEIGP-UHFFFAOYSA-N,True,"2-(2,4-dichlorophenoxy)propanoic acid","2-(2,4-dichlorophenoxy)propanoic acid",True
V_376,969491,DFBKLUNHFCTMDC-PICURKEMSA-N,DFBKLUNHFCTMDC-PICURKEMSA-N,True,"(1R,2S,3S,6R,7R,8S,9S,11R)-3,4,5,6,13,13-hexachloro-10-oxapentacyclo[6.3.1.13,6.02,7.09,11]tridec-4-ene","(1R,2S,3S,6R,7R,8S,9S,11R)-3,4,5,6,13,13-hexachloro-10-oxapentacyclo[6.3.1.13,6.02,7.09,11]tridec-4-ene",True
V_377,12309460,RDYMFSUJUZBWLH-AZVNHNRSSA-N,RDYMFSUJUZBWLH-AZVNHNRSSA-N,True,"(1R,2S,8R,9S)-1,9,10,11,12,12-hexachloro-4,6-dioxa-5lambda4-thiatricyclo[7.2.1.02,8]dodec-10-ene 5-oxide","(1R,2S,8R,9S)-1,9,10,11,12,12-hexachloro-4,6-dioxa-5lambda4-thiatricyclo[7.2.1.02,8]dodec-10-ene 5-oxide",True
V_379,13940,AAPVQEMYVNZIOO-UHFFFAOYSA-N,AAPVQEMYVNZIOO-UHFFFAOYSA-N,True,"1,9,10,11,12,12-hexachloro-4,6-dioxa-5lambda6-thiatricyclo[7.2.1.02,8]dodec-10-ene 5,5-dioxide","1,9,10,11,12,12-hexachloro-4,6-dioxa-5lambda6-thiatricyclo[7.2.1.02,8]dodec-10-ene 5,5-dioxide",True
V_38,38439,FSPZPQQWDODWAU-UHFFFAOYSA-N,FSPZPQQWDODWAU-UHFFFAOYSA-N,True,"1,2,3,7,8-pentachlorodibenzo-p-dioxin","1,2,3,7,8-pentachlorodibenzo-p-dioxin",True
V_380,3048,DFBKLUNHFCTMDC-UHFFFAOYSA-N,DFBKLUNHFCTMDC-UHFFFAOYSA-N,True,"3,4,5,6,13,13-hexachloro-10-oxapentacyclo[6.3.1.13,6.02,7.09,11]tridec-4-ene","3,4,5,6,13,13-hexachloro-10-oxapentacyclo[6.3.1.13,6.02,7.09,11]tridec-4-ene",True
V_381,522524,HCTWZIFNBBCVGM-UHFFFAOYSA-N,HCTWZIFNBBCVGM-UHFFFAOYSA-N,True,"3,4,5,6,6,7-hexachloropentacyclo[6.3.0.02,4.03,7.05,9]undecane-10-carbaldehyde","3,4,5,6,6,7-hexachloropentacyclo[6.3.0.02,4.03,7.05,9]undecane-10-carbaldehyde",True
V_382,3589,FRCCEHPWNOQAEU-UHFFFAOYSA-N,FRCCEHPWNOQAEU-UHFFFAOYSA-N,True,"1,5,7,8,9,10,10-heptachlorotricyclo[5.2.1.02,6]deca-3,8-diene","1,5,7,8,9,10,10-heptachlorotricyclo[5.2.1.02,6]deca-3,8-diene",True
V_383,122390596,ZXFXBSWRVIQKOD-ILPAMFKHSA-N,ZXFXBSWRVIQKOD-ILPAMFKHSA-N,True,"(1R,8S)-1,6,8,9,10,11,11-heptachloro-4-oxatetracyclo[6.2.1.02,7.03,5]undec-9-ene","(1R,8S)-1,6,8,9,10,11,11-heptachloro-4-oxatetracyclo[6.2.1.02,7.03,5]undec-9-ene",True
V_384,71317194,ZXFXBSWRVIQKOD-WOBUKFROSA-N,ZXFXBSWRVIQKOD-WOBUKFROSA-N,True,"(1S,2R,3R,5R,6R,7S,8R)-1,6,8,9,10,11,11-heptachloro-4-oxatetracyclo[6.2.1.02,7.03,5]undec-9-ene","(1S,2R,3R,5R,6R,7S,8R)-1,6,8,9,10,11,11-heptachloro-4-oxatetracyclo[6.2.1.02,7.03,5]undec-9-ene",True
V_385,8370,CKAPSXZOOQJIBF-UHFFFAOYSA-N,CKAPSXZOOQJIBF-UHFFFAOYSA-N,True,"1,2,3,4,5,6-hexachlorobenzene","1,2,3,4,5,6-hexachlorobenzene",True
V_386,6901,RWNKSTSCBHKHTB-UHFFFAOYSA-N,RWNKSTSCBHKHTB-UHFFFAOYSA-N,True,"1,1,2,3,4,4-hexachlorobuta-1,3-diene","1,1,2,3,4,4-hexachlorobuta-1,3-diene",True
V_39,38251,WCYYQNSQJHPVMG-UHFFFAOYSA-N,WCYYQNSQJHPVMG-UHFFFAOYSA-N,True,"1,2,3,4,7,8-hexachlorodibenzo-p-dioxin","1,2,3,4,7,8-hexachlorodibenzo-p-dioxin",True
V_392,12310946,QBYJBZPUGVGKQQ-DIFDVCDBSA-N,QBYJBZPUGVGKQQ-DIFDVCDBSA-N,True,"(1S,2S,3R,6S,7R,8R)-1,8,9,10,11,11-hexachlorotetracyclo[6.2.1.13,6.02,7]dodeca-4,9-diene","(1S,2S,3R,6S,7R,8R)-1,8,9,10,11,11-hexachlorotetracyclo[6.2.1.13,6.02,7]dodeca-4,9-diene",True
V_393,7204,WHKUVVPPKQRRBV-UHFFFAOYSA-N,WHKUVVPPKQRRBV-UHFFFAOYSA-N,True,2-(4-chloro-2-methylphenoxy)acetic acid,2-(4-chloro-2-methylphenoxy)acetic acid,True
V_394,7153,WNTGYJSOUMFZEP-UHFFFAOYSA-N,WNTGYJSOUMFZEP-UHFFFAOYSA-N,True,2-(4-chloro-2-methylphenoxy)propanoic acid,2-(4-chloro-2-methylphenoxy)propanoic acid,True
V_395,4115,IAKOZHOLGAGEJT-UHFFFAOYSA-N,IAKOZHOLGAGEJT-UHFFFAOYSA-N,True,"1-methoxy-4-[2,2,2-trichloro-1-(4-methoxyphenyl)ethyl]benzene","1-methoxy-4-[2,2,2-trichloro-1-(4-methoxyphenyl)ethyl]benzene",True
V_396,4211,JWBOIMRXGHLCPP-UHFFFAOYSA-N,JWBOIMRXGHLCPP-UHFFFAOYSA-N,True,"1-chloro-2-[2,2-dichloro-1-(4-chlorophenyl)ethyl]benzene","1-chloro-2-[2,2-dichloro-1-(4-chlorophenyl)ethyl]benzene",True
V_397,246598,ZDYJWDIWLRZXDB-UHFFFAOYSA-N,ZDYJWDIWLRZXDB-UHFFFAOYSA-N,True,"1-chloro-2-[2,2-dichloro-1-(4-chlorophenyl)ethenyl]benzene","1-chloro-2-[2,2-dichloro-1-(4-chlorophenyl)ethenyl]benzene",True
V_398,13089,CVUGPAFCQJIYDT-UHFFFAOYSA-N,CVUGPAFCQJIYDT-UHFFFAOYSA-N,True,"1-chloro-2-[2,2,2-trichloro-1-(4-chlorophenyl)ethyl]benzene","1-chloro-2-[2,2,2-trichloro-1-(4-chlorophenyl)ethyl]benzene",True
V_399,992,IZUPBVBPLAPZRR-UHFFFAOYSA-N,IZUPBVBPLAPZRR-UHFFFAOYSA-N,True,"2,3,4,5,6-pentachlorophenol","2,3,4,5,6-pentachlorophenol",True
V_40,42540,YCLUIPQDHHPDJJ-UHFFFAOYSA-N,YCLUIPQDHHPDJJ-UHFFFAOYSA-N,True,"1,2,3,6,7,8-hexachlorodibenzo-p-dioxin","1,2,3,6,7,8-hexachlorodibenzo-p-dioxin",True
V_400,6720,LKPLKUMXSAEKID-UHFFFAOYSA-N,LKPLKUMXSAEKID-UHFFFAOYSA-N,True,"1,2,3,4,5-pentachloro-6-nitrobenzene","1,2,3,4,5-pentachloro-6-nitrobenzene",True
V_401,6294,AHJKRLASYNVKDZ-UHFFFAOYSA-N,AHJKRLASYNVKDZ-UHFFFAOYSA-N,True,"1-chloro-4-[2,2-dichloro-1-(4-chlorophenyl)ethyl]benzene","1-chloro-4-[2,2-dichloro-1-(4-chlorophenyl)ethyl]benzene",True
V_402,3035,UCNVFOCBFJOQAL-UHFFFAOYSA-N,UCNVFOCBFJOQAL-UHFFFAOYSA-N,True,"1-chloro-4-[2,2-dichloro-1-(4-chlorophenyl)ethenyl]benzene","1-chloro-4-[2,2-dichloro-1-(4-chlorophenyl)ethenyl]benzene",True
V_403,3036,YVGGHNCTFXOJCH-UHFFFAOYSA-N,YVGGHNCTFXOJCH-UHFFFAOYSA-N,True,"1-chloro-4-[2,2,2-trichloro-1-(4-chlorophenyl)ethyl]benzene","1-chloro-4-[2,2,2-trichloro-1-(4-chlorophenyl)ethyl]benzene",True
V_404,6535,DQWPFSLDHJDLRL-UHFFFAOYSA-N,DQWPFSLDHJDLRL-UHFFFAOYSA-N,True,triethyl phosphate,triethyl phosphate,True
V_405,9271,LRWHHSXTGZSMSN-UHFFFAOYSA-N,LRWHHSXTGZSMSN-UHFFFAOYSA-N,True,"1,3,5,7,8,9,10,10-octachloro-4-oxatricyclo[5.2.1.02,6]dec-8-ene","1,3,5,7,8,9,10,10-octachloro-4-oxatricyclo[5.2.1.02,6]dec-8-ene",True
V_406,13428,MTBYTWZDRVOMBR-UHFFFAOYSA-N,MTBYTWZDRVOMBR-UHFFFAOYSA-N,True,"1,2,3,4-tetrachloro-5-nitrobenzene","1,2,3,4-tetrachloro-5-nitrobenzene",True
V_407,5284469,OEJNXTAZZBRGDN-UHFFFAOYSA-N,OEJNXTAZZBRGDN-UHFFFAOYSA-N,True,"1,4,5,6,7,7-hexachloro-2,2-bis(chloromethyl)-3-methylidenebicyclo[2.2.1]heptane","1,4,5,6,7,7-hexachloro-2,2-bis(chloromethyl)-3-methylidenebicyclo[2.2.1]heptane",True
V_408,2256,MXWJVTOOROXGIU-UHFFFAOYSA-N,MXWJVTOOROXGIU-UHFFFAOYSA-N,True,"6-chloro-4-N-ethyl-2-N-propan-2-yl-1,3,5-triazine-2,4-diamine","6-chloro-4-N-ethyl-2-N-propan-2-yl-1,3,5-triazine-2,4-diamine",True
V_409,27375,JXCGFZXSOMJFOA-UHFFFAOYSA-N,JXCGFZXSOMJFOA-UHFFFAOYSA-N,True,"3-(3-chloro-4-methylphenyl)-1,1-dimethylurea","3-(3-chloro-4-methylphenyl)-1,1-dimethylurea",True
V_41,29575,LGIRBUBHIWTVCK-UHFFFAOYSA-N,LGIRBUBHIWTVCK-UHFFFAOYSA-N,True,"1,2,3,7,8,9-hexachlorodibenzo-p-dioxin","1,2,3,7,8,9-hexachlorodibenzo-p-dioxin",True
V_410,30773,MZZBPDKVEFVLFF-UHFFFAOYSA-N,MZZBPDKVEFVLFF-UHFFFAOYSA-N,True,"2-[[4-chloro-6-(ethylamino)-1,3,5-triazin-2-yl]amino]-2-methylpropanenitrile","2-[[4-chloro-6-(ethylamino)-1,3,5-triazin-2-yl]amino]-2-methylpropanenitrile",True
V_411,22563,DFWFIQKMSFGDCQ-UHFFFAOYSA-N,DFWFIQKMSFGDCQ-UHFFFAOYSA-N,True,"6-chloro-2-N-propan-2-yl-1,3,5-triazine-2,4-diamine","6-chloro-2-N-propan-2-yl-1,3,5-triazine-2,4-diamine",True
V_412,13878,IVENSCMCQBJAKW-UHFFFAOYSA-N,IVENSCMCQBJAKW-UHFFFAOYSA-N,True,"6-chloro-2-N-ethyl-1,3,5-triazine-2,4-diamine","6-chloro-2-N-ethyl-1,3,5-triazine-2,4-diamine",True
V_413,3120,XMTQQYYKAHVGBJ-UHFFFAOYSA-N,XMTQQYYKAHVGBJ-UHFFFAOYSA-N,True,"3-(3,4-dichlorophenyl)-1,1-dimethylurea","3-(3,4-dichlorophenyl)-1,1-dimethylurea",True
V_414,36679,PUIYMUZLKQOUOZ-UHFFFAOYSA-N,PUIYMUZLKQOUOZ-UHFFFAOYSA-N,True,"1,1-dimethyl-3-(4-propan-2-ylphenyl)urea","1,1-dimethyl-3-(4-propan-2-ylphenyl)urea",True
V_415,9502,XKJMBINCVNINCA-UHFFFAOYSA-N,XKJMBINCVNINCA-UHFFFAOYSA-N,True,"3-(3,4-dichlorophenyl)-1-methoxy-1-methylurea","3-(3,4-dichlorophenyl)-1-methoxy-1-methylurea",True
V_416,29216,RRVIAQKBTUQODI-UHFFFAOYSA-N,RRVIAQKBTUQODI-UHFFFAOYSA-N,True,"1-(1,3-benzothiazol-2-yl)-1,3-dimethylurea","1-(1,3-benzothiazol-2-yl)-1,3-dimethylurea",True
V_417,29863,DSRNRYQBBJQVCW-UHFFFAOYSA-N,DSRNRYQBBJQVCW-UHFFFAOYSA-N,True,"3-(3-chloro-4-methoxyphenyl)-1,1-dimethylurea","3-(3-chloro-4-methoxyphenyl)-1,1-dimethylurea",True
V_418,15629,LKJPSUCKSLORMF-UHFFFAOYSA-N,LKJPSUCKSLORMF-UHFFFAOYSA-N,True,3-(4-chlorophenyl)-1-methoxy-1-methylurea,3-(4-chlorophenyl)-1-methoxy-1-methylurea,True
V_42,37270,WCLNVRQZUKYVAI-UHFFFAOYSA-N,WCLNVRQZUKYVAI-UHFFFAOYSA-N,True,"1,2,3,4,6,7,8-heptachlorodibenzo-p-dioxin","1,2,3,4,6,7,8-heptachlorodibenzo-p-dioxin",True
V_43,18636,FOIBFBMSLDGNHL-UHFFFAOYSA-N,FOIBFBMSLDGNHL-UHFFFAOYSA-N,True,"1,2,3,4,6,7,8,9-octachlorodibenzo-p-dioxin","1,2,3,4,6,7,8,9-octachlorodibenzo-p-dioxin",True
V_432,6278,UOCLXMDMGBRAIB-UHFFFAOYSA-N,UOCLXMDMGBRAIB-UHFFFAOYSA-N,True,"1,1,1-trichloroethane","1,1,1-trichloroethane",True
V_433,6591,QPFMBZIOSGYJDE-UHFFFAOYSA-N,QPFMBZIOSGYJDE-UHFFFAOYSA-N,True,"1,1,2,2-tetrachloroethane","1,1,2,2-tetrachloroethane",True
V_434,6574,UBOXGVDOUJQMTN-UHFFFAOYSA-N,UBOXGVDOUJQMTN-UHFFFAOYSA-N,True,"1,1,2-trichloroethane","1,1,2-trichloroethane",True
V_435,6365,SCYULBFZEHDVBN-UHFFFAOYSA-N,SCYULBFZEHDVBN-UHFFFAOYSA-N,True,"1,1-dichloroethane","1,1-dichloroethane",True
V_436,6366,LGXVIGDEPROXKC-UHFFFAOYSA-N,LGXVIGDEPROXKC-UHFFFAOYSA-N,True,"1,1-dichloroethene","1,1-dichloroethene",True
V_437,12418,QVLAWKAXOMEXPM-UHFFFAOYSA-N,QVLAWKAXOMEXPM-UHFFFAOYSA-N,True,"1,1,1,2-tetrachloroethane","1,1,1,2-tetrachloroethane",True
V_44,63090,REHONNLQRWTIFF-UHFFFAOYSA-N,REHONNLQRWTIFF-UHFFFAOYSA-N,True,"1,2,3-trichloro-5-(3,4-dichlorophenyl)benzene","1,2,3-trichloro-5-(3,4-dichlorophenyl)benzene",True
V_440,12007,XGYLSRFSXKAYCR-UHFFFAOYSA-N,XGYLSRFSXKAYCR-UHFFFAOYSA-N,True,2-chloro-4-methylaniline,2-chloro-4-methylaniline,True
V_441,6894,ZUVPLKVDZNDZCM-UHFFFAOYSA-N,ZUVPLKVDZNDZCM-UHFFFAOYSA-N,True,3-chloro-2-methylaniline,3-chloro-2-methylaniline,True
V_442,7251,CXNVOWPRHWWCQR-UHFFFAOYSA-N,CXNVOWPRHWWCQR-UHFFFAOYSA-N,True,4-chloro-2-methylaniline,4-chloro-2-methylaniline,True
V_443,7411,CAHQGWAXKLQREW-UHFFFAOYSA-N,CAHQGWAXKLQREW-UHFFFAOYSA-N,True,dichloromethylbenzene,dichloromethylbenzene,True
V_444,6740,XCSNRORTQRKCHB-UHFFFAOYSA-N,XCSNRORTQRKCHB-UHFFFAOYSA-N,True,1-chloro-2-methyl-3-nitrobenzene,1-chloro-2-methyl-3-nitrobenzene,True
V_445,8491,LLYXJBROWQDVMI-UHFFFAOYSA-N,LLYXJBROWQDVMI-UHFFFAOYSA-N,True,2-chloro-1-methyl-4-nitrobenzene,2-chloro-1-methyl-4-nitrobenzene,True
V_446,11899,QUIMTLZDMCNYGY-UHFFFAOYSA-N,QUIMTLZDMCNYGY-UHFFFAOYSA-N,True,"2,4-dichloro-1-nitrobenzene","2,4-dichloro-1-nitrobenzene",True
V_447,18555,CMVQZRLQEOAYSW-UHFFFAOYSA-N,CMVQZRLQEOAYSW-UHFFFAOYSA-N,True,"1,2-dichloro-3-nitrobenzene","1,2-dichloro-3-nitrobenzene",True
V_448,6977,RZKKOBGFCAHLCZ-UHFFFAOYSA-N,RZKKOBGFCAHLCZ-UHFFFAOYSA-N,True,"1,4-dichloro-2-nitrobenzene","1,4-dichloro-2-nitrobenzene",True
V_449,11759,VITSNECNFNNVQB-UHFFFAOYSA-N,VITSNECNFNNVQB-UHFFFAOYSA-N,True,"1,3-dichloro-2-nitrobenzene","1,3-dichloro-2-nitrobenzene",True
V_45,5460341,OYPRJOBELJOOCE-UHFFFAOYSA-N,OYPRJOBELJOOCE-UHFFFAOYSA-N,True,calcium,calcium,True
V_450,7443,NTBYINQTYWZXLH-UHFFFAOYSA-N,NTBYINQTYWZXLH-UHFFFAOYSA-N,True,"1,2-dichloro-4-nitrobenzene","1,2-dichloro-4-nitrobenzene",True
V_451,12064,RNABGKOKSBUFHW-UHFFFAOYSA-N,RNABGKOKSBUFHW-UHFFFAOYSA-N,True,"1,3-dichloro-5-nitrobenzene","1,3-dichloro-5-nitrobenzene",True
V_452,7835,BRLQWZUYTZBJKN-UHFFFAOYSA-N,BRLQWZUYTZBJKN-UHFFFAOYSA-N,True,2-(chloromethyl)oxirane,2-(chloromethyl)oxirane,True
V_456,15559699,ZXFXBSWRVIQKOD-UOFFAGTMSA-N,ZXFXBSWRVIQKOD-UOFFAGTMSA-N,True,"(1S,2R,3S,5S,6R,7S,8R)-1,6,8,9,10,11,11-heptachloro-4-oxatetracyclo[6.2.1.02,7.03,5]undec-9-ene","(1S,2R,3S,5S,6R,7S,8R)-1,6,8,9,10,11,11-heptachloro-4-oxatetracyclo[6.2.1.02,7.03,5]undec-9-ene",True
V_46,5462309,OAICVXFJPJFONN-UHFFFAOYSA-N,OAICVXFJPJFONN-UHFFFAOYSA-N,True,phosphane,phosphane,True
V_464,7056,CGYGETOMCSJHJU-UHFFFAOYSA-N,CGYGETOMCSJHJU-UHFFFAOYSA-N,True,2-chloronaphthalene,2-chloronaphthalene,True
V_468,9128,TXVHTIQJNYSSKO-UHFFFAOYSA-N,TXVHTIQJNYSSKO-UHFFFAOYSA-N,True,benzo[e]pyrene,benzo[e]pyrene,True
V_469,9142,CSHWQDPOILHKBI-UHFFFAOYSA-N,CSHWQDPOILHKBI-UHFFFAOYSA-N,True,perylene,perylene,True
V_470,16553,NFMIMWNQWAWNDW-UHFFFAOYSA-N,NFMIMWNQWAWNDW-UHFFFAOYSA-N,True,"2-(ethylamino)-6-(propan-2-ylamino)-1H-1,3,5-triazin-4-one","2-(ethylamino)-6-(propan-2-ylamino)-1H-1,3,5-triazin-4-one",True
V_471,6129,CVXBEEMKQHEXEN-UHFFFAOYSA-N,CVXBEEMKQHEXEN-UHFFFAOYSA-N,True,naphthalen-1-yl N-methylcarbamate,naphthalen-1-yl N-methylcarbamate,True
V_472,25429,TWFZGCMQGLPBSX-UHFFFAOYSA-N,TWFZGCMQGLPBSX-UHFFFAOYSA-N,True,methyl N-(1H-benzimidazol-2-yl)carbamate,methyl N-(1H-benzimidazol-2-yl)carbamate,True
V_473,18290,WLFDQEVORAMCIM-UHFFFAOYSA-N,WLFDQEVORAMCIM-UHFFFAOYSA-N,True,3-(4-bromophenyl)-1-methoxy-1-methylurea,3-(4-bromophenyl)-1-methoxy-1-methylurea,True
V_474,31645,YFGYUFNIOHWBOB-UHFFFAOYSA-N,YFGYUFNIOHWBOB-UHFFFAOYSA-N,True,"[2-(dimethylamino)-5,6-dimethylpyrimidin-4-yl] N,N-dimethylcarbamate","[2-(dimethylamino)-5,6-dimethylpyrimidin-4-yl] N,N-dimethylcarbamate",True
V_475,62020,NQLVQOSNDJXLKG-UHFFFAOYSA-N,NQLVQOSNDJXLKG-UHFFFAOYSA-N,True,"S-benzyl N,N-dipropylcarbamothioate","S-benzyl N,N-dipropylcarbamothioate",True
V_476,13526,WEBQKRLKWNIYKK-UHFFFAOYSA-N,WEBQKRLKWNIYKK-UHFFFAOYSA-N,True,1-dimethoxyphosphorylsulfanyl-2-ethylsulfanylethane,1-dimethoxyphosphorylsulfanyl-2-ethylsulfanylethane,True
V_477,13676,KVGLBTYUCJYMND-UHFFFAOYSA-N,KVGLBTYUCJYMND-UHFFFAOYSA-N,True,ethoxy-ethyl-phenylsulfanyl-sulfanylidene-lambda5-phosphane,ethoxy-ethyl-phenylsulfanyl-sulfanylidene-lambda5-phosphane,True
V_478,25670,XLNZEKHULJKQBA-UHFFFAOYSA-N,XLNZEKHULJKQBA-UHFFFAOYSA-N,True,tert-butylsulfanylmethylsulfanyl-diethoxy-sulfanylidene-lambda5-phosphane,tert-butylsulfanylmethylsulfanyl-diethoxy-sulfanylidene-lambda5-phosphane,True
V_479,12008,SMFHPCZZAAMJJO-UHFFFAOYSA-N,SMFHPCZZAAMJJO-UHFFFAOYSA-N,True,2-chloro-5-methylphenol,2-chloro-5-methylphenol,True
V_48,3032552,JCXJVPUVTGWSNB-UHFFFAOYSA-N,JCXJVPUVTGWSNB-UHFFFAOYSA-N,True,,,True
V_480,7380,PRLINSMUYJWPBL-UHFFFAOYSA-N,PRLINSMUYJWPBL-UHFFFAOYSA-N,True,4-tert-butyl-2-chlorophenol,4-tert-butyl-2-chlorophenol,True
V_481,2723,OSDLLIBGSJNGJE-UHFFFAOYSA-N,OSDLLIBGSJNGJE-UHFFFAOYSA-N,True,"4-chloro-3,5-dimethylphenol","4-chloro-3,5-dimethylphenol",True
V_482,12005,FAXWFCTVSHEODL-UHFFFAOYSA-N,FAXWFCTVSHEODL-UHFFFAOYSA-N,True,"2,4-dibromophenol","2,4-dibromophenol",True
V_483,7017,LLEMOWNGBBNAJR-UHFFFAOYSA-N,LLEMOWNGBBNAJR-UHFFFAOYSA-N,True,2-phenylphenol,2-phenylphenol,True
V_484,24216,CDMGNVWZXRKJNS-UHFFFAOYSA-N,CDMGNVWZXRKJNS-UHFFFAOYSA-N,True,2-benzylphenol,2-benzylphenol,True
V_485,8425,NCKMMSIFQUPKCK-UHFFFAOYSA-N,NCKMMSIFQUPKCK-UHFFFAOYSA-N,True,2-benzyl-4-chlorophenol,2-benzyl-4-chlorophenol,True
V_489,26975,ZNPSUQQXTRRSBM-UHFFFAOYSA-N,ZNPSUQQXTRRSBM-UHFFFAOYSA-N,True,4-pentylphenol,4-pentylphenol,True
V_490,15730,NTDQQZYCCIDJRK-UHFFFAOYSA-N,NTDQQZYCCIDJRK-UHFFFAOYSA-N,True,4-octylphenol,4-octylphenol,True
V_491,1752,IGFHQQFPSIBGKE-UHFFFAOYSA-N,IGFHQQFPSIBGKE-UHFFFAOYSA-N,True,4-nonylphenol,4-nonylphenol,True
V_492,6643,NRZWYNLTFLDQQX-UHFFFAOYSA-N,NRZWYNLTFLDQQX-UHFFFAOYSA-N,True,4-(2-methylbutan-2-yl)phenol,4-(2-methylbutan-2-yl)phenol,True
V_493,8814,ISAVYTVYFVQUDY-UHFFFAOYSA-N,ISAVYTVYFVQUDY-UHFFFAOYSA-N,True,"4-(2,4,4-trimethylpentan-2-yl)phenol","4-(2,4,4-trimethylpentan-2-yl)phenol",True
V_494,13346,ZVZQKNVMDKSGGF-UHFFFAOYSA-N,ZVZQKNVMDKSGGF-UHFFFAOYSA-N,True,2-ethylsulfanylethoxy-dimethoxy-sulfanylidene-lambda5-phosphane,2-ethylsulfanylethoxy-dimethoxy-sulfanylidene-lambda5-phosphane,True
V_495,712,WSFSSNUMVMOOMR-UHFFFAOYSA-N,WSFSSNUMVMOOMR-UHFFFAOYSA-N,True,formaldehyde,formaldehyde,True
V_496,7583,USIUVYZYUHIAEV-UHFFFAOYSA-N,USIUVYZYUHIAEV-UHFFFAOYSA-N,True,phenoxybenzene,phenoxybenzene,True
V_497,6354,IAYPIBMASNFSPL-UHFFFAOYSA-N,IAYPIBMASNFSPL-UHFFFAOYSA-N,True,oxirane,oxirane,True
V_498,6115,PAYRUJLWNCNPSJ-UHFFFAOYSA-N,PAYRUJLWNCNPSJ-UHFFFAOYSA-N,True,aniline,aniline,True
V_499,24685,VXPLXMJHHKHSOA-UHFFFAOYSA-N,VXPLXMJHHKHSOA-UHFFFAOYSA-N,True,propan-2-yl N-phenylcarbamate,propan-2-yl N-phenylcarbamate,True
V_500,6895,RELMFMZEBKVZJC-UHFFFAOYSA-N,RELMFMZEBKVZJC-UHFFFAOYSA-N,True,"1,2,3-trichlorobenzene","1,2,3-trichlorobenzene",True
V_501,7285,CFXQEHVMCRXUSD-UHFFFAOYSA-N,CFXQEHVMCRXUSD-UHFFFAOYSA-N,True,"1,2,3-trichloropropane","1,2,3-trichloropropane",True
V_502,13,PBKONEOXTCPAFI-UHFFFAOYSA-N,PBKONEOXTCPAFI-UHFFFAOYSA-N,True,"1,2,4-trichlorobenzene","1,2,4-trichlorobenzene",True
V_503,7239,RFFLAFLAYFXFSW-UHFFFAOYSA-N,RFFLAFLAYFXFSW-UHFFFAOYSA-N,True,"1,2-dichlorobenzene","1,2-dichlorobenzene",True
V_504,11,WSLDOOZREJYCGB-UHFFFAOYSA-N,WSLDOOZREJYCGB-UHFFFAOYSA-N,True,"1,2-dichloroethane","1,2-dichloroethane",True
V_505,10900,KFUSEUYYWQURPO-UHFFFAOYSA-N,KFUSEUYYWQURPO-UHFFFAOYSA-N,True,"1,2-dichloroethene","1,2-dichloroethene",True
V_506,6564,KNKRKFALVUDBJE-UHFFFAOYSA-N,KNKRKFALVUDBJE-UHFFFAOYSA-N,True,"1,2-dichloropropane","1,2-dichloropropane",True
V_507,7950,XKEFYDZQGKAQCN-UHFFFAOYSA-N,XKEFYDZQGKAQCN-UHFFFAOYSA-N,True,"1,3,5-trichlorobenzene","1,3,5-trichlorobenzene",True
V_508,7289,DEWLEGDTCGBNGU-UHFFFAOYSA-N,DEWLEGDTCGBNGU-UHFFFAOYSA-N,True,"1,3-dichloropropan-2-ol","1,3-dichloropropan-2-ol",True
V_509,10943,ZPQOPVIELGIULI-UHFFFAOYSA-N,ZPQOPVIELGIULI-UHFFFAOYSA-N,True,"1,3-dichlorobenzene","1,3-dichlorobenzene",True
V_510,8881,YHRUOJUYPBUZOS-UHFFFAOYSA-N,YHRUOJUYPBUZOS-UHFFFAOYSA-N,True,"1,3-dichloropropane","1,3-dichloropropane",True
V_511,5280970,UOORRWUZONOOLO-UPHRSURJSA-N,UOORRWUZONOOLO-UPHRSURJSA-N,True,"(Z)-1,3-dichloroprop-1-ene","(Z)-1,3-dichloroprop-1-ene",True
V_512,24726,UOORRWUZONOOLO-OWOJBTEDSA-N,UOORRWUZONOOLO-OWOJBTEDSA-N,True,"(E)-1,3-dichloroprop-1-ene","(E)-1,3-dichloroprop-1-ene",True
V_513,4685,OCJBOOLMMGQPQU-UHFFFAOYSA-N,OCJBOOLMMGQPQU-UHFFFAOYSA-N,True,"1,4-dichlorobenzene","1,4-dichlorobenzene",True
V_514,6,VYZAHLCBVHPDDF-UHFFFAOYSA-N,VYZAHLCBVHPDDF-UHFFFAOYSA-N,True,"1-chloro-2,4-dinitrobenzene","1-chloro-2,4-dinitrobenzene",True
V_515,6945,BFCFYVKQTRLZHA-UHFFFAOYSA-N,BFCFYVKQTRLZHA-UHFFFAOYSA-N,True,1-chloro-2-nitrobenzene,1-chloro-2-nitrobenzene,True
V_516,8489,KMAQZIILEGKYQZ-UHFFFAOYSA-N,KMAQZIILEGKYQZ-UHFFFAOYSA-N,True,1-chloro-3-nitrobenzene,1-chloro-3-nitrobenzene,True
V_517,7474,CZGCEKJOLUNIFY-UHFFFAOYSA-N,CZGCEKJOLUNIFY-UHFFFAOYSA-N,True,1-chloro-4-nitrobenzene,1-chloro-4-nitrobenzene,True
V_518,7003,JTPNRXUCIXHOKM-UHFFFAOYSA-N,JTPNRXUCIXHOKM-UHFFFAOYSA-N,True,1-chloronaphthalene,1-chloronaphthalene,True
V_519,21013,RULKYXXCCZZKDZ-UHFFFAOYSA-N,RULKYXXCCZZKDZ-UHFFFAOYSA-N,True,"2,3,4,5-tetrachlorophenol","2,3,4,5-tetrachlorophenol",True
V_520,6028,VGVRPFIJEJYOFN-UHFFFAOYSA-N,VGVRPFIJEJYOFN-UHFFFAOYSA-N,True,"2,3,4,6-tetrachlorophenol","2,3,4,6-tetrachlorophenol",True
V_521,27582,HSQFVBWFPBKHEB-UHFFFAOYSA-N,HSQFVBWFPBKHEB-UHFFFAOYSA-N,True,"2,3,4-trichlorophenol","2,3,4-trichlorophenol",True
V_522,13636,KEWNKZNZRIAIAK-UHFFFAOYSA-N,KEWNKZNZRIAIAK-UHFFFAOYSA-N,True,"2,3,5,6-tetrachlorophenol","2,3,5,6-tetrachlorophenol",True
V_523,13619,WWGQHTJIFOQAOC-UHFFFAOYSA-N,WWGQHTJIFOQAOC-UHFFFAOYSA-N,True,"2,3,5-trichlorophenol","2,3,5-trichlorophenol",True
V_524,13618,XGCHAIDDPMFRLJ-UHFFFAOYSA-N,XGCHAIDDPMFRLJ-UHFFFAOYSA-N,True,"2,3,6-trichlorophenol","2,3,6-trichlorophenol",True
V_525,15625,HGUFODBRKLSHSI-UHFFFAOYSA-N,HGUFODBRKLSHSI-UHFFFAOYSA-N,True,"2,3,7,8-tetrachlorodibenzo-p-dioxin","2,3,7,8-tetrachlorodibenzo-p-dioxin",True
V_526,11334,UMPSXRYVXUPCOS-UHFFFAOYSA-N,UMPSXRYVXUPCOS-UHFFFAOYSA-N,True,"2,3-dichlorophenol","2,3-dichlorophenol",True
V_527,7271,LHJGJYXLEPZJPM-UHFFFAOYSA-N,LHJGJYXLEPZJPM-UHFFFAOYSA-N,True,"2,4,5-trichlorophenol","2,4,5-trichlorophenol",True
V_528,6914,LINPIYWFGCPVIE-UHFFFAOYSA-N,LINPIYWFGCPVIE-UHFFFAOYSA-N,True,"2,4,6-trichlorophenol","2,4,6-trichlorophenol",True
V_529,8449,HFZWRUODUSTPEG-UHFFFAOYSA-N,HFZWRUODUSTPEG-UHFFFAOYSA-N,True,"2,4-dichlorophenol","2,4-dichlorophenol",True
V_530,6899,HOLHYSJJBXSLMV-UHFFFAOYSA-N,HOLHYSJJBXSLMV-UHFFFAOYSA-N,True,"2,6-dichlorophenol","2,6-dichlorophenol",True
V_531,31369,YACLQRRMGMJLJV-UHFFFAOYSA-N,YACLQRRMGMJLJV-UHFFFAOYSA-N,True,"2-chlorobuta-1,3-diene","2-chlorobuta-1,3-diene",True
V_533,34,SZIFAVKTNFCBPC-UHFFFAOYSA-N,SZIFAVKTNFCBPC-UHFFFAOYSA-N,True,2-chloroethanol,2-chloroethanol,True
V_534,7245,ISPYQTSUDJAMAB-UHFFFAOYSA-N,ISPYQTSUDJAMAB-UHFFFAOYSA-N,True,2-chlorophenol,2-chlorophenol,True
V_535,7238,IBSQPLPBRSHTTG-UHFFFAOYSA-N,IBSQPLPBRSHTTG-UHFFFAOYSA-N,True,1-chloro-2-methylbenzene,1-chloro-2-methylbenzene,True
V_536,11859,GBNHEBQXJVDXSW-UHFFFAOYSA-N,GBNHEBQXJVDXSW-UHFFFAOYSA-N,True,"3,4,5-trichlorophenol","3,4,5-trichlorophenol",True
V_537,7258,WDNBURPWRNALGP-UHFFFAOYSA-N,WDNBURPWRNALGP-UHFFFAOYSA-N,True,"3,4-dichlorophenol","3,4-dichlorophenol",True
V_538,11571,VPOMSPZBQMDLTM-UHFFFAOYSA-N,VPOMSPZBQMDLTM-UHFFFAOYSA-N,True,"3,5-dichlorophenol","3,5-dichlorophenol",True
V_539,7933,HORNXRXVQWOLPJ-UHFFFAOYSA-N,HORNXRXVQWOLPJ-UHFFFAOYSA-N,True,3-chlorophenol,3-chlorophenol,True
V_540,7850,OSDWBNJEKMUWAV-UHFFFAOYSA-N,OSDWBNJEKMUWAV-UHFFFAOYSA-N,True,3-chloroprop-1-ene,3-chloroprop-1-ene,True
V_541,7931,OSOUNOBYRMOXQQ-UHFFFAOYSA-N,OSOUNOBYRMOXQQ-UHFFFAOYSA-N,True,1-chloro-3-methylbenzene,1-chloro-3-methylbenzene,True
V_542,14855,RHPUJHQBPORFGV-UHFFFAOYSA-N,RHPUJHQBPORFGV-UHFFFAOYSA-N,True,4-chloro-2-methylphenol,4-chloro-2-methylphenol,True
V_543,6979,PBGKNXWGYQPUJK-UHFFFAOYSA-N,PBGKNXWGYQPUJK-UHFFFAOYSA-N,True,4-chloro-2-nitroaniline,4-chloro-2-nitroaniline,True
V_544,6975,SQFLFRQWPBEDHM-UHFFFAOYSA-N,SQFLFRQWPBEDHM-UHFFFAOYSA-N,True,4-chloro-1-methyl-2-nitrobenzene,4-chloro-1-methyl-2-nitrobenzene,True
V_545,1732,CFKMVGJGLGKFKI-UHFFFAOYSA-N,CFKMVGJGLGKFKI-UHFFFAOYSA-N,True,4-chloro-3-methylphenol,4-chloro-3-methylphenol,True
V_546,4684,WXNZTHHGJRFXKQ-UHFFFAOYSA-N,WXNZTHHGJRFXKQ-UHFFFAOYSA-N,True,4-chlorophenol,4-chlorophenol,True
V_547,7810,NPDACUSDTOMAMK-UHFFFAOYSA-N,NPDACUSDTOMAMK-UHFFFAOYSA-N,True,1-chloro-4-methylbenzene,1-chloro-4-methylbenzene,True
V_548,6359,FMWLUWPQPKEARP-UHFFFAOYSA-N,FMWLUWPQPKEARP-UHFFFAOYSA-N,True,bromo(dichloro)methane,bromo(dichloro)methane,True
V_549,6323,GZUXJHMPEANEGY-UHFFFAOYSA-N,GZUXJHMPEANEGY-UHFFFAOYSA-N,True,bromomethane,bromomethane,True
V_55,9144,YEIHPPOCKIHUQJ-UHFFFAOYSA-N,YEIHPPOCKIHUQJ-UHFFFAOYSA-N,True,"pentacyclo[8.8.0.02,7.03,17.013,18]octadeca-1(10),2(7),3,5,8,11,13(18),14,16-nonaene","pentacyclo[8.8.0.02,7.03,17.013,18]octadeca-1(10),2(7),3,5,8,11,13(18),14,16-nonaene",True
V_550,182782,DNYWXJPIRSNXIP-UHFFFAOYSA-N,DNYWXJPIRSNXIP-UHFFFAOYSA-N,True,"2-bromo-1,1,1-trichloroethane","2-bromo-1,1,1-trichloroethane",True
V_551,300,FOCAUTSVDIKZOP-UHFFFAOYSA-N,FOCAUTSVDIKZOP-UHFFFAOYSA-N,True,2-chloroacetic acid,2-chloroacetic acid,True
V_552,7964,MVPPADPHJFYWMZ-UHFFFAOYSA-N,MVPPADPHJFYWMZ-UHFFFAOYSA-N,True,chlorobenzene,chlorobenzene,True
V_553,7280,WBEJYOJJBDISQU-UHFFFAOYSA-N,WBEJYOJJBDISQU-UHFFFAOYSA-N,True,"1,2-dibromo-3-chloropropane","1,2-dibromo-3-chloropropane",True
V_554,6327,NEHMKBQYUWJMIP-UHFFFAOYSA-N,NEHMKBQYUWJMIP-UHFFFAOYSA-N,True,chloromethane,chloromethane,True
V_555,31296,GATVIKZLVQHOMN-UHFFFAOYSA-N,GATVIKZLVQHOMN-UHFFFAOYSA-N,True,dibromo(chloro)methane,dibromo(chloro)methane,True
V_556,6391,PXBRQCKWGAHEHS-UHFFFAOYSA-N,PXBRQCKWGAHEHS-UHFFFAOYSA-N,True,dichloro(difluoro)methane,dichloro(difluoro)methane,True
V_557,6344,YMWUJEATGCHHMB-UHFFFAOYSA-N,YMWUJEATGCHHMB-UHFFFAOYSA-N,True,dichloromethane,dichloromethane,True
V_558,6478,VUNCWTMEJYMOOR-UHFFFAOYSA-N,VUNCWTMEJYMOOR-UHFFFAOYSA-N,True,"1,2,3,4,5,5-hexachlorocyclopenta-1,3-diene","1,2,3,4,5,5-hexachlorocyclopenta-1,3-diene",True
V_559,31373,CYTYCFOTNPOANT-UHFFFAOYSA-N,CYTYCFOTNPOANT-UHFFFAOYSA-N,True,"1,1,2,2-tetrachloroethene","1,1,2,2-tetrachloroethene",True
V_560,5943,VZGDMQKNWNREIO-UHFFFAOYSA-N,VZGDMQKNWNREIO-UHFFFAOYSA-N,True,tetrachloromethane,tetrachloromethane,True
V_561,5558,DIKBFYAXUHHXCS-UHFFFAOYSA-N,DIKBFYAXUHHXCS-UHFFFAOYSA-N,True,bromoform,bromoform,True
V_562,6575,XSTXAVWGXDQKEL-UHFFFAOYSA-N,XSTXAVWGXDQKEL-UHFFFAOYSA-N,True,"1,1,2-trichloroethene","1,1,2-trichloroethene",True
V_564,6389,CYRMSUTZVYGINF-UHFFFAOYSA-N,CYRMSUTZVYGINF-UHFFFAOYSA-N,True,trichloro(fluoro)methane,trichloro(fluoro)methane,True
V_565,6212,HEDRZPFGACZZDS-UHFFFAOYSA-N,HEDRZPFGACZZDS-UHFFFAOYSA-N,True,chloroform,chloroform,True
V_567,3039,OEBRKCOSUFCWJD-UHFFFAOYSA-N,OEBRKCOSUFCWJD-UHFFFAOYSA-N,True,"2,2-dichloroethenyl dimethyl phosphate","2,2-dichloroethenyl dimethyl phosphate",True
V_568,9560,GEPDYQSQVLXLEU-UHFFFAOYSA-N,GEPDYQSQVLXLEU-UHFFFAOYSA-N,True,methyl 3-dimethoxyphosphoryloxybut-2-enoate,methyl 3-dimethoxyphosphoryloxybut-2-enoate,True
V_569,17531,RQVGAIADHNPSME-UHFFFAOYSA-N,RQVGAIADHNPSME-UHFFFAOYSA-N,True,"3-(diethoxyphosphinothioylsulfanylmethyl)-1,2,3-benzotriazin-4-one","3-(diethoxyphosphinothioylsulfanylmethyl)-1,2,3-benzotriazin-4-one",True
V_57,8125,KWKAKUADMBZCLK-UHFFFAOYSA-N,KWKAKUADMBZCLK-UHFFFAOYSA-N,True,oct-1-ene,oct-1-ene,True
V_570,2268,CJJOSEISRRTUQB-UHFFFAOYSA-N,CJJOSEISRRTUQB-UHFFFAOYSA-N,True,"3-(dimethoxyphosphinothioylsulfanylmethyl)-1,2,3-benzotriazin-4-one","3-(dimethoxyphosphinothioylsulfanylmethyl)-1,2,3-benzotriazin-4-one",True
V_571,9273,DGLIBALSRMUQDD-UHFFFAOYSA-N,DGLIBALSRMUQDD-UHFFFAOYSA-N,True,diethoxy-(2-ethylsulfanylethoxy)-sulfanylidene-lambda5-phosphane,diethoxy-(2-ethylsulfanylethoxy)-sulfanylidene-lambda5-phosphane,True
V_572,3082,MCWXGJITAZMZEV-UHFFFAOYSA-N,MCWXGJITAZMZEV-UHFFFAOYSA-N,True,2-dimethoxyphosphinothioylsulfanyl-N-methylacetamide,2-dimethoxyphosphinothioylsulfanyl-N-methylacetamide,True
V_573,3118,DOFZAZXDOSGAJZ-UHFFFAOYSA-N,DOFZAZXDOSGAJZ-UHFFFAOYSA-N,True,diethoxy-(2-ethylsulfanylethylsulfanyl)-sulfanylidene-lambda5-phosphane,diethoxy-(2-ethylsulfanylethylsulfanyl)-sulfanylidene-lambda5-phosphane,True
V_574,31200,ZNOLGFHPUIJIMJ-UHFFFAOYSA-N,ZNOLGFHPUIJIMJ-UHFFFAOYSA-N,True,dimethoxy-(3-methyl-4-nitrophenoxy)-sulfanylidene-lambda5-phosphane,dimethoxy-(3-methyl-4-nitrophenoxy)-sulfanylidene-lambda5-phosphane,True
V_575,26927,ATROHALUCMTWTB-UHFFFAOYSA-N,ATROHALUCMTWTB-UHFFFAOYSA-N,True,N-diethoxyphosphinothioyloxybenzenecarboximidoyl cyanide,N-diethoxyphosphinothioyloxybenzenecarboximidoyl cyanide,True
V_576,4004,JXSJBGJIGXNWCI-UHFFFAOYSA-N,JXSJBGJIGXNWCI-UHFFFAOYSA-N,True,diethyl 2-dimethoxyphosphinothioylsulfanylbutanedioate,diethyl 2-dimethoxyphosphinothioylsulfanylbutanedioate,True
V_577,4096,NNKVPIKMPCQWCG-UHFFFAOYSA-N,NNKVPIKMPCQWCG-UHFFFAOYSA-N,True,[amino(methylsulfanyl)phosphoryl]oxymethane,[amino(methylsulfanyl)phosphoryl]oxymethane,True
V_578,14210,PZXOQEXFMJCDPG-UHFFFAOYSA-N,PZXOQEXFMJCDPG-UHFFFAOYSA-N,True,2-dimethoxyphosphorylsulfanyl-N-methylacetamide,2-dimethoxyphosphorylsulfanyl-N-methylacetamide,True
V_579,4618,PMCVMORKVPSKHZ-UHFFFAOYSA-N,PMCVMORKVPSKHZ-UHFFFAOYSA-N,True,1-dimethoxyphosphorylsulfanyl-2-ethylsulfinylethane,1-dimethoxyphosphorylsulfanyl-2-ethylsulfinylethane,True
V_58,8182,SNRUBQQJIBEYMU-UHFFFAOYSA-N,SNRUBQQJIBEYMU-UHFFFAOYSA-N,True,dodecane,dodecane,True
V_581,32184,AMFGTOFWMRQMEM-UHFFFAOYSA-N,AMFGTOFWMRQMEM-UHFFFAOYSA-N,True,"diethoxy-[(1-phenyl-1,2,4-triazol-3-yl)oxy]-sulfanylidene-lambda5-phosphane","diethoxy-[(1-phenyl-1,2,4-triazol-3-yl)oxy]-sulfanylidene-lambda5-phosphane",True
V_582,5853,NFACJZMKEDPNKN-UHFFFAOYSA-N,NFACJZMKEDPNKN-UHFFFAOYSA-N,True,"2,2,2-trichloro-1-dimethoxyphosphorylethanol","2,2,2-trichloro-1-dimethoxyphosphorylethanol",True
V_583,12688,RJGHQTVXGKYATR-UHFFFAOYSA-L,RJGHQTVXGKYATR-UHFFFAOYSA-L,True,dibutyl(dichloro)stannane,dibutyl(dichloro)stannane,True
V_585,8857,XEKOWRVHYACXOJ-UHFFFAOYSA-N,XEKOWRVHYACXOJ-UHFFFAOYSA-N,True,ethyl acetate,ethyl acetate,True
V_586,12100,ZLCSFXXPPANWQY-UHFFFAOYSA-N,ZLCSFXXPPANWQY-UHFFFAOYSA-N,True,1-ethyl-3-methylbenzene,1-ethyl-3-methylbenzene,True
V_587,7463,HFPZCAJZSCWRBC-UHFFFAOYSA-N,HFPZCAJZSCWRBC-UHFFFAOYSA-N,True,1-methyl-4-propan-2-ylbenzene,1-methyl-4-propan-2-ylbenzene,True
V_588,7247,GWHJZXXIDMPWGX-UHFFFAOYSA-N,GWHJZXXIDMPWGX-UHFFFAOYSA-N,True,"1,2,4-trimethylbenzene","1,2,4-trimethylbenzene",True
V_589,10686,FYGHSUNMUKGBRK-UHFFFAOYSA-N,FYGHSUNMUKGBRK-UHFFFAOYSA-N,True,"1,2,3-trimethylbenzene","1,2,3-trimethylbenzene",True
V_59,12388,IIYFAKIEWZDVMP-UHFFFAOYSA-N,IIYFAKIEWZDVMP-UHFFFAOYSA-N,True,tridecane,tridecane,True
V_590,7668,ODLMAHJVESYWTB-UHFFFAOYSA-N,ODLMAHJVESYWTB-UHFFFAOYSA-N,True,propylbenzene,propylbenzene,True
V_591,7705,OCKPCBLVNKHBMX-UHFFFAOYSA-N,OCKPCBLVNKHBMX-UHFFFAOYSA-N,True,butylbenzene,butylbenzene,True
V_592,8680,ZJMWRROPUADPEA-UHFFFAOYSA-N,ZJMWRROPUADPEA-UHFFFAOYSA-N,True,butan-2-ylbenzene,butan-2-ylbenzene,True
V_593,7366,YTZKOQUCBOVLHL-UHFFFAOYSA-N,YTZKOQUCBOVLHL-UHFFFAOYSA-N,True,tert-butylbenzene,tert-butylbenzene,True
V_594,12303036,BIWJNBZANLAXMG-OESJLNMISA-N,BIWJNBZANLAXMG-OESJLNMISA-N,True,"(1R,2R,3S,4S,6R,7S)-1,3,4,7,8,9,10,10-octachlorotricyclo[5.2.1.02,6]dec-8-ene","(1R,2R,3S,4S,6R,7S)-1,3,4,7,8,9,10,10-octachlorotricyclo[5.2.1.02,6]dec-8-ene",True
V_595,12303035,BIWJNBZANLAXMG-IDTQJTQFSA-N,BIWJNBZANLAXMG-IDTQJTQFSA-N,True,"(1R,2R,3S,4R,6R,7S)-1,3,4,7,8,9,10,10-octachlorotricyclo[5.2.1.02,6]dec-8-ene","(1R,2R,3S,4R,6R,7S)-1,3,4,7,8,9,10,10-octachlorotricyclo[5.2.1.02,6]dec-8-ene",True
V_596,3289,VJYFKVYYMZPMAB-UHFFFAOYSA-N,VJYFKVYYMZPMAB-UHFFFAOYSA-N,True,1-[ethoxy(propylsulfanyl)phosphoryl]sulfanylpropane,1-[ethoxy(propylsulfanyl)phosphoryl]sulfanylpropane,True
V_597,6338,BZHJMEDXRYGGRV-UHFFFAOYSA-N,BZHJMEDXRYGGRV-UHFFFAOYSA-N,True,chloroethene,chloroethene,True
V_598,11245,ZAIDIVBQUMFXEC-UHFFFAOYSA-N,ZAIDIVBQUMFXEC-UHFFFAOYSA-N,True,"1,1-dichloroprop-1-ene","1,1-dichloroprop-1-ene",True
V_599,11660,ZEOVXNVKXIPWMS-UHFFFAOYSA-N,ZEOVXNVKXIPWMS-UHFFFAOYSA-N,True,"2,2-dichloropropane","2,2-dichloropropane",True
V_60,6429,DDMOUSALMHHKOS-UHFFFAOYSA-N,DDMOUSALMHHKOS-UHFFFAOYSA-N,True,"1,2-dichloro-1,1,2,2-tetrafluoroethane","1,2-dichloro-1,1,2,2-tetrafluoroethane",True
V_600,6333,JPOXNPPZZKNXOV-UHFFFAOYSA-N,JPOXNPPZZKNXOV-UHFFFAOYSA-N,True,bromo(chloro)methane,bromo(chloro)methane,True
V_601,7961,QARVLSVVCXYDNA-UHFFFAOYSA-N,QARVLSVVCXYDNA-UHFFFAOYSA-N,True,bromobenzene,bromobenzene,True
V_602,3024,FJBFPHVGVWTDIP-UHFFFAOYSA-N,FJBFPHVGVWTDIP-UHFFFAOYSA-N,True,dibromomethane,dibromomethane,True
V_603,7914,ZAFNJMIOTHYJRJ-UHFFFAOYSA-N,ZAFNJMIOTHYJRJ-UHFFFAOYSA-N,True,2-propan-2-yloxypropane,2-propan-2-yloxypropane,True
V_604,15098,AFCAKJKUYFLYFK-UHFFFAOYSA-N,AFCAKJKUYFLYFK-UHFFFAOYSA-N,True,tetrabutylstannane,tetrabutylstannane,True
V_605,13751184,APQHKWPGGHMYKJ-UHFFFAOYSA-N,APQHKWPGGHMYKJ-UHFFFAOYSA-N,True,dibutyl(oxo)tin;tetrabutylstannane,dibutyl(oxo)tin;tetrabutylstannane,True
V_606,9909408,WDQNIWFZKXZFAY-UHFFFAOYSA-M,WDQNIWFZKXZFAY-UHFFFAOYSA-M,True,triphenylstannanylium acetate,triphenylstannanylium acetate,True
V_607,12540,NJVOZLGKTAPUTQ-UHFFFAOYSA-M,NJVOZLGKTAPUTQ-UHFFFAOYSA-M,True,chloro(triphenyl)stannane,chloro(triphenyl)stannane,True
V_608,9907219,BFWMWWXRWVJXSE-UHFFFAOYSA-M,BFWMWWXRWVJXSE-UHFFFAOYSA-M,True,triphenylstannanylium hydroxide,triphenylstannanylium hydroxide,True
V_609,5569,ZSDSQXJSNMTJDA-UHFFFAOYSA-N,ZSDSQXJSNMTJDA-UHFFFAOYSA-N,True,"2,6-dinitro-N,N-dipropyl-4-(trifluoromethyl)aniline","2,6-dinitro-N,N-dipropyl-4-(trifluoromethyl)aniline",True
V_61,12433,SIEILFNCEFEENQ-UHFFFAOYSA-N,SIEILFNCEFEENQ-UHFFFAOYSA-N,True,"2,2-dibromoacetic acid","2,2-dibromoacetic acid",True
V_610,66538,XKXPBJBODVHDAW-UHFFFAOYSA-N,XKXPBJBODVHDAW-UHFFFAOYSA-N,True,4-(4-amino-2-chlorophenyl)-3-chloroaniline,4-(4-amino-2-chlorophenyl)-3-chloroaniline,True
V_611,7111,HFACYLZERDEVSX-UHFFFAOYSA-N,HFACYLZERDEVSX-UHFFFAOYSA-N,True,4-(4-aminophenyl)aniline,4-(4-aminophenyl)aniline,True
V_612,38876,ZWPVHELAQPIZHO-UHFFFAOYSA-N,ZWPVHELAQPIZHO-UHFFFAOYSA-N,True,"1,4-dichloro-2-(2,4-dichlorophenyl)benzene","1,4-dichloro-2-(2,4-dichlorophenyl)benzene",True
V_613,27960,VAHKBZSAUKPEOV-UHFFFAOYSA-N,VAHKBZSAUKPEOV-UHFFFAOYSA-N,True,"1,4-dichloro-2-(4-chlorophenyl)benzene","1,4-dichloro-2-(4-chlorophenyl)benzene",True
V_617,6328144,HCWPIIXVSYCSAN-UHFFFAOYSA-N,HCWPIIXVSYCSAN-UHFFFAOYSA-N,True,radium,radium,True
V_618,5351507,DQVGVYRSVYCJRR-HTLTWAQSSA-N,DQVGVYRSVYCJRR-HTLTWAQSSA-N,True,"methyl 16-ethenyl-11-ethyl-12,17,21,26-tetramethyl-4-oxo-22-[3-oxo-3-[(E)-3,7,11,15-tetramethylhexadec-2-enoxy]propyl]-7,23,24,25-tetrazahexacyclo[18.2.1.15,8.110,13.115,18.02,6]hexacosa-1(23),2(6),5(26),7,9,11,13,15,17,19-decaene-3-carboxylate","methyl 16-ethenyl-11-ethyl-12,17,21,26-tetramethyl-4-oxo-22-[3-oxo-3-[(E)-3,7,11,15-tetramethylhexadec-2-enoxy]propyl]-7,23,24,25-tetrazahexacyclo[18.2.1.15,8.110,13.115,18.02,6]hexacosa-1(23),2(6),5(26),7,9,11,13,15,17,19-decaene-3-carboxylate",True
V_62,18617,NDSBDLSWTGLNQA-UHFFFAOYSA-N,NDSBDLSWTGLNQA-UHFFFAOYSA-N,True,"2,2-dibromoacetonitrile","2,2-dibromoacetonitrile",True
V_620,9322,ZMZDMBWJUHKJPS-UHFFFAOYSA-M,ZMZDMBWJUHKJPS-UHFFFAOYSA-M,True,thiocyanate,thiocyanate,True
V_621,61739,WQYVRQLZKVEZGA-UHFFFAOYSA-N,WQYVRQLZKVEZGA-UHFFFAOYSA-N,True,hypochlorite,hypochlorite,True
V_622,26574,BTBUEUYNUDRHOZ-UHFFFAOYSA-N,BTBUEUYNUDRHOZ-UHFFFAOYSA-N,True,borate,borate,True
V_623,104770,XTEGARKTQYYJKE-UHFFFAOYSA-M,XTEGARKTQYYJKE-UHFFFAOYSA-M,True,chlorate,chlorate,True
V_624,27284,CWYNVVGOOAEACU-UHFFFAOYSA-N,CWYNVVGOOAEACU-UHFFFAOYSA-N,True,iron(2+),iron(2+),True
V_625,5362487,NINIDFKCEFEMDL-UHFFFAOYSA-N,NINIDFKCEFEMDL-UHFFFAOYSA-N,True,sulfane,sulfane,True
V_626,7839,PAAZPARNPHGIKF-UHFFFAOYSA-N,PAAZPARNPHGIKF-UHFFFAOYSA-N,True,"1,2-dibromoethane","1,2-dibromoethane",True
V_627,7954,MGNCLNQXLYJVJD-UHFFFAOYSA-N,MGNCLNQXLYJVJD-UHFFFAOYSA-N,True,"2,4,6-trichloro-1,3,5-triazine","2,4,6-trichloro-1,3,5-triazine",True
V_628,7070,HUWXDEQWWKGHRV-UHFFFAOYSA-N,HUWXDEQWWKGHRV-UHFFFAOYSA-N,True,4-(4-amino-3-chlorophenyl)-2-chloroaniline,4-(4-amino-3-chlorophenyl)-2-chloroaniline,True
V_629,38307,BULHJTXRZFEUDQ-UHFFFAOYSA-N,BULHJTXRZFEUDQ-UHFFFAOYSA-N,True,2-chloro-2-(2-chloropropan-2-yloxy)propane,2-chloro-2-(2-chloropropan-2-yloxy)propane,True
V_63,11067463,ZMYFCFLJBGAQRS-DLBZAZTESA-N,ZMYFCFLJBGAQRS-DLBZAZTESA-N,True,"1-[[(2S,3S)-3-(2-chlorophenyl)-2-(4-fluorophenyl)oxiran-2-yl]methyl]-1,2,4-triazole","1-[[(2S,3S)-3-(2-chlorophenyl)-2-(4-fluorophenyl)oxiran-2-yl]methyl]-1,2,4-triazole",True
V_631,6337,HRYZWHHZPQKTII-UHFFFAOYSA-N,HRYZWHHZPQKTII-UHFFFAOYSA-N,True,chloroethane,chloroethane,True
V_634,2728,CWJSHJJYOPWUGX-UHFFFAOYSA-N,CWJSHJJYOPWUGX-UHFFFAOYSA-N,True,propan-2-yl N-(3-chlorophenyl)carbamate,propan-2-yl N-(3-chlorophenyl)carbamate,True
V_637,2871,BXNANOICGRISHX-UHFFFAOYSA-N,BXNANOICGRISHX-UHFFFAOYSA-N,True,3-chloro-7-diethoxyphosphinothioyloxy-4-methylchromen-2-one,3-chloro-7-diethoxyphosphinothioyloxy-4-methylchromen-2-one,True
V_640,8021,HPNMFZURTQLUMO-UHFFFAOYSA-N,HPNMFZURTQLUMO-UHFFFAOYSA-N,True,N-ethylethanamine,N-ethylethanamine,True
V_641,674,ROSDSFDQCJNGOL-UHFFFAOYSA-N,ROSDSFDQCJNGOL-UHFFFAOYSA-N,True,N-methylmethanamine,N-methylmethanamine,True
V_642,7095,ZUOUZKKEUPVFJK-UHFFFAOYSA-N,ZUOUZKKEUPVFJK-UHFFFAOYSA-N,True,"1,1'-biphenyl","1,1'-biphenyl",True
V_643,24524,PXGOKWXKJXAPGV-UHFFFAOYSA-N,PXGOKWXKJXAPGV-UHFFFAOYSA-N,True,molecular fluorine,molecular fluorine,True
V_644,3346,PNVJTZOFSHSLTO-UHFFFAOYSA-N,PNVJTZOFSHSLTO-UHFFFAOYSA-N,True,dimethoxy-(3-methyl-4-methylsulfanylphenoxy)-sulfanylidene-lambda5-phosphane,dimethoxy-(3-methyl-4-methylsulfanylphenoxy)-sulfanylidene-lambda5-phosphane,True
V_646,24526,KZBUYRJDOAKODT-UHFFFAOYSA-N,KZBUYRJDOAKODT-UHFFFAOYSA-N,True,molecular chlorine,molecular chlorine,True
V_648,4130,RLBIQVVOMOPOHC-UHFFFAOYSA-N,RLBIQVVOMOPOHC-UHFFFAOYSA-N,True,dimethoxy-(4-nitrophenoxy)-sulfanylidene-lambda5-phosphane,dimethoxy-(4-nitrophenoxy)-sulfanylidene-lambda5-phosphane,True
V_649,5430,WJCNZQLZVWNLKY-UHFFFAOYSA-N,WJCNZQLZVWNLKY-UHFFFAOYSA-N,True,"4-(1H-benzimidazol-2-yl)-1,3-thiazole","4-(1H-benzimidazol-2-yl)-1,3-thiazole",True
V_651,1084,DHCDFWKWKRSZHF-UHFFFAOYSA-L,DHCDFWKWKRSZHF-UHFFFAOYSA-L,True,dioxido-oxo-sulfanylidene-lambda6-sulfane,dioxido-oxo-sulfanylidene-lambda6-sulfane,True
V_652,263,LRHPLDYGYMQRHN-UHFFFAOYSA-N,LRHPLDYGYMQRHN-UHFFFAOYSA-N,True,butan-1-ol,butan-1-ol,True
V_653,8266,DJKGDNKYTKCJKD-UHFFFAOYSA-N,DJKGDNKYTKCJKD-UHFFFAOYSA-N,True,"1,4,5,6,7,7-hexachlorobicyclo[2.2.1]hept-5-ene-2,3-dicarboxylic acid","1,4,5,6,7,7-hexachlorobicyclo[2.2.1]hept-5-ene-2,3-dicarboxylic acid",True
V_654,180,CSCPPACGZOOCGX-UHFFFAOYSA-N,CSCPPACGZOOCGX-UHFFFAOYSA-N,True,propan-2-one,propan-2-one,True
V_655,1988,VTNQPKFIQCLBDU-UHFFFAOYSA-N,VTNQPKFIQCLBDU-UHFFFAOYSA-N,True,2-chloro-N-(ethoxymethyl)-N-(2-ethyl-6-methylphenyl)acetamide,2-chloro-N-(ethoxymethyl)-N-(2-ethyl-6-methylphenyl)acetamide,True
V_656,31677,HKPHPIREJKHECO-UHFFFAOYSA-N,HKPHPIREJKHECO-UHFFFAOYSA-N,True,"N-(butoxymethyl)-2-chloro-N-(2,6-diethylphenyl)acetamide","N-(butoxymethyl)-2-chloro-N-(2,6-diethylphenyl)acetamide",True
V_657,5543,MWBPRDONLNQCFV-UHFFFAOYSA-N,MWBPRDONLNQCFV-UHFFFAOYSA-N,True,"S-(2,3,3-trichloroprop-2-enyl) N,N-di(propan-2-yl)carbamothioate","S-(2,3,3-trichloroprop-2-enyl) N,N-di(propan-2-yl)carbamothioate",True
V_658,31275,RYHBNJHYFVUHQT-UHFFFAOYSA-N,RYHBNJHYFVUHQT-UHFFFAOYSA-N,True,"1,4-dioxane","1,4-dioxane",True
V_660,518682,JKWMSGQKBLHBQQ-UHFFFAOYSA-N,JKWMSGQKBLHBQQ-UHFFFAOYSA-N,True,oxo(oxoboranyloxy)borane,oxo(oxoboranyloxy)borane,True
V_663,6327182,PORWMNRCUJJQNO-UHFFFAOYSA-N,PORWMNRCUJJQNO-UHFFFAOYSA-N,True,tellurium,tellurium,True
V_665,31357,STCOOQWBFONSKY-UHFFFAOYSA-N,STCOOQWBFONSKY-UHFFFAOYSA-N,True,tributyl phosphate,tributyl phosphate,True
V_666,2707,RNFNDJAIBTYOQL-UHFFFAOYSA-N,RNFNDJAIBTYOQL-UHFFFAOYSA-N,True,"2,2,2-trichloroethane-1,1-diol","2,2,2-trichloroethane-1,1-diol",True
V_667,23989,JFALSRSLKYAFGM-UHFFFAOYSA-N,JFALSRSLKYAFGM-UHFFFAOYSA-N,True,uranium,uranium,True
V_668,7855,NLHHRLWOUZZQLW-UHFFFAOYSA-N,NLHHRLWOUZZQLW-UHFFFAOYSA-N,True,prop-2-enenitrile,prop-2-enenitrile,True
V_669,5359967,APFVFJFRJDLVQX-UHFFFAOYSA-N,APFVFJFRJDLVQX-UHFFFAOYSA-N,True,indium,indium,True
V_670,23964,WFKWXMTUELFFGS-UHFFFAOYSA-N,WFKWXMTUELFFGS-UHFFFAOYSA-N,True,tungsten,tungsten,True
V_671,7249,YCOXTKKNXUZSKD-UHFFFAOYSA-N,YCOXTKKNXUZSKD-UHFFFAOYSA-N,True,"3,4-dimethylphenol","3,4-dimethylphenol",True
V_672,3028194,WHXSMMKQMYFTQS-UHFFFAOYSA-N,WHXSMMKQMYFTQS-UHFFFAOYSA-N,True,lithium,lithium,True
V_673,342,RLSSMJSEOOYNOY-UHFFFAOYSA-N,RLSSMJSEOOYNOY-UHFFFAOYSA-N,True,3-methylphenol,3-methylphenol,True
V_675,6997,IXQGCWUGDFDQMF-UHFFFAOYSA-N,IXQGCWUGDFDQMF-UHFFFAOYSA-N,True,2-ethylphenol,2-ethylphenol,True
V_677,259,CPELXLSAUQHCOX-UHFFFAOYSA-M,CPELXLSAUQHCOX-UHFFFAOYSA-M,True,bromide,bromide,True
V_678,24408,GDTBXPJZTBHREO-UHFFFAOYSA-N,GDTBXPJZTBHREO-UHFFFAOYSA-N,True,molecular bromine,molecular bromine,True
V_679,2879,IWDCLRJOBJJRNH-UHFFFAOYSA-N,IWDCLRJOBJJRNH-UHFFFAOYSA-N,True,4-methylphenol,4-methylphenol,True
V_68,6343,DNJIEGIFACGWOD-UHFFFAOYSA-N,DNJIEGIFACGWOD-UHFFFAOYSA-N,True,ethanethiol,ethanethiol,True
V_680,10687,QWBBPBRQALCEIZ-UHFFFAOYSA-N,QWBBPBRQALCEIZ-UHFFFAOYSA-N,True,"2,3-dimethylphenol","2,3-dimethylphenol",True
V_681,7267,NKTOLZVEWDHZMU-UHFFFAOYSA-N,NKTOLZVEWDHZMU-UHFFFAOYSA-N,True,"2,5-dimethylphenol","2,5-dimethylphenol",True
V_683,11335,NXXYKOUNUYWIHA-UHFFFAOYSA-N,NXXYKOUNUYWIHA-UHFFFAOYSA-N,True,"2,6-dimethylphenol","2,6-dimethylphenol",True
V_687,5234,FAPWRFPIFSIZLT-UHFFFAOYSA-M,FAPWRFPIFSIZLT-UHFFFAOYSA-M,True,sodium chloride,sodium chloride,True
V_688,5182128,FZTWZIMSKAGPSB-UHFFFAOYSA-N,FZTWZIMSKAGPSB-UHFFFAOYSA-N,True,phosphorus(3-),phosphorus(3-),True
V_689,887,OKKJLVBELUTLKV-UHFFFAOYSA-N,OKKJLVBELUTLKV-UHFFFAOYSA-N,True,methanol,methanol,True
V_691,996,ISWSIDIOOBJBQZ-UHFFFAOYSA-N,ISWSIDIOOBJBQZ-UHFFFAOYSA-N,True,phenol,phenol,True
V_694,13709,MEBQXILRKZHVCX-UHFFFAOYSA-N,MEBQXILRKZHVCX-UHFFFAOYSA-N,True,"3-(dimethoxyphosphinothioylsulfanylmethyl)-5-methoxy-1,3,4-thiadiazol-2-one","3-(dimethoxyphosphinothioylsulfanylmethyl)-5-methoxy-1,3,4-thiadiazol-2-one",True
V_695,34526,QHOQHJPRIBSPCY-UHFFFAOYSA-N,QHOQHJPRIBSPCY-UHFFFAOYSA-N,True,"4-dimethoxyphosphinothioyloxy-N,N-diethyl-6-methylpyrimidin-2-amine","4-dimethoxyphosphinothioyloxy-N,N-diethyl-6-methylpyrimidin-2-amine",True
V_696,16247,IMIDOCRTMDIQIJ-UHFFFAOYSA-N,IMIDOCRTMDIQIJ-UHFFFAOYSA-N,True,[4-(dimethylamino)-3-methylphenyl] N-methylcarbamate,[4-(dimethylamino)-3-methylphenyl] N-methylcarbamate,True
V_697,3776,KFZMGEQAYNKOFK-UHFFFAOYSA-N,KFZMGEQAYNKOFK-UHFFFAOYSA-N,True,propan-2-ol,propan-2-ol,True
V_698,19653,VKJKEPKFPUWCAS-UHFFFAOYSA-M,VKJKEPKFPUWCAS-UHFFFAOYSA-M,True,potassium chlorate,potassium chlorate,True
V_70,28179,KRHYYFGTRYWZRS-UHFFFAOYSA-M,KRHYYFGTRYWZRS-UHFFFAOYSA-M,True,fluoride,fluoride,True
V_702,643833,KFUSEUYYWQURPO-UPHRSURJSA-N,KFUSEUYYWQURPO-UPHRSURJSA-N,True,"(Z)-1,2-dichloroethene","(Z)-1,2-dichloroethene",True
V_707,638186,KFUSEUYYWQURPO-OWOJBTEDSA-N,KFUSEUYYWQURPO-OWOJBTEDSA-N,True,"(E)-1,2-dichloroethene","(E)-1,2-dichloroethene",True
V_708,6556,QWTDNUCVQCZILF-UHFFFAOYSA-N,QWTDNUCVQCZILF-UHFFFAOYSA-N,True,2-methylbutane,2-methylbutane,True
V_709,335,QWVGKYWNOKOFNN-UHFFFAOYSA-N,QWVGKYWNOKOFNN-UHFFFAOYSA-N,True,2-methylphenol,2-methylphenol,True
V_710,12101,HMNKTRSOROOSPP-UHFFFAOYSA-N,HMNKTRSOROOSPP-UHFFFAOYSA-N,True,3-ethylphenol,3-ethylphenol,True
V_711,31242,HXDOZKJGKXYMEW-UHFFFAOYSA-N,HXDOZKJGKXYMEW-UHFFFAOYSA-N,True,4-ethylphenol,4-ethylphenol,True
V_712,6943,CRBJBYGJVIBWIY-UHFFFAOYSA-N,CRBJBYGJVIBWIY-UHFFFAOYSA-N,True,2-propan-2-ylphenol,2-propan-2-ylphenol,True
V_713,8330,XQTLDIFVVHJORV-UHFFFAOYSA-N,XQTLDIFVVHJORV-UHFFFAOYSA-N,True,"1,2,4,5-tetrachloro-3-nitrobenzene","1,2,4,5-tetrachloro-3-nitrobenzene",True
V_714,20965,KWGUFOITWDSNQY-UHFFFAOYSA-N,KWGUFOITWDSNQY-UHFFFAOYSA-N,True,"(4-bromo-2,5-dichlorophenoxy)-diethoxy-sulfanylidene-lambda5-phosphane","(4-bromo-2,5-dichlorophenoxy)-diethoxy-sulfanylidene-lambda5-phosphane",True
V_715,16422,NYQDCVLCJXRDSK-UHFFFAOYSA-N,NYQDCVLCJXRDSK-UHFFFAOYSA-N,True,"(4-bromo-2,5-dichlorophenoxy)-dimethoxy-sulfanylidene-lambda5-phosphane","(4-bromo-2,5-dichlorophenoxy)-dimethoxy-sulfanylidene-lambda5-phosphane",True
V_716,2730,SBPBAQFWLVIOKP-UHFFFAOYSA-N,SBPBAQFWLVIOKP-UHFFFAOYSA-N,True,"diethoxy-sulfanylidene-[(3,5,6-trichloro-2-pyridinyl)oxy]-lambda5-phosphane","diethoxy-sulfanylidene-[(3,5,6-trichloro-2-pyridinyl)oxy]-lambda5-phosphane",True
V_717,21803,HRBKVYFZANMGRE-UHFFFAOYSA-N,HRBKVYFZANMGRE-UHFFFAOYSA-N,True,"dimethoxy-sulfanylidene-[(3,5,6-trichloro-2-pyridinyl)oxy]-lambda5-phosphane","dimethoxy-sulfanylidene-[(3,5,6-trichloro-2-pyridinyl)oxy]-lambda5-phosphane",True
V_718,10107,FSAVDKDHPDSCTO-UHFFFAOYSA-N,FSAVDKDHPDSCTO-UHFFFAOYSA-N,True,"[2-chloro-1-(2,4-dichlorophenyl)ethenyl] diethyl phosphate","[2-chloro-1-(2,4-dichlorophenyl)ethenyl] diethyl phosphate",True
V_719,3017,FHIVAFMUCKRCQO-UHFFFAOYSA-N,FHIVAFMUCKRCQO-UHFFFAOYSA-N,True,diethoxy-(6-methyl-2-propan-2-ylpyrimidin-4-yl)oxy-sulfanylidene-lambda5-phosphane,diethoxy-(6-methyl-2-propan-2-ylpyrimidin-4-yl)oxy-sulfanylidene-lambda5-phosphane,True
V_72,10608,NJDNXYGOVLYJHP-UHFFFAOYSA-L,NJDNXYGOVLYJHP-UHFFFAOYSA-L,True,disodium;2-(3-oxido-6-oxoxanthen-9-yl)benzoate,disodium;2-(3-oxido-6-oxoxanthen-9-yl)benzoate,True
V_720,19662,HYJSGOXICXYZGS-UHFFFAOYSA-N,HYJSGOXICXYZGS-UHFFFAOYSA-N,True,"2-(4-chloro-2-oxo-1,3-benzothiazol-3-yl)acetic acid","2-(4-chloro-2-oxo-1,3-benzothiazol-3-yl)acetic acid",True
V_721,2328,ZOMSMJKLGFBRBS-UHFFFAOYSA-N,ZOMSMJKLGFBRBS-UHFFFAOYSA-N,True,"2,2-dioxo-3-propan-2-yl-1H-2lambda6,1,3-benzothiadiazin-4-one","2,2-dioxo-3-propan-2-yl-1H-2lambda6,1,3-benzothiadiazin-4-one",True
V_722,15531,UPMXNNIRAGDFEH-UHFFFAOYSA-N,UPMXNNIRAGDFEH-UHFFFAOYSA-N,True,"3,5-dibromo-4-hydroxybenzonitrile","3,5-dibromo-4-hydroxybenzonitrile",True
V_723,3030,IWEDIXLBFLAXBO-UHFFFAOYSA-N,IWEDIXLBFLAXBO-UHFFFAOYSA-N,True,"3,6-dichloro-2-methoxybenzoic acid","3,6-dichloro-2-methoxybenzoic acid",True
V_724,15530,NRXQIUSYPAHGNM-UHFFFAOYSA-N,NRXQIUSYPAHGNM-UHFFFAOYSA-N,True,"4-hydroxy-3,5-diiodobenzonitrile","4-hydroxy-3,5-diiodobenzonitrile",True
V_725,7207,LLWADFLAOKUBDR-UHFFFAOYSA-N,LLWADFLAOKUBDR-UHFFFAOYSA-N,True,4-(4-chloro-2-methylphenoxy)butanoic acid,4-(4-chloro-2-methylphenoxy)butanoic acid,True
V_726,991,LCCNCVORNKJIRZ-UHFFFAOYSA-N,LCCNCVORNKJIRZ-UHFFFAOYSA-N,True,diethoxy-(4-nitrophenoxy)-sulfanylidene-lambda5-phosphane,diethoxy-(4-nitrophenoxy)-sulfanylidene-lambda5-phosphane,True
V_727,6334,ATUOYWHBWRKTHZ-UHFFFAOYSA-N,ATUOYWHBWRKTHZ-UHFFFAOYSA-N,True,propane,propane,True
V_728,6360,NNPPMTNAJDCUHE-UHFFFAOYSA-N,NNPPMTNAJDCUHE-UHFFFAOYSA-N,True,2-methylpropane,2-methylpropane,True
V_729,7843,IJDNQMDRQITEOD-UHFFFAOYSA-N,IJDNQMDRQITEOD-UHFFFAOYSA-N,True,butane,butane,True
V_730,8003,OFBQJSOFQDEBGM-UHFFFAOYSA-N,OFBQJSOFQDEBGM-UHFFFAOYSA-N,True,pentane,pentane,True
V_731,7296,GDOPTJXRTPNYNR-UHFFFAOYSA-N,GDOPTJXRTPNYNR-UHFFFAOYSA-N,True,methylcyclopentane,methylcyclopentane,True
V_732,8058,VLKZOEOYAKHREP-UHFFFAOYSA-N,VLKZOEOYAKHREP-UHFFFAOYSA-N,True,hexane,hexane,True
V_733,8078,XDTMQSROBMDMFD-UHFFFAOYSA-N,XDTMQSROBMDMFD-UHFFFAOYSA-N,True,cyclohexane,cyclohexane,True
V_734,8900,IMNFDUFMRHMDMM-UHFFFAOYSA-N,IMNFDUFMRHMDMM-UHFFFAOYSA-N,True,heptane,heptane,True
V_735,356,TVMXDCGIABBOFY-UHFFFAOYSA-N,TVMXDCGIABBOFY-UHFFFAOYSA-N,True,octane,octane,True
V_736,10907,NHTMVDHEPJAVLT-UHFFFAOYSA-N,NHTMVDHEPJAVLT-UHFFFAOYSA-N,True,"2,2,4-trimethylpentane","2,2,4-trimethylpentane",True
V_737,8141,BKIMMITUMNQMOS-UHFFFAOYSA-N,BKIMMITUMNQMOS-UHFFFAOYSA-N,True,nonane,nonane,True
V_738,15600,DIOQZVSQGTUSAI-UHFFFAOYSA-N,DIOQZVSQGTUSAI-UHFFFAOYSA-N,True,decane,decane,True
V_739,14257,RSJKGSCJYJTIGS-UHFFFAOYSA-N,RSJKGSCJYJTIGS-UHFFFAOYSA-N,True,undecane,undecane,True
V_74,23995,QCWXUUIWCKQGHC-UHFFFAOYSA-N,QCWXUUIWCKQGHC-UHFFFAOYSA-N,True,zirconium,zirconium,True
V_740,8252,QQONPFPTGQHPMA-UHFFFAOYSA-N,QQONPFPTGQHPMA-UHFFFAOYSA-N,True,prop-1-ene,prop-1-ene,True
V_741,7844,VXNZUUAINFGPBY-UHFFFAOYSA-N,VXNZUUAINFGPBY-UHFFFAOYSA-N,True,but-1-ene,but-1-ene,True
V_742,62695,IAQRGUVFOMOMEM-ONEGZZNKSA-N,IAQRGUVFOMOMEM-ONEGZZNKSA-N,True,(E)-but-2-ene,(E)-but-2-ene,True
V_743,5287573,IAQRGUVFOMOMEM-ARJAWSKDSA-N,IAQRGUVFOMOMEM-ARJAWSKDSA-N,True,(Z)-but-2-ene,(Z)-but-2-ene,True
V_744,8004,YWAKXRMUMFPDSH-UHFFFAOYSA-N,YWAKXRMUMFPDSH-UHFFFAOYSA-N,True,pent-1-ene,pent-1-ene,True
V_745,5326161,QMMOXUPEWRXHJS-HWKANZROSA-N,QMMOXUPEWRXHJS-HWKANZROSA-N,True,(E)-pent-2-ene,(E)-pent-2-ene,True
V_746,11597,LIKMAJRDDDTEIG-UHFFFAOYSA-N,LIKMAJRDDDTEIG-UHFFFAOYSA-N,True,hex-1-ene,hex-1-ene,True
V_747,11610,ZGEGCLOFRBLKSE-UHFFFAOYSA-N,ZGEGCLOFRBLKSE-UHFFFAOYSA-N,True,hept-1-ene,hept-1-ene,True
V_75,9118,YFIJJNAKSZUOLT-UHFFFAOYSA-N,YFIJJNAKSZUOLT-UHFFFAOYSA-N,True,"hexacyclo[11.7.1.14,20.02,11.03,8.017,21]docosa-1,3(8),4,6,9,11,13,15,17(21),18,20(22)-undecaene","hexacyclo[11.7.1.14,20.02,11.03,8.017,21]docosa-1,3(8),4,6,9,11,13,15,17(21),18,20(22)-undecaene",True
V_751,7503,KCXMKQUNVWSEMD-UHFFFAOYSA-N,KCXMKQUNVWSEMD-UHFFFAOYSA-N,True,chloromethylbenzene,chloromethylbenzene,True
V_752,24723,GRPRVIYRYGLIJU-UHFFFAOYSA-N,GRPRVIYRYGLIJU-UHFFFAOYSA-N,True,1-diethoxyphosphorylsulfanyl-2-ethylsulfanylethane,1-diethoxyphosphorylsulfanyl-2-ethylsulfanylethane,True
V_753,62773,GBAWQJNHVWMTLU-UHFFFAOYSA-N,GBAWQJNHVWMTLU-UHFFFAOYSA-N,True,"(7-chloro-6-bicyclo[3.2.0]hepta-2,6-dienyl) dimethyl phosphate","(7-chloro-6-bicyclo[3.2.0]hepta-2,6-dienyl) dimethyl phosphate",True
V_754,19395,XIUROWKZWPIAIB-UHFFFAOYSA-N,XIUROWKZWPIAIB-UHFFFAOYSA-N,True,diethoxyphosphinothioyloxy-diethoxy-sulfanylidene-lambda5-phosphane,diethoxyphosphinothioyloxy-diethoxy-sulfanylidene-lambda5-phosphane,True
V_755,91664,OBZIQQJJIKNWNO-UHFFFAOYSA-N,OBZIQQJJIKNWNO-UHFFFAOYSA-N,True,"(2,6-dichloro-4-methylphenoxy)-dimethoxy-sulfanylidene-lambda5-phosphane","(2,6-dichloro-4-methylphenoxy)-dimethoxy-sulfanylidene-lambda5-phosphane",True
V_756,3286,RIZMRRKBZQXFOY-UHFFFAOYSA-N,RIZMRRKBZQXFOY-UHFFFAOYSA-N,True,diethoxyphosphinothioylsulfanylmethylsulfanyl-diethoxy-sulfanylidene-lambda5-phosphane,diethoxyphosphinothioylsulfanylmethylsulfanyl-diethoxy-sulfanylidene-lambda5-phosphane,True
V_757,25750,RGCLLPNLLBQHPF-UHFFFAOYSA-N,RGCLLPNLLBQHPF-UHFFFAOYSA-N,True,[3-chloro-4-(diethylamino)-4-oxobut-2-en-2-yl] dimethyl phosphate,[3-chloro-4-(diethylamino)-4-oxobut-2-en-2-yl] dimethyl phosphate,True
V_758,6324,OTMSDBZUPAUEDD-UHFFFAOYSA-N,OTMSDBZUPAUEDD-UHFFFAOYSA-N,True,ethane,ethane,True
V_759,6325,VGGSQFUCUMXWEO-UHFFFAOYSA-N,VGGSQFUCUMXWEO-UHFFFAOYSA-N,True,ethene,ethene,True
V_76,9176,KLIHYVJAYWCEDM-UHFFFAOYSA-N,KLIHYVJAYWCEDM-UHFFFAOYSA-N,True,"pentacyclo[12.8.0.03,12.04,9.017,22]docosa-1(14),2,4,6,8,10,12,15,17,19,21-undecaene","pentacyclo[12.8.0.03,12.04,9.017,22]docosa-1(14),2,4,6,8,10,12,15,17,19,21-undecaene",True
V_760,5326160,QMMOXUPEWRXHJS-HYXAFXHYSA-N,QMMOXUPEWRXHJS-HYXAFXHYSA-N,True,(Z)-pent-2-ene,(Z)-pent-2-ene,True
V_761,66,RANCECPPZPIPNO-UHFFFAOYSA-N,RANCECPPZPIPNO-UHFFFAOYSA-N,True,"2,5-dichlorophenol","2,5-dichlorophenol",True
V_762,5462224,FYYHWMGAXLPEAU-UHFFFAOYSA-N,FYYHWMGAXLPEAU-UHFFFAOYSA-N,True,magnesium,magnesium,True
V_763,5360545,KEAYESYHFKHZAL-UHFFFAOYSA-N,KEAYESYHFKHZAL-UHFFFAOYSA-N,True,sodium,sodium,True
V_764,5462222,ZLMJMSJWJFRBEC-UHFFFAOYSA-N,ZLMJMSJWJFRBEC-UHFFFAOYSA-N,True,potassium,potassium,True
V_767,39965,CAWXEEYDBZRFPE-UHFFFAOYSA-N,CAWXEEYDBZRFPE-UHFFFAOYSA-N,True,"3-cyclohexyl-6-(dimethylamino)-1-methyl-1,3,5-triazine-2,4-dione","3-cyclohexyl-6-(dimethylamino)-1-methyl-1,3,5-triazine-2,4-dione",True
V_768,2078,XCSGPAVHZFQHGE-UHFFFAOYSA-N,XCSGPAVHZFQHGE-UHFFFAOYSA-N,True,"2-chloro-N-(2,6-diethylphenyl)-N-(methoxymethyl)acetamide","2-chloro-N-(2,6-diethylphenyl)-N-(methoxymethyl)acetamide",True
V_769,4931,MFOUDYKPLGXPGO-UHFFFAOYSA-N,MFOUDYKPLGXPGO-UHFFFAOYSA-N,True,2-chloro-N-phenyl-N-propan-2-ylacetamide,2-chloro-N-phenyl-N-propan-2-ylacetamide,True
V_77,6569,ZWEHNKRNPOVVGH-UHFFFAOYSA-N,ZWEHNKRNPOVVGH-UHFFFAOYSA-N,True,butan-2-one,butan-2-one,True
V_770,15546,WYKYKTKDBLFHCY-UHFFFAOYSA-N,WYKYKTKDBLFHCY-UHFFFAOYSA-N,True,5-amino-4-chloro-2-phenylpyridazin-3-one,5-amino-4-chloro-2-phenylpyridazin-3-one,True
V_771,12463,GBDZXPJXOMHESU-UHFFFAOYSA-N,GBDZXPJXOMHESU-UHFFFAOYSA-N,True,"1,2,3,4-tetrachlorobenzene","1,2,3,4-tetrachlorobenzene",True
V_772,12468,QZYNWJQFTJXIRN-UHFFFAOYSA-N,QZYNWJQFTJXIRN-UHFFFAOYSA-N,True,"1,2,3,5-tetrachlorobenzene","1,2,3,5-tetrachlorobenzene",True
V_773,11855,CEOCDNVZRAIOQZ-UHFFFAOYSA-N,CEOCDNVZRAIOQZ-UHFFFAOYSA-N,True,"1,2,3,4,5-pentachlorobenzene","1,2,3,4,5-pentachlorobenzene",True
V_774,7270,JHBKHLUZVFWLAG-UHFFFAOYSA-N,JHBKHLUZVFWLAG-UHFFFAOYSA-N,True,"1,2,4,5-tetrachlorobenzene","1,2,4,5-tetrachlorobenzene",True
V_775,6428,AJDIZQLSFPQPEY-UHFFFAOYSA-N,AJDIZQLSFPQPEY-UHFFFAOYSA-N,True,"1,1,2-trichloro-1,2,2-trifluoroethane","1,1,2-trichloro-1,2,2-trifluoroethane",True
V_776,6565,FALCMQXTWHPRIH-UHFFFAOYSA-N,FALCMQXTWHPRIH-UHFFFAOYSA-N,True,"2,3-dichloroprop-1-ene","2,3-dichloroprop-1-ene",True
V_777,6214,VHHHONWQHHHLTI-UHFFFAOYSA-N,VHHHONWQHHHLTI-UHFFFAOYSA-N,True,"1,1,1,2,2,2-hexachloroethane","1,1,1,2,2,2-hexachloroethane",True
V_778,10800,ZXVONLUNISGICL-UHFFFAOYSA-N,ZXVONLUNISGICL-UHFFFAOYSA-N,True,"2-methyl-4,6-dinitrophenol","2-methyl-4,6-dinitrophenol",True
V_779,6950,OWZPCEFYPSAJFR-UHFFFAOYSA-N,OWZPCEFYPSAJFR-UHFFFAOYSA-N,True,"2-butan-2-yl-4,6-dinitrophenol","2-butan-2-yl-4,6-dinitrophenol",True
V_78,51043,BHWVLZJTVIYLIV-UHFFFAOYSA-N,BHWVLZJTVIYLIV-UHFFFAOYSA-N,True,"1,2,3-trichloro-5-(4-chlorophenyl)benzene","1,2,3-trichloro-5-(4-chlorophenyl)benzene",True
V_780,14994,IIPZYDQGBIWLBU-UHFFFAOYSA-N,IIPZYDQGBIWLBU-UHFFFAOYSA-N,True,"2-tert-butyl-4,6-dinitrophenol","2-tert-butyl-4,6-dinitrophenol",True
V_781,3496,XDDAORKBJWWYJS-UHFFFAOYSA-N,XDDAORKBJWWYJS-UHFFFAOYSA-N,True,2-(phosphonomethylamino)acetic acid,2-(phosphonomethylamino)acetic acid,True
V_782,14017,MGRVRXRGTBOSHW-UHFFFAOYSA-N,MGRVRXRGTBOSHW-UHFFFAOYSA-N,True,aminomethylphosphonic acid,aminomethylphosphonic acid,True
V_783,13450,IROINLKCQGIITA-UHFFFAOYSA-N,IROINLKCQGIITA-UHFFFAOYSA-N,True,"2-N-tert-butyl-4-N-ethyl-6-methylsulfanyl-1,3,5-triazine-2,4-diamine","2-N-tert-butyl-4-N-ethyl-6-methylsulfanyl-1,3,5-triazine-2,4-diamine",True
V_784,1489,YIVXMZJTEQBPQO-UHFFFAOYSA-N,YIVXMZJTEQBPQO-UHFFFAOYSA-N,True,"4-(2,4-dichlorophenoxy)butanoic acid","4-(2,4-dichlorophenoxy)butanoic acid",True
V_788,16996,FAOSYNUKPVJLNZ-UHFFFAOYSA-N,FAOSYNUKPVJLNZ-UHFFFAOYSA-N,True,butylstannane,butylstannane,True
V_789,6335496,JDWJZEXJARCHAT-UHFFFAOYSA-N,JDWJZEXJARCHAT-UHFFFAOYSA-N,True,,,True
V_79,53036,SXZSFWHOSHAKMN-UHFFFAOYSA-N,SXZSFWHOSHAKMN-UHFFFAOYSA-N,True,"1,2,3,4-tetrachloro-5-(4-chlorophenyl)benzene","1,2,3,4-tetrachloro-5-(4-chlorophenyl)benzene",True
V_790,6484,AYOHIQLKSOJJQH-UHFFFAOYSA-N,AYOHIQLKSOJJQH-UHFFFAOYSA-N,True,dibutyltin,dibutyltin,True
V_791,70535,KUCPUSUXIGWHFB-UHFFFAOYSA-N,KUCPUSUXIGWHFB-UHFFFAOYSA-N,True,diphenyltin,diphenyltin,True
V_792,424215,BRCGUTSVMPKEKH-UHFFFAOYSA-N,BRCGUTSVMPKEKH-UHFFFAOYSA-N,True,dicyclohexyltin,dicyclohexyltin,True
V_793,37499,LSKGFBJLYWXIOF-UHFFFAOYSA-N,LSKGFBJLYWXIOF-UHFFFAOYSA-N,True,tributylstannanylium,tributylstannanylium,True
V_794,13743282,WSSWKXSQIKBUQR-UHFFFAOYSA-N,WSSWKXSQIKBUQR-UHFFFAOYSA-N,True,tricyclohexylstannanylium,tricyclohexylstannanylium,True
V_795,16683004,HOXINJBQVZWYGZ-UHFFFAOYSA-N,HOXINJBQVZWYGZ-UHFFFAOYSA-N,True,tris(2-methyl-2-phenylpropyl)-tris(2-methyl-2-phenylpropyl)stannyloxystannane,tris(2-methyl-2-phenylpropyl)-tris(2-methyl-2-phenylpropyl)stannyloxystannane,True
V_796,91481,XBRCDWHXULVEFB-UHFFFAOYSA-N,XBRCDWHXULVEFB-UHFFFAOYSA-N,True,triphenylstannanylium,triphenylstannanylium,True
V_797,61221,JGFBRKRYDCGYKD-UHFFFAOYSA-N,JGFBRKRYDCGYKD-UHFFFAOYSA-N,True,dibutyl(oxo)tin,dibutyl(oxo)tin,True
V_80,38019,LCXMEXLGMKFLQO-UHFFFAOYSA-N,LCXMEXLGMKFLQO-UHFFFAOYSA-N,True,"1,2,3,4-tetrachloro-5-(3,4-dichlorophenyl)benzene","1,2,3,4-tetrachloro-5-(3,4-dichlorophenyl)benzene",True
V_800,22206,FZXISNSWEXTPMF-UHFFFAOYSA-N,FZXISNSWEXTPMF-UHFFFAOYSA-N,True,"2-N-tert-butyl-6-chloro-4-N-ethyl-1,3,5-triazine-2,4-diamine","2-N-tert-butyl-6-chloro-4-N-ethyl-1,3,5-triazine-2,4-diamine",True
V_801,4937,WJNRPILHGGKWCK-UHFFFAOYSA-N,WJNRPILHGGKWCK-UHFFFAOYSA-N,True,"6-chloro-2-N,4-N-di(propan-2-yl)-1,3,5-triazine-2,4-diamine","6-chloro-2-N,4-N-di(propan-2-yl)-1,3,5-triazine-2,4-diamine",True
V_802,5216,ODCWYMIRDDJXKW-UHFFFAOYSA-N,ODCWYMIRDDJXKW-UHFFFAOYSA-N,True,"6-chloro-2-N,4-N-diethyl-1,3,5-triazine-2,4-diamine","6-chloro-2-N,4-N-diethyl-1,3,5-triazine-2,4-diamine",True
V_803,23712,BZRUVKZGXNSXMB-UHFFFAOYSA-N,BZRUVKZGXNSXMB-UHFFFAOYSA-N,True,"2-N-butan-2-yl-6-chloro-4-N-ethyl-1,3,5-triazine-2,4-diamine","2-N-butan-2-yl-6-chloro-4-N-ethyl-1,3,5-triazine-2,4-diamine",True
V_804,13904,HCRWJJJUKUVORR-UHFFFAOYSA-N,HCRWJJJUKUVORR-UHFFFAOYSA-N,True,"4-N-methyl-6-methylsulfanyl-2-N-propan-2-yl-1,3,5-triazine-2,4-diamine","4-N-methyl-6-methylsulfanyl-2-N-propan-2-yl-1,3,5-triazine-2,4-diamine",True
V_805,4929,AAEVYOVXGOFMJO-UHFFFAOYSA-N,AAEVYOVXGOFMJO-UHFFFAOYSA-N,True,"6-methylsulfanyl-2-N,4-N-di(propan-2-yl)-1,3,5-triazine-2,4-diamine","6-methylsulfanyl-2-N,4-N-di(propan-2-yl)-1,3,5-triazine-2,4-diamine",True
V_806,7265,SWFNPENEBHAHEB-UHFFFAOYSA-N,SWFNPENEBHAHEB-UHFFFAOYSA-N,True,2-amino-4-chlorophenol,2-amino-4-chlorophenol,True
V_807,36231,ZHLICBPIXDOFFG-UHFFFAOYSA-N,ZHLICBPIXDOFFG-UHFFFAOYSA-N,True,"1,2,3-trichloro-5-(3,4,5-trichlorophenyl)benzene","1,2,3-trichloro-5-(3,4,5-trichlorophenyl)benzene",True
V_808,37037,RMPWIIKNWPVWNG-UHFFFAOYSA-N,RMPWIIKNWPVWNG-UHFFFAOYSA-N,True,"1,2,3,4-tetrachloro-5-(2,3,4-trichlorophenyl)benzene","1,2,3,4-tetrachloro-5-(2,3,4-trichlorophenyl)benzene",True
V_809,6786,KCXZNSGUUQJJTR-UHFFFAOYSA-N,KCXZNSGUUQJJTR-UHFFFAOYSA-N,True,"dihexyl benzene-1,2-dicarboxylate","dihexyl benzene-1,2-dicarboxylate",True
V_81,50891,YTWXDQVNPCIEOX-UHFFFAOYSA-N,YTWXDQVNPCIEOX-UHFFFAOYSA-N,True,"1,2,3-trichloro-4-(3,4,5-trichlorophenyl)benzene","1,2,3-trichloro-4-(3,4,5-trichlorophenyl)benzene",True
V_810,8343,BJQHLKABXJIVAM-UHFFFAOYSA-N,BJQHLKABXJIVAM-UHFFFAOYSA-N,True,"bis(2-ethylhexyl) benzene-1,2-dicarboxylate","bis(2-ethylhexyl) benzene-1,2-dicarboxylate",True
V_811,2347,IRIAEXORFWYRCZ-UHFFFAOYSA-N,IRIAEXORFWYRCZ-UHFFFAOYSA-N,True,"2-O-benzyl 1-O-butyl benzene-1,2-dicarboxylate","2-O-benzyl 1-O-butyl benzene-1,2-dicarboxylate",True
V_812,3026,DOIRQSBPFJWKBE-UHFFFAOYSA-N,DOIRQSBPFJWKBE-UHFFFAOYSA-N,True,"dibutyl benzene-1,2-dicarboxylate","dibutyl benzene-1,2-dicarboxylate",True
V_813,33934,IJFPVINAQGWBRJ-UHFFFAOYSA-N,IJFPVINAQGWBRJ-UHFFFAOYSA-N,True,"bis(6-methylheptyl) benzene-1,2-dicarboxylate","bis(6-methylheptyl) benzene-1,2-dicarboxylate",True
V_814,24243,RYFMWSXOAZQYPI-UHFFFAOYSA-K,RYFMWSXOAZQYPI-UHFFFAOYSA-K,True,trisodium;phosphate,trisodium;phosphate,True
V_815,31272,DKPFZGUDAPQIHT-UHFFFAOYSA-N,DKPFZGUDAPQIHT-UHFFFAOYSA-N,True,butyl acetate,butyl acetate,True
V_816,2519,RYYVLZVUVIJVGH-UHFFFAOYSA-N,RYYVLZVUVIJVGH-UHFFFAOYSA-N,True,"1,3,7-trimethylpurine-2,6-dione","1,3,7-trimethylpurine-2,6-dione",True
V_817,32803,AWBIJARKDOFDAN-UHFFFAOYSA-N,AWBIJARKDOFDAN-UHFFFAOYSA-N,True,"2,5-dimethyl-1,4-dioxane","2,5-dimethyl-1,4-dioxane",True
V_818,6378,GOOHAUXETOMSMM-UHFFFAOYSA-N,GOOHAUXETOMSMM-UHFFFAOYSA-N,True,2-methyloxirane,2-methyloxirane,True
V_819,6560,ZXEKIIBDNHEJCQ-UHFFFAOYSA-N,ZXEKIIBDNHEJCQ-UHFFFAOYSA-N,True,2-methylpropan-1-ol,2-methylpropan-1-ol,True
V_82,40479,AZXHAWRMEPZSSV-UHFFFAOYSA-N,AZXHAWRMEPZSSV-UHFFFAOYSA-N,True,"1,2,3-trichloro-5-(2,4,5-trichlorophenyl)benzene","1,2,3-trichloro-5-(2,4,5-trichlorophenyl)benzene",True
V_820,702,LFQSCWFLJHTTHZ-UHFFFAOYSA-N,LFQSCWFLJHTTHZ-UHFFFAOYSA-N,True,ethanol,ethanol,True
V_821,1049,JUJWROOIHBZHMG-UHFFFAOYSA-N,JUJWROOIHBZHMG-UHFFFAOYSA-N,True,pyridine,pyridine,True
V_822,94452,ZXNWYMNKYXUZGM-UHFFFAOYSA-N,ZXNWYMNKYXUZGM-UHFFFAOYSA-N,True,"2,2,6,6-tetramethylpiperidin-4-one;hydrochloride","2,2,6,6-tetramethylpiperidin-4-one;hydrochloride",True
V_823,17520,DMSMPAJRVJJAGA-UHFFFAOYSA-N,DMSMPAJRVJJAGA-UHFFFAOYSA-N,True,"1,2-benzothiazol-3-one","1,2-benzothiazol-3-one",True
V_824,15413,BZLVMXJERCGZMT-UHFFFAOYSA-N,BZLVMXJERCGZMT-UHFFFAOYSA-N,True,2-methoxy-2-methylpropane,2-methoxy-2-methylpropane,True
V_828,7879,REZZEXDLIUJMMS-UHFFFAOYSA-M,REZZEXDLIUJMMS-UHFFFAOYSA-M,True,dimethyl(dioctadecyl)azanium chloride,dimethyl(dioctadecyl)azanium chloride,True
V_83,36187,UQMGJOKDKOLIDP-UHFFFAOYSA-N,UQMGJOKDKOLIDP-UHFFFAOYSA-N,True,"1,2-dichloro-4-(3,4-dichlorophenyl)benzene","1,2-dichloro-4-(3,4-dichlorophenyl)benzene",True
V_830,6049,KCXVZYZYPLLWCC-UHFFFAOYSA-N,KCXVZYZYPLLWCC-UHFFFAOYSA-N,True,2-[2-[bis(carboxymethyl)amino]ethyl-(carboxymethyl)amino]acetic acid,2-[2-[bis(carboxymethyl)amino]ethyl-(carboxymethyl)amino]acetic acid,True
V_837,24883,UOORRWUZONOOLO-UHFFFAOYSA-N,UOORRWUZONOOLO-UHFFFAOYSA-N,True,"1,3-dichloroprop-1-ene","1,3-dichloroprop-1-ene",True
V_839,24722,FAXIJTUDSBIMHY-UHFFFAOYSA-N,FAXIJTUDSBIMHY-UHFFFAOYSA-N,True,diethoxy-(2-ethylsulfanylethoxy)-sulfanylidene-lambda5-phosphane;1-diethoxyphosphorylsulfanyl-2-ethylsulfanylethane,diethoxy-(2-ethylsulfanylethoxy)-sulfanylidene-lambda5-phosphane;1-diethoxyphosphorylsulfanyl-2-ethylsulfanylethane,True
V_84,47650,YAHNWSSFXMVPOU-UHFFFAOYSA-N,YAHNWSSFXMVPOU-UHFFFAOYSA-N,True,"1,2,3-trichloro-5-(2,4-dichlorophenyl)benzene","1,2,3-trichloro-5-(2,4-dichlorophenyl)benzene",True
V_840,6623,IISBACLAFKSPIT-UHFFFAOYSA-N,IISBACLAFKSPIT-UHFFFAOYSA-N,True,4-[2-(4-hydroxyphenyl)propan-2-yl]phenol,4-[2-(4-hydroxyphenyl)propan-2-yl]phenol,True
V_842,7261,VOZKAJLKRJDJLL-UHFFFAOYSA-N,VOZKAJLKRJDJLL-UHFFFAOYSA-N,True,"4-methylbenzene-1,3-diamine","4-methylbenzene-1,3-diamine",True
V_844,971,MUBZPKHOEPUJKR-UHFFFAOYSA-N,MUBZPKHOEPUJKR-UHFFFAOYSA-N,True,oxalic acid,oxalic acid,True
V_845,5484215,ZMHZSHHZIKJFIR-UHFFFAOYSA-N,ZMHZSHHZIKJFIR-UHFFFAOYSA-N,True,,,True
V_846,27681,HGQSXVKHVMGQRG-UHFFFAOYSA-N,HGQSXVKHVMGQRG-UHFFFAOYSA-N,True,dioctyltin,dioctyltin,True
V_847,5377784,FSAVDKDHPDSCTO-WQLSENKSSA-N,FSAVDKDHPDSCTO-WQLSENKSSA-N,True,"[(Z)-2-chloro-1-(2,4-dichlorophenyl)ethenyl] diethyl phosphate","[(Z)-2-chloro-1-(2,4-dichlorophenyl)ethenyl] diethyl phosphate",True
V_848,5377791,FSAVDKDHPDSCTO-XYOKQWHBSA-N,FSAVDKDHPDSCTO-XYOKQWHBSA-N,True,"[(E)-2-chloro-1-(2,4-dichlorophenyl)ethenyl] diethyl phosphate","[(E)-2-chloro-1-(2,4-dichlorophenyl)ethenyl] diethyl phosphate",True
V_849,26033,JOOMJVFZQRQWKR-UHFFFAOYSA-N,JOOMJVFZQRQWKR-UHFFFAOYSA-N,True,"ethyl 2-diethoxyphosphinothioyloxy-5-methylpyrazolo[1,5-a]pyrimidine-6-carboxylate","ethyl 2-diethoxyphosphinothioyloxy-5-methylpyrazolo[1,5-a]pyrimidine-6-carboxylate",True
V_85,38306,XUAWBXBYHDRROL-UHFFFAOYSA-N,XUAWBXBYHDRROL-UHFFFAOYSA-N,True,"1,2,3,4-tetrachloro-5-(3,4,5-trichlorophenyl)benzene","1,2,3,4-tetrachloro-5-(3,4,5-trichlorophenyl)benzene",True
V_850,8289,XZZNDPSIHUTMOC-UHFFFAOYSA-N,XZZNDPSIHUTMOC-UHFFFAOYSA-N,True,triphenyl phosphate,triphenyl phosphate,True
V_851,62060,IZHZFAQWVKBTSL-UHFFFAOYSA-N,IZHZFAQWVKBTSL-UHFFFAOYSA-N,True,"1,2,2,3,10,11-hexachloropentacyclo[5.4.1.03,10.04,12.05,9]dodecan-8-one","1,2,2,3,10,11-hexachloropentacyclo[5.4.1.03,10.04,12.05,9]dodecan-8-one",True
V_852,104926,QQODLKZGRKWIFG-UHFFFAOYSA-N,QQODLKZGRKWIFG-UHFFFAOYSA-N,True,"[cyano-(4-fluoro-3-phenoxyphenyl)methyl] 3-(2,2-dichloroethenyl)-2,2-dimethylcyclopropane-1-carboxylate","[cyano-(4-fluoro-3-phenoxyphenyl)methyl] 3-(2,2-dichloroethenyl)-2,2-dimethylcyclopropane-1-carboxylate",True
V_86,108201,LMKQNTMFZLAJDV-UHFFFAOYSA-N,LMKQNTMFZLAJDV-UHFFFAOYSA-N,True,"2-N-tert-butyl-6-chloro-1,3,5-triazine-2,4-diamine","2-N-tert-butyl-6-chloro-1,3,5-triazine-2,4-diamine",True
V_863,12110098,UPNBETHEXPIWQX-UHFFFAOYSA-N,UPNBETHEXPIWQX-UHFFFAOYSA-N,True,"2,4-dibromo-1-(4-bromophenoxy)benzene","2,4-dibromo-1-(4-bromophenoxy)benzene",True
V_864,95170,XYBSIYMGXVUVGY-UHFFFAOYSA-N,XYBSIYMGXVUVGY-UHFFFAOYSA-N,True,"2,4-dibromo-1-(2,4-dibromophenoxy)benzene","2,4-dibromo-1-(2,4-dibromophenoxy)benzene",True
V_865,15509893,DHUMTYRHKMCVAG-UHFFFAOYSA-N,DHUMTYRHKMCVAG-UHFFFAOYSA-N,True,"1,2-dibromo-4-(2,4-dibromophenoxy)benzene","1,2-dibromo-4-(2,4-dibromophenoxy)benzene",True
V_866,177368,DMLQSUZPTTUUDP-UHFFFAOYSA-N,DMLQSUZPTTUUDP-UHFFFAOYSA-N,True,"1,2,3-tribromo-4-(2,4-dibromophenoxy)benzene","1,2,3-tribromo-4-(2,4-dibromophenoxy)benzene",True
V_867,36159,WHPVYXDFIXRKLN-UHFFFAOYSA-N,WHPVYXDFIXRKLN-UHFFFAOYSA-N,True,"1,2,4-tribromo-5-(2,4-dibromophenoxy)benzene","1,2,4-tribromo-5-(2,4-dibromophenoxy)benzene",True
V_868,154083,NSKIRYMHNFTRLR-UHFFFAOYSA-N,NSKIRYMHNFTRLR-UHFFFAOYSA-N,True,"1,3,5-tribromo-2-(2,4-dibromophenoxy)benzene","1,3,5-tribromo-2-(2,4-dibromophenoxy)benzene",True
V_869,155166,RZXIRSKYBISPGF-UHFFFAOYSA-N,RZXIRSKYBISPGF-UHFFFAOYSA-N,True,"1,2,4-tribromo-5-(2,4,5-tribromophenoxy)benzene","1,2,4-tribromo-5-(2,4,5-tribromophenoxy)benzene",True
V_87,13129,LVGUZGTVOIAKKC-UHFFFAOYSA-N,LVGUZGTVOIAKKC-UHFFFAOYSA-N,True,"1,1,1,2-tetrafluoroethane","1,1,1,2-tetrafluoroethane",True
V_870,15509898,VHNPZYZQKWIWOD-UHFFFAOYSA-N,VHNPZYZQKWIWOD-UHFFFAOYSA-N,True,"1,2,4-tribromo-5-(2,4,6-tribromophenoxy)benzene","1,2,4-tribromo-5-(2,4,6-tribromophenoxy)benzene",True
V_871,15509899,ILPSCQCLBHQUEM-UHFFFAOYSA-N,ILPSCQCLBHQUEM-UHFFFAOYSA-N,True,"1,2,3,5-tetrabromo-4-(2,4,5-tribromophenoxy)benzene","1,2,3,5-tetrabromo-4-(2,4,5-tribromophenoxy)benzene",True
V_872,14410,WHHGLZMJPXIBIX-UHFFFAOYSA-N,WHHGLZMJPXIBIX-UHFFFAOYSA-N,True,"1,2,3,4,5-pentabromo-6-(2,3,4,5,6-pentabromophenoxy)benzene","1,2,3,4,5-pentabromo-6-(2,3,4,5,6-pentabromophenoxy)benzene",True
V_873,18529,DEIGXXQKDWULML-UHFFFAOYSA-N,DEIGXXQKDWULML-UHFFFAOYSA-N,True,"1,2,5,6,9,10-hexabromocyclododecane","1,2,5,6,9,10-hexabromocyclododecane",True
V_874,6618,VEORPZCZECFIRK-UHFFFAOYSA-N,VEORPZCZECFIRK-UHFFFAOYSA-N,True,"2,6-dibromo-4-[2-(3,5-dibromo-4-hydroxyphenyl)propan-2-yl]phenol","2,6-dibromo-4-[2-(3,5-dibromo-4-hydroxyphenyl)propan-2-yl]phenol",True
V_88,2140,YVPYQUNUQOZFHG-UHFFFAOYSA-N,YVPYQUNUQOZFHG-UHFFFAOYSA-N,True,"3,5-diacetamido-2,4,6-triiodobenzoic acid","3,5-diacetamido-2,4,6-triiodobenzoic acid",True
V_880,26042,GWEVSGVZZGPLCZ-UHFFFAOYSA-N,GWEVSGVZZGPLCZ-UHFFFAOYSA-N,True,dioxotitanium,dioxotitanium,True
V_882,23947,WUAPFZMCVAUBPE-UHFFFAOYSA-N,WUAPFZMCVAUBPE-UHFFFAOYSA-N,True,rhenium,rhenium,True
V_885,299,LHHGDZSESBACKH-UHFFFAOYSA-N,LHHGDZSESBACKH-UHFFFAOYSA-N,True,"1,2,3,4,6,7,8,9,10,10-decachloropentacyclo[5.3.0.02,6.03,9.04,8]decan-5-one","1,2,3,4,6,7,8,9,10,10-decachloropentacyclo[5.3.0.02,6.03,9.04,8]decan-5-one",True
V_886,16945,GVYLCNUFSHDAAW-UHFFFAOYSA-N,GVYLCNUFSHDAAW-UHFFFAOYSA-N,True,"1,2,3,4,5,5,6,7,8,9,10,10-dodecachloropentacyclo[5.3.0.02,6.03,9.04,8]decane","1,2,3,4,5,5,6,7,8,9,10,10-dodecachloropentacyclo[5.3.0.02,6.03,9.04,8]decane",True
V_887,154482,PTJQVJQAZSLKJO-UHFFFAOYSA-N,PTJQVJQAZSLKJO-UHFFFAOYSA-N,True,"1,2,3-tribromo-4-(2,3,4-tribromophenyl)benzene","1,2,3-tribromo-4-(2,3,4-tribromophenyl)benzene",True
V_89,2249,METKIMKYRPQLGS-UHFFFAOYSA-N,METKIMKYRPQLGS-UHFFFAOYSA-N,True,2-[4-[2-hydroxy-3-(propan-2-ylamino)propoxy]phenyl]acetamide,2-[4-[2-hydroxy-3-(propan-2-ylamino)propoxy]phenyl]acetamide,True
V_891,7361,XPFVYQJUAUNWIW-UHFFFAOYSA-N,XPFVYQJUAUNWIW-UHFFFAOYSA-N,True,furan-2-ylmethanol,furan-2-ylmethanol,True
V_892,7362,HYBBIBNJHNGZAN-UHFFFAOYSA-N,HYBBIBNJHNGZAN-UHFFFAOYSA-N,True,furan-2-carbaldehyde,furan-2-carbaldehyde,True
V_893,5757,VOXZDWNPVJITMN-ZBRFXRBCSA-N,VOXZDWNPVJITMN-ZBRFXRBCSA-N,True,"(8R,9S,13S,14S,17S)-13-methyl-6,7,8,9,11,12,14,15,16,17-decahydrocyclopenta[a]phenanthrene-3,17-diol","(8R,9S,13S,14S,17S)-13-methyl-6,7,8,9,11,12,14,15,16,17-decahydrocyclopenta[a]phenanthrene-3,17-diol",True
V_894,68570,VOXZDWNPVJITMN-SFFUCWETSA-N,VOXZDWNPVJITMN-SFFUCWETSA-N,True,"(8R,9S,13S,14S,17R)-13-methyl-6,7,8,9,11,12,14,15,16,17-decahydrocyclopenta[a]phenanthrene-3,17-diol","(8R,9S,13S,14S,17R)-13-methyl-6,7,8,9,11,12,14,15,16,17-decahydrocyclopenta[a]phenanthrene-3,17-diol",True
V_895,5991,BFPYWIDHMRZLRN-SLHNCBLASA-N,BFPYWIDHMRZLRN-SLHNCBLASA-N,True,"(8R,9S,13S,14S,17R)-17-ethynyl-13-methyl-7,8,9,11,12,14,15,16-octahydro-6H-cyclopenta[a]phenanthrene-3,17-diol","(8R,9S,13S,14S,17R)-17-ethynyl-13-methyl-7,8,9,11,12,14,15,16-octahydro-6H-cyclopenta[a]phenanthrene-3,17-diol",True
V_896,6291,IMSSROKUHAOUJS-MJCUULBUSA-N,IMSSROKUHAOUJS-MJCUULBUSA-N,True,"(8R,9S,13S,14S,17R)-17-ethynyl-3-methoxy-13-methyl-7,8,9,11,12,14,15,16-octahydro-6H-cyclopenta[a]phenanthren-17-ol","(8R,9S,13S,14S,17R)-17-ethynyl-3-methoxy-13-methyl-7,8,9,11,12,14,15,16-octahydro-6H-cyclopenta[a]phenanthren-17-ol",True
V_897,5756,PROQIPRRNZUXQM-ZXXIGWHRSA-N,PROQIPRRNZUXQM-ZXXIGWHRSA-N,True,"(8R,9S,13S,14S,16R,17R)-13-methyl-6,7,8,9,11,12,14,15,16,17-decahydrocyclopenta[a]phenanthrene-3,16,17-triol","(8R,9S,13S,14S,16R,17R)-13-methyl-6,7,8,9,11,12,14,15,16,17-decahydrocyclopenta[a]phenanthrene-3,16,17-triol",True
V_898,5870,DNXHEGUUPJUMQT-CBZIJGRNSA-N,DNXHEGUUPJUMQT-CBZIJGRNSA-N,True,"(8R,9S,13S,14S)-3-hydroxy-13-methyl-7,8,9,11,12,14,15,16-octahydro-6H-cyclopenta[a]phenanthren-17-one","(8R,9S,13S,14S)-3-hydroxy-13-methyl-7,8,9,11,12,14,15,16-octahydro-6H-cyclopenta[a]phenanthren-17-one",True
V_899,6777,VOWAEIGWURALJQ-UHFFFAOYSA-N,VOWAEIGWURALJQ-UHFFFAOYSA-N,True,"dicyclohexyl benzene-1,2-dicarboxylate","dicyclohexyl benzene-1,2-dicarboxylate",True
V_90,39042,IIBYAHWJQTYFKB-UHFFFAOYSA-N,IIBYAHWJQTYFKB-UHFFFAOYSA-N,True,2-[4-[2-[(4-chlorobenzoyl)amino]ethyl]phenoxy]-2-methylpropanoic acid,2-[4-[2-[(4-chlorobenzoyl)amino]ethyl]phenoxy]-2-methylpropanoic acid,True
V_900,8800,BMLIZLVNXIYGCK-UHFFFAOYSA-N,BMLIZLVNXIYGCK-UHFFFAOYSA-N,True,"3-(4-chlorophenyl)-1,1-dimethylurea","3-(4-chlorophenyl)-1,1-dimethylurea",True
V_901,3034285,WFDXOXNFNRHQEC-GHRIWEEISA-N,WFDXOXNFNRHQEC-GHRIWEEISA-N,True,methyl (E)-2-[2-[6-(2-cyanophenoxy)pyrimidin-4-yl]oxyphenyl]-3-methoxyprop-2-enoate,methyl (E)-2-[2-[6-(2-cyanophenoxy)pyrimidin-4-yl]oxyphenyl]-3-methoxyprop-2-enoate,True
V_902,25912,NLYNUTMZTCLNOO-UHFFFAOYSA-N,NLYNUTMZTCLNOO-UHFFFAOYSA-N,True,3-(4-bromo-3-chlorophenyl)-1-methoxy-1-methylurea,3-(4-bromo-3-chlorophenyl)-1-methoxy-1-methylurea,True
V_903,86429,IANUJLZYFUDJIH-UHFFFAOYSA-N,IANUJLZYFUDJIH-UHFFFAOYSA-N,True,"N-(4-fluorophenyl)-N-propan-2-yl-2-[[5-(trifluoromethyl)-1,3,4-thiadiazol-2-yl]oxy]acetamide","N-(4-fluorophenyl)-N-propan-2-yl-2-[[5-(trifluoromethyl)-1,3,4-thiadiazol-2-yl]oxy]acetamide",True
V_904,14716,CGSLYBDCEGBZCG-UHFFFAOYSA-N,CGSLYBDCEGBZCG-UHFFFAOYSA-N,True,2-ethylhexyl diphenyl phosphate,2-ethylhexyl diphenyl phosphate,True
V_905,6540,WTLBZVNBAKMVDP-UHFFFAOYSA-N,WTLBZVNBAKMVDP-UHFFFAOYSA-N,True,tris(2-butoxyethyl) phosphate,tris(2-butoxyethyl) phosphate,True
V_906,8295,HQUQLFOMPYWACS-UHFFFAOYSA-N,HQUQLFOMPYWACS-UHFFFAOYSA-N,True,tris(2-chloroethyl) phosphate,tris(2-chloroethyl) phosphate,True
V_907,26176,KVMPUXDNESXNOH-UHFFFAOYSA-N,KVMPUXDNESXNOH-UHFFFAOYSA-N,True,tris(1-chloropropan-2-yl) phosphate,tris(1-chloropropan-2-yl) phosphate,True
V_908,26177,ASLWPAWFJZFCKF-UHFFFAOYSA-N,ASLWPAWFJZFCKF-UHFFFAOYSA-N,True,"tris(1,3-dichloropropan-2-yl) phosphate","tris(1,3-dichloropropan-2-yl) phosphate",True
V_909,7873,IDCBOTIENDVCBQ-UHFFFAOYSA-N,IDCBOTIENDVCBQ-UHFFFAOYSA-N,True,diethoxyphosphoryl diethyl phosphate,diethoxyphosphoryl diethyl phosphate,True
V_91,2554,FFGPTBGBLSHEPO-UHFFFAOYSA-N,FFGPTBGBLSHEPO-UHFFFAOYSA-N,True,benzo[b][1]benzazepine-11-carboxamide,benzo[b][1]benzazepine-11-carboxamide,True
V_916,10985889,BZQKBFHEWDPQHD-UHFFFAOYSA-N,BZQKBFHEWDPQHD-UHFFFAOYSA-N,True,"1,2,3,4,5-pentabromo-6-[2-(2,3,4,5,6-pentabromophenyl)ethyl]benzene","1,2,3,4,5-pentabromo-6-[2-(2,3,4,5,6-pentabromophenyl)ethyl]benzene",True
V_917,6906,OZHJEQVYCBTHJT-UHFFFAOYSA-N,OZHJEQVYCBTHJT-UHFFFAOYSA-N,True,"1,2,3,4,5-pentabromo-6-methylbenzene","1,2,3,4,5-pentabromo-6-methylbenzene",True
V_918,6800,FIAXCDIQXHJNIX-UHFFFAOYSA-N,FIAXCDIQXHJNIX-UHFFFAOYSA-N,True,"1,2,3,4,5-pentabromo-6-ethylbenzene","1,2,3,4,5-pentabromo-6-ethylbenzene",True
V_92,3016,AAOVKJBEBIDNHE-UHFFFAOYSA-N,AAOVKJBEBIDNHE-UHFFFAOYSA-N,True,"7-chloro-1-methyl-5-phenyl-3H-1,4-benzodiazepin-2-one","7-chloro-1-methyl-5-phenyl-3H-1,4-benzodiazepin-2-one",True
V_920,7909,NTIZESTWPVYFNL-UHFFFAOYSA-N,NTIZESTWPVYFNL-UHFFFAOYSA-N,True,4-methylpentan-2-one,4-methylpentan-2-one,True
V_921,7158,ZLSWBLPERHFHIS-UHFFFAOYSA-N,ZLSWBLPERHFHIS-UHFFFAOYSA-N,True,"2-(2,4,5-trichlorophenoxy)propanoic acid","2-(2,4,5-trichlorophenoxy)propanoic acid",True
V_922,50465,MEFQWPUMEMWTJP-UHFFFAOYSA-N,MEFQWPUMEMWTJP-UHFFFAOYSA-N,True,"2-[(4-amino-3,5-dichloro-6-fluoro-2-pyridinyl)oxy]acetic acid","2-[(4-amino-3,5-dichloro-6-fluoro-2-pyridinyl)oxy]acetic acid",True
V_923,7415,SVYKKECYCPFKGB-UHFFFAOYSA-N,SVYKKECYCPFKGB-UHFFFAOYSA-N,True,"N,N-dimethylcyclohexanamine","N,N-dimethylcyclohexanamine",True
V_924,18196,UKODFQOELJFMII-UHFFFAOYSA-N,UKODFQOELJFMII-UHFFFAOYSA-N,True,"N'-[2-(dimethylamino)ethyl]-N,N,N'-trimethylethane-1,2-diamine","N'-[2-(dimethylamino)ethyl]-N,N,N'-trimethylethane-1,2-diamine",True
V_925,7768,JBKVHLHDHHXQEQ-UHFFFAOYSA-N,JBKVHLHDHHXQEQ-UHFFFAOYSA-N,True,azepan-2-one,azepan-2-one,True
V_926,15586,FRCHKSNAZZFGCA-UHFFFAOYSA-N,FRCHKSNAZZFGCA-UHFFFAOYSA-N,True,"1,1-dichloro-1-fluoroethane","1,1-dichloro-1-fluoroethane",True
V_93,3033,DCOPUUMXTXDBNB-UHFFFAOYSA-N,DCOPUUMXTXDBNB-UHFFFAOYSA-N,True,"2-[2-(2,6-dichloroanilino)phenyl]acetic acid","2-[2-(2,6-dichloroanilino)phenyl]acetic acid",True
V_930,2733946,KKWHDMUCBWSKGL-UHFFFAOYSA-N,KKWHDMUCBWSKGL-UHFFFAOYSA-N,True,"(2,3,4,5,6-pentabromophenyl)methanol","(2,3,4,5,6-pentabromophenyl)methanol",True
V_931,103634,NZUPFZNVGSWLQC-UHFFFAOYSA-N,NZUPFZNVGSWLQC-UHFFFAOYSA-N,True,"1,3,5-tris(2,3-dibromopropyl)-1,3,5-triazinane-2,4,6-trione","1,3,5-tris(2,3-dibromopropyl)-1,3,5-triazinane-2,4,6-trione",True
V_932,16183,JHSPCUHPSIUQRB-UHFFFAOYSA-N,JHSPCUHPSIUQRB-UHFFFAOYSA-N,True,"2,6-dichlorobenzamide","2,6-dichlorobenzamide",True
V_933,7222,IOJUPLGTWVMSFF-UHFFFAOYSA-N,IOJUPLGTWVMSFF-UHFFFAOYSA-N,True,"1,3-benzothiazole","1,3-benzothiazole",True
V_934,86367,HAORKNGNJCEJBX-UHFFFAOYSA-N,HAORKNGNJCEJBX-UHFFFAOYSA-N,True,4-cyclopropyl-6-methyl-N-phenylpyrimidin-2-amine,4-cyclopropyl-6-methyl-N-phenylpyrimidin-2-amine,True
V_935,4284,MMOXZBCLCQITDF-UHFFFAOYSA-N,MMOXZBCLCQITDF-UHFFFAOYSA-N,True,"N,N-diethyl-3-methylbenzamide","N,N-diethyl-3-methylbenzamide",True
V_936,3031,YOYAIZYFCNQIRF-UHFFFAOYSA-N,YOYAIZYFCNQIRF-UHFFFAOYSA-N,True,"2,6-dichlorobenzonitrile","2,6-dichlorobenzonitrile",True
V_937,91735,WYEHFWKAOXOVJD-UHFFFAOYSA-N,WYEHFWKAOXOVJD-UHFFFAOYSA-N,True,"N-(2,4-difluorophenyl)-2-[3-(trifluoromethyl)phenoxy]pyridine-3-carboxamide","N-(2,4-difluorophenyl)-2-[3-(trifluoromethyl)phenoxy]pyridine-3-carboxamide",True
V_938,33360,IRCMYGHHKLLGHV-UHFFFAOYSA-N,IRCMYGHHKLLGHV-UHFFFAOYSA-N,True,"(2-ethoxy-3,3-dimethyl-2H-1-benzofuran-5-yl) methanesulfonate","(2-ethoxy-3,3-dimethyl-2H-1-benzofuran-5-yl) methanesulfonate",True
V_939,31070,ZCJPOPBZHLUFHF-UHFFFAOYSA-N,ZCJPOPBZHLUFHF-UHFFFAOYSA-N,True,N-[ethoxy-(3-methyl-4-methylsulfanylphenoxy)phosphoryl]propan-2-amine,N-[ethoxy-(3-methyl-4-methylsulfanylphenoxy)phosphoryl]propan-2-amine,True
V_94,3386,RTHCYVBBDHJXIQ-UHFFFAOYSA-N,RTHCYVBBDHJXIQ-UHFFFAOYSA-N,True,N-methyl-3-phenyl-3-[4-(trifluoromethyl)phenoxy]propan-1-amine,N-methyl-3-phenyl-3-[4-(trifluoromethyl)phenoxy]propan-1-amine,True
V_940,17517,QBSJMKIUCUGGNG-UHFFFAOYSA-N,QBSJMKIUCUGGNG-UHFFFAOYSA-N,True,(2-propan-2-ylphenyl) N-methylcarbamate,(2-propan-2-ylphenyl) N-methylcarbamate,True
V_941,42586,ZQEIXNIJLIKNTD-UHFFFAOYSA-N,ZQEIXNIJLIKNTD-UHFFFAOYSA-N,True,"methyl 2-(N-(2-methoxyacetyl)-2,6-dimethylanilino)propanoate","methyl 2-(N-(2-methoxyacetyl)-2,6-dimethylanilino)propanoate",True
V_942,16248,YFBPRJGDJKVWAH-UHFFFAOYSA-N,YFBPRJGDJKVWAH-UHFFFAOYSA-N,True,"(3,5-dimethyl-4-methylsulfanylphenyl) N-methylcarbamate","(3,5-dimethyl-4-methylsulfanylphenyl) N-methylcarbamate",True
V_943,30479,FOXFZRUHNHCZPX-UHFFFAOYSA-N,FOXFZRUHNHCZPX-UHFFFAOYSA-N,True,"4-amino-6-tert-butyl-3-methylsulfanyl-1,2,4-triazin-5-one","4-amino-6-tert-butyl-3-methylsulfanyl-1,2,4-triazin-5-one",True
V_944,8446,DXYYSGDWQCSKKO-UHFFFAOYSA-N,DXYYSGDWQCSKKO-UHFFFAOYSA-N,True,"2-methyl-1,3-benzothiazole","2-methyl-1,3-benzothiazole",True
V_945,5365075,IGOWHGRNPLFNDJ-ZPHPHTNESA-N,IGOWHGRNPLFNDJ-ZPHPHTNESA-N,True,(Z)-tricos-9-ene,(Z)-tricos-9-ene,True
V_946,13625,YEDUAINPPJYDJZ-UHFFFAOYSA-N,YEDUAINPPJYDJZ-UHFFFAOYSA-N,True,"3H-1,3-benzothiazol-2-one","3H-1,3-benzothiazol-2-one",True
V_947,29732,CHNUNORXWHYHNE-UHFFFAOYSA-N,CHNUNORXWHYHNE-UHFFFAOYSA-N,True,"5-tert-butyl-3-(2,4-dichloro-5-propan-2-yloxyphenyl)-1,3,4-oxadiazol-2-one","5-tert-butyl-3-(2,4-dichloro-5-propan-2-yloxyphenyl)-1,3,4-oxadiazol-2-one",True
V_948,91693,WKBPZYKAUNRMKP-UHFFFAOYSA-N,WKBPZYKAUNRMKP-UHFFFAOYSA-N,True,"1-[2-(2,4-dichlorophenyl)pentyl]-1,2,4-triazole","1-[2-(2,4-dichlorophenyl)pentyl]-1,2,4-triazole",True
V_949,6295,QFMDFTQOJHFVNR-UHFFFAOYSA-N,QFMDFTQOJHFVNR-UHFFFAOYSA-N,True,"1-[2,2-dichloro-1-(4-ethylphenyl)ethyl]-4-ethylbenzene","1-[2,2-dichloro-1-(4-ethylphenyl)ethyl]-4-ethylbenzene",True
V_95,3672,HEFNNWSXXWATRW-UHFFFAOYSA-N,HEFNNWSXXWATRW-UHFFFAOYSA-N,True,2-[4-(2-methylpropyl)phenyl]propanoic acid,2-[4-(2-methylpropyl)phenyl]propanoic acid,True
V_950,40463,RLLPVAHGXHCWKJ-HKUYNNGSSA-N,RLLPVAHGXHCWKJ-HKUYNNGSSA-N,True,"trans-(3-phenoxyphenyl)methyl (1R,3R)-3-(2,2-dichloroethenyl)-2,2-dimethylcyclopropane-1-carboxylate","trans-(3-phenoxyphenyl)methyl (1R,3R)-3-(2,2-dichloroethenyl)-2,2-dimethylcyclopropane-1-carboxylate",True
V_951,43859,RLLPVAHGXHCWKJ-MJGOQNOKSA-N,RLLPVAHGXHCWKJ-MJGOQNOKSA-N,True,"cis-(3-phenoxyphenyl)methyl (1R,3S)-3-(2,2-dichloroethenyl)-2,2-dimethylcyclopropane-1-carboxylate","cis-(3-phenoxyphenyl)methyl (1R,3S)-3-(2,2-dichloroethenyl)-2,2-dimethylcyclopropane-1-carboxylate",True
V_952,17516,DTAPQAJKAFRNJB-UHFFFAOYSA-N,DTAPQAJKAFRNJB-UHFFFAOYSA-N,True,(3-methyl-5-propan-2-ylphenyl) N-methylcarbamate,(3-methyl-5-propan-2-ylphenyl) N-methylcarbamate,True
V_953,32154,PHNUZKMIPFFYSO-UHFFFAOYSA-N,PHNUZKMIPFFYSO-UHFFFAOYSA-N,True,"3,5-dichloro-N-(2-methylbut-3-yn-2-yl)benzamide","3,5-dichloro-N-(2-methylbut-3-yn-2-yl)benzamide",True
V_955,91650,ZLIBICFPKPWGIZ-UHFFFAOYSA-N,ZLIBICFPKPWGIZ-UHFFFAOYSA-N,True,"4,6-dimethyl-N-phenylpyrimidin-2-amine","4,6-dimethyl-N-phenylpyrimidin-2-amine",True
V_956,3391107,WRPIRSINYZBGPK-UHFFFAOYSA-N,WRPIRSINYZBGPK-UHFFFAOYSA-N,True,"5,7-dichloro-4-(4-fluorophenoxy)quinoline","5,7-dichloro-4-(4-fluorophenoxy)quinoline",True
V_957,15967,PNRAZZZISDRWMV-UHFFFAOYSA-N,PNRAZZZISDRWMV-UHFFFAOYSA-N,True,"(2,6-ditert-butyl-4-methylphenyl) N-methylcarbamate","(2,6-ditert-butyl-4-methylphenyl) N-methylcarbamate",True
V_958,5842000,UBCKGWBNUIFUST-BJMVGYQFSA-N,UBCKGWBNUIFUST-BJMVGYQFSA-N,True,"[(E)-2-chloro-1-(2,4,5-trichlorophenyl)ethenyl] dimethyl phosphate","[(E)-2-chloro-1-(2,4,5-trichlorophenyl)ethenyl] dimethyl phosphate",True
V_959,25550,NYOKZHDTNBDPOB-UHFFFAOYSA-N,NYOKZHDTNBDPOB-UHFFFAOYSA-N,True,"(2,3,5-trimethylphenyl) N-methylcarbamate","(2,3,5-trimethylphenyl) N-methylcarbamate",True
V_96,65492,XQZXYNRDCRIARQ-LURJTMIESA-N,XQZXYNRDCRIARQ-LURJTMIESA-N,True,"1-N,3-N-bis(1,3-dihydroxypropan-2-yl)-5-[[(2S)-2-hydroxypropanoyl]amino]-2,4,6-triiodobenzene-1,3-dicarboxamide","1-N,3-N-bis(1,3-dihydroxypropan-2-yl)-5-[[(2S)-2-hydroxypropanoyl]amino]-2,4,6-triiodobenzene-1,3-dicarboxamide",True
V_960,17592,AUQAUAIUNJIIEP-UHFFFAOYSA-N,AUQAUAIUNJIIEP-UHFFFAOYSA-N,True,"(3,4,5-trimethylphenyl) N-methylcarbamate","(3,4,5-trimethylphenyl) N-methylcarbamate",True
V_962,74483,YFSUTJLHUFNCNZ-UHFFFAOYSA-N,YFSUTJLHUFNCNZ-UHFFFAOYSA-N,True,"1,1,2,2,3,3,4,4,5,5,6,6,7,7,8,8,8-heptadecafluorooctane-1-sulfonic acid","1,1,2,2,3,3,4,4,5,5,6,6,7,7,8,8,8-heptadecafluorooctane-1-sulfonic acid",True
V_963,67818,ZWBAMYVPMDSJGQ-UHFFFAOYSA-N,ZWBAMYVPMDSJGQ-UHFFFAOYSA-N,True,"2,2,3,3,4,4,5,5,6,6,7,7,7-tridecafluoroheptanoic acid","2,2,3,3,4,4,5,5,6,6,7,7,7-tridecafluoroheptanoic acid",True
V_964,9554,SNGREZUHAYWORS-UHFFFAOYSA-N,SNGREZUHAYWORS-UHFFFAOYSA-N,True,"2,2,3,3,4,4,5,5,6,6,7,7,8,8,8-pentadecafluorooctanoic acid","2,2,3,3,4,4,5,5,6,6,7,7,8,8,8-pentadecafluorooctanoic acid",True
V_965,67821,UZUFPBIDKMEQEQ-UHFFFAOYSA-N,UZUFPBIDKMEQEQ-UHFFFAOYSA-N,True,"2,2,3,3,4,4,5,5,6,6,7,7,8,8,9,9,9-heptadecafluorononanoic acid","2,2,3,3,4,4,5,5,6,6,7,7,8,8,9,9,9-heptadecafluorononanoic acid",True
V_966,9555,PCIUEQPBYFRTEM-UHFFFAOYSA-N,PCIUEQPBYFRTEM-UHFFFAOYSA-N,True,"2,2,3,3,4,4,5,5,6,6,7,7,8,8,9,9,10,10,10-nonadecafluorodecanoic acid","2,2,3,3,4,4,5,5,6,6,7,7,8,8,9,9,10,10,10-nonadecafluorodecanoic acid",True
V_968,13700,DUIOKRXOKLLURE-UHFFFAOYSA-N,DUIOKRXOKLLURE-UHFFFAOYSA-N,True,2-octylphenol,2-octylphenol,True
V_969,3032831,FDIPWBUDOCPIMH-UHFFFAOYSA-N,FDIPWBUDOCPIMH-UHFFFAOYSA-N,True,2-decylphenol,2-decylphenol,True
V_97,3736,DGAIEPBNLOQYER-UHFFFAOYSA-N,DGAIEPBNLOQYER-UHFFFAOYSA-N,True,"1-N,3-N-bis(2,3-dihydroxypropyl)-2,4,6-triiodo-5-[(2-methoxyacetyl)amino]-3-N-methylbenzene-1,3-dicarboxamide","1-N,3-N-bis(2,3-dihydroxypropyl)-2,4,6-triiodo-5-[(2-methoxyacetyl)amino]-3-N-methylbenzene-1,3-dicarboxamide",True
V_973,6568,BTANRVKWQNVYAZ-UHFFFAOYSA-N,BTANRVKWQNVYAZ-UHFFFAOYSA-N,True,butan-2-ol,butan-2-ol,True
V_974,1031,BDERNNFJNOPAEC-UHFFFAOYSA-N,BDERNNFJNOPAEC-UHFFFAOYSA-N,True,propan-1-ol,propan-1-ol,True
V_975,23938,KDLHZDBZIXYQEI-UHFFFAOYSA-N,KDLHZDBZIXYQEI-UHFFFAOYSA-N,True,palladium,palladium,True
V_976,12338307,POEANWWEPFQEEF-UHFFFAOYSA-N,POEANWWEPFQEEF-UHFFFAOYSA-N,True,"4-chloro-2,5-dimethylaniline","4-chloro-2,5-dimethylaniline",True
V_977,67542,PXUULQAPEKKVAH-UHFFFAOYSA-N,PXUULQAPEKKVAH-UHFFFAOYSA-N,True,"2,2,3,3,4,4,5,5,6,6,6-undecafluorohexanoic acid","2,2,3,3,4,4,5,5,6,6,6-undecafluorohexanoic acid",True
V_978,9777,YPJUNDFVDDCYIH-UHFFFAOYSA-N,YPJUNDFVDDCYIH-UHFFFAOYSA-N,True,"2,2,3,3,4,4,4-heptafluorobutanoic acid","2,2,3,3,4,4,4-heptafluorobutanoic acid",True
V_979,75921,CXZGQIAOTKWCDB-UHFFFAOYSA-N,CXZGQIAOTKWCDB-UHFFFAOYSA-N,True,"2,2,3,3,4,4,5,5,5-nonafluoropentanoic acid","2,2,3,3,4,4,5,5,5-nonafluoropentanoic acid",True
V_98,3825,DKYWVDODHFEZIM-UHFFFAOYSA-N,DKYWVDODHFEZIM-UHFFFAOYSA-N,True,2-(3-benzoylphenyl)propanoic acid,2-(3-benzoylphenyl)propanoic acid,True
V_980,77222,SIDINRCMMRKXGQ-UHFFFAOYSA-N,SIDINRCMMRKXGQ-UHFFFAOYSA-N,True,"2,2,3,3,4,4,5,5,6,6,7,7,8,8,9,9,10,10,11,11,11-henicosafluoroundecanoic acid","2,2,3,3,4,4,5,5,6,6,7,7,8,8,9,9,10,10,11,11,11-henicosafluoroundecanoic acid",True
V_981,67545,CXGONMQFMIYUJR-UHFFFAOYSA-N,CXGONMQFMIYUJR-UHFFFAOYSA-N,True,"2,2,3,3,4,4,5,5,6,6,7,7,8,8,9,9,10,10,11,11,12,12,12-tricosafluorododecanoic acid","2,2,3,3,4,4,5,5,6,6,7,7,8,8,9,9,10,10,11,11,12,12,12-tricosafluorododecanoic acid",True
V_982,67822,RUDINRUXCKIXAJ-UHFFFAOYSA-N,RUDINRUXCKIXAJ-UHFFFAOYSA-N,True,"2,2,3,3,4,4,5,5,6,6,7,7,8,8,9,9,10,10,11,11,12,12,13,13,14,14,14-heptacosafluorotetradecanoic acid","2,2,3,3,4,4,5,5,6,6,7,7,8,8,9,9,10,10,11,11,12,12,13,13,14,14,14-heptacosafluorotetradecanoic acid",True
V_983,67815,JGTNAGYHADQMCM-UHFFFAOYSA-N,JGTNAGYHADQMCM-UHFFFAOYSA-N,True,"1,1,2,2,3,3,4,4,4-nonafluorobutane-1-sulfonic acid","1,1,2,2,3,3,4,4,4-nonafluorobutane-1-sulfonic acid",True
V_984,67734,QZHDEAJFRJCDMF-UHFFFAOYSA-N,QZHDEAJFRJCDMF-UHFFFAOYSA-N,True,"1,1,2,2,3,3,4,4,5,5,6,6,6-tridecafluorohexane-1-sulfonic acid","1,1,2,2,3,3,4,4,5,5,6,6,6-tridecafluorohexane-1-sulfonic acid",True
V_985,69785,RRRXPPIDPYTNJG-UHFFFAOYSA-N,RRRXPPIDPYTNJG-UHFFFAOYSA-N,True,"1,1,2,2,3,3,4,4,5,5,6,6,7,7,8,8,8-heptadecafluorooctane-1-sulfonamide","1,1,2,2,3,3,4,4,5,5,6,6,7,7,8,8,8-heptadecafluorooctane-1-sulfonamide",True
V_986,12512,NUMQCACRALPSHD-UHFFFAOYSA-N,NUMQCACRALPSHD-UHFFFAOYSA-N,True,2-ethoxy-2-methylpropane,2-ethoxy-2-methylpropane,True
V_987,174,LYCAIKOWRPUZTN-UHFFFAOYSA-N,LYCAIKOWRPUZTN-UHFFFAOYSA-N,True,"ethane-1,2-diol","ethane-1,2-diol",True
V_989,2912,KAATUXNTWXVJKI-UHFFFAOYSA-N,KAATUXNTWXVJKI-UHFFFAOYSA-N,True,"[cyano-(3-phenoxyphenyl)methyl] 3-(2,2-dichloroethenyl)-2,2-dimethylcyclopropane-1-carboxylate","[cyano-(3-phenoxyphenyl)methyl] 3-(2,2-dichloroethenyl)-2,2-dimethylcyclopropane-1-carboxylate",True
V_99,4171,IUBSYMUCCVWXPE-UHFFFAOYSA-N,IUBSYMUCCVWXPE-UHFFFAOYSA-N,True,1-[4-(2-methoxyethyl)phenoxy]-3-(propan-2-ylamino)propan-2-ol,1-[4-(2-methoxyethyl)phenoxy]-3-(propan-2-ylamino)propan-2-ol,True
V_990,13263,RQVYBGPQFYCBGX-UHFFFAOYSA-N,RQVYBGPQFYCBGX-UHFFFAOYSA-N,True,"4-N-ethyl-6-methylsulfanyl-2-N-propan-2-yl-1,3,5-triazine-2,4-diamine","4-N-ethyl-6-methylsulfanyl-2-N-propan-2-yl-1,3,5-triazine-2,4-diamine",True
V_991,4928,ISEUFVQQFVOBCY-UHFFFAOYSA-N,ISEUFVQQFVOBCY-UHFFFAOYSA-N,True,"6-methoxy-2-N,4-N-di(propan-2-yl)-1,3,5-triazine-2,4-diamine","6-methoxy-2-N,4-N-di(propan-2-yl)-1,3,5-triazine-2,4-diamine",True
V_992,9298,JHJOOSLFWRRSGU-UHFFFAOYSA-N,JHJOOSLFWRRSGU-UHFFFAOYSA-N,True,"dimethoxy-sulfanylidene-(2,4,5-trichlorophenoxy)-lambda5-phosphane","dimethoxy-sulfanylidene-(2,4,5-trichlorophenoxy)-lambda5-phosphane",True
V_993,36870,FITIWKDOCAUBQD-UHFFFAOYSA-N,FITIWKDOCAUBQD-UHFFFAOYSA-N,True,"(2,4-dichlorophenoxy)-ethoxy-propylsulfanyl-sulfanylidene-lambda5-phosphane","(2,4-dichlorophenoxy)-ethoxy-propylsulfanyl-sulfanylidene-lambda5-phosphane",True
V_995,56841897,SRUWWOSWHXIIIA-UKPGNTDSSA-N,SRUWWOSWHXIIIA-UKPGNTDSSA-N,True,"(5S,8S,11R,12S,15S,18S,19S,22R)-15-[3-(diaminomethylideneamino)propyl]-18-[(1E,3E,5S,6S)-6-hydroxy-3,5-dimethyl-7-phenylhepta-1,3-dienyl]-1,5,12,19,21-pentamethyl-2-methylidene-8-(2-methylpropyl)-3,6,9,13,16,20,25-heptaoxo-1,4,7,10,14,17,21-heptazacyclopentacosane-11,22-dicarboxylic acid","(5S,8S,11R,12S,15S,18S,19S,22R)-15-[3-(diaminomethylideneamino)propyl]-18-[(1E,3E,5S,6S)-6-hydroxy-3,5-dimethyl-7-phenylhepta-1,3-dienyl]-1,5,12,19,21-pentamethyl-2-methylidene-8-(2-methylpropyl)-3,6,9,13,16,20,25-heptaoxo-1,4,7,10,14,17,21-heptazacyclopentacosane-11,22-dicarboxylic acid",True
V_996,16559,ZTMKADLOSYKWCA-UHFFFAOYSA-N,ZTMKADLOSYKWCA-UHFFFAOYSA-N,True,"3-cyclohexyl-1,5,6,7-tetrahydrocyclopenta[d]pyrimidine-2,4-dione","3-cyclohexyl-1,5,6,7-tetrahydrocyclopenta[d]pyrimidine-2,4-dione",True
V_997,9223,IANQTJSKSUMEQM-UHFFFAOYSA-N,IANQTJSKSUMEQM-UHFFFAOYSA-N,True,1-benzofuran,1-benzofuran,True
V_998,568,TXCDCPKCNAJMEE-UHFFFAOYSA-N,TXCDCPKCNAJMEE-UHFFFAOYSA-N,True,dibenzofuran,dibenzofuran,True
V_999,20263,GBGPVUAOTCNZPT-UHFFFAOYSA-N,GBGPVUAOTCNZPT-UHFFFAOYSA-N,True,2-methyl-1-benzofuran,2-methyl-1-benzofuran,True
