subject,predicaat,klasse,tekst,flag_type,detail,suggestie
https://data.omgeving.vlaanderen.be/id/concept/csor/parameter/P_2684,prefLabel,Parameter,Ijzer in regen,gekende_fout,'Ijzer' komt voor als foutieve vorm in opentaal-corrections.tsv,IJzer
https://data.omgeving.vlaanderen.be/id/concept/csor/parameter/P_2682,altLabel,Parameter,Ijzer,gekende_fout,'Ijzer' komt voor als foutieve vorm in opentaal-corrections.tsv,IJzer
https://data.omgeving.vlaanderen.be/id/concept/csor/parameter/P_956,verkorteNotatie,Parameter,"Ijzer, tweewaardig",gekende_fout,'Ijzer' komt voor als foutieve vorm in opentaal-corrections.tsv,IJzer
https://data.omgeving.vlaanderen.be/id/concept/csor/parameter/P_1926,verkorteNotatie,Parameter,Ijzer multi opgelost,gekende_fout,'Ijzer' komt voor als foutieve vorm in opentaal-corrections.tsv,IJzer
https://data.omgeving.vlaanderen.be/id/concept/csor/parameter/P_2687,verkorteNotatie,Parameter,Ijzer,gekende_fout,'Ijzer' komt voor als foutieve vorm in opentaal-corrections.tsv,IJzer
https://data.omgeving.vlaanderen.be/id/concept/csor/parameter/P_2683,verkorteNotatie,Parameter,Ijzer,gekende_fout,'Ijzer' komt voor als foutieve vorm in opentaal-corrections.tsv,IJzer
https://data.omgeving.vlaanderen.be/id/concept/csor/variabele/V_816,prefLabel,Variabele,Caffeïne,gekende_fout,'Caffeïne' komt voor als foutieve vorm in opentaal-corrections.tsv,cafeïne
https://data.omgeving.vlaanderen.be/id/concept/csor/parameter/P_1986,prefLabel,Parameter,Ijzer MUC project totaal in water,gekende_fout,'Ijzer' komt voor als foutieve vorm in opentaal-corrections.tsv,IJzer
https://data.omgeving.vlaanderen.be/id/concept/csor/parameter/P_2683,altLabel,Parameter,Ijzer,gekende_fout,'Ijzer' komt voor als foutieve vorm in opentaal-corrections.tsv,IJzer
https://data.omgeving.vlaanderen.be/id/concept/csor/parameter/P_1259,prefLabel,Parameter,Caffeïne in water,gekende_fout,'Caffeïne' komt voor als foutieve vorm in opentaal-corrections.tsv,cafeïne
https://data.omgeving.vlaanderen.be/id/concept/csor/parameteraspect/PAS_4258,prefLabel,ParameterAspect,Caffeïne (standaard in lucht): massaconcentratie (Nm³),gekende_fout,'Caffeïne' komt voor als foutieve vorm in opentaal-corrections.tsv,cafeïne
https://data.omgeving.vlaanderen.be/id/concept/csor/parameter/P_4004,prefLabel,Parameter,"Ijzer, tweewaardig opgelost in vaste deel van de aarde",gekende_fout,'Ijzer' komt voor als foutieve vorm in opentaal-corrections.tsv,IJzer
https://data.omgeving.vlaanderen.be/id/concept/csor/parameter/P_4004,altLabel,Parameter,"Ijzer, tweewaardig opgelost",gekende_fout,'Ijzer' komt voor als foutieve vorm in opentaal-corrections.tsv,IJzer
https://data.omgeving.vlaanderen.be/id/concept/csor/variabele/V_2175,prefLabel,Variabele,"Ijzer, driewaardig",gekende_fout,'Ijzer' komt voor als foutieve vorm in opentaal-corrections.tsv,IJzer
https://data.omgeving.vlaanderen.be/id/concept/csor/parameter/P_2583,prefLabel,Parameter,Caffeïne in lucht,gekende_fout,'Caffeïne' komt voor als foutieve vorm in opentaal-corrections.tsv,cafeïne
https://data.omgeving.vlaanderen.be/id/concept/csor/parameter/P_1240,verkorteNotatie,Parameter,Ijzer totaal,gekende_fout,'Ijzer' komt voor als foutieve vorm in opentaal-corrections.tsv,IJzer
https://data.omgeving.vlaanderen.be/id/concept/csor/parameter/P_1992,altLabel,Parameter,Ijzer MUCd project opgelost,gekende_fout,'Ijzer' komt voor als foutieve vorm in opentaal-corrections.tsv,IJzer
https://data.omgeving.vlaanderen.be/id/concept/csor/parameter/P_2685,altLabel,Parameter,Ijzer,gekende_fout,'Ijzer' komt voor als foutieve vorm in opentaal-corrections.tsv,IJzer
https://data.omgeving.vlaanderen.be/id/concept/csor/parameter/P_2686,verkorteNotatie,Parameter,Ijzer,gekende_fout,'Ijzer' komt voor als foutieve vorm in opentaal-corrections.tsv,IJzer
https://data.omgeving.vlaanderen.be/id/concept/csor/parameter/P_2583,verkorteNotatie,Parameter,Caffeïne,gekende_fout,'Caffeïne' komt voor als foutieve vorm in opentaal-corrections.tsv,cafeïne
https://data.omgeving.vlaanderen.be/id/concept/csor/parameter/P_433,altLabel,Parameter,Ijzer,gekende_fout,'Ijzer' komt voor als foutieve vorm in opentaal-corrections.tsv,IJzer
https://data.omgeving.vlaanderen.be/id/concept/csor/parameter/P_2685,prefLabel,Parameter,Ijzer in PM10,gekende_fout,'Ijzer' komt voor als foutieve vorm in opentaal-corrections.tsv,IJzer
https://data.omgeving.vlaanderen.be/id/concept/csor/variabele/V_624,prefLabel,Variabele,"Ijzer, tweewaardig",gekende_fout,'Ijzer' komt voor als foutieve vorm in opentaal-corrections.tsv,IJzer
https://data.omgeving.vlaanderen.be/id/concept/csor/parameter/P_1241,verkorteNotatie,Parameter,Ijzer totaal,gekende_fout,'Ijzer' komt voor als foutieve vorm in opentaal-corrections.tsv,IJzer
https://data.omgeving.vlaanderen.be/id/concept/csor/parameter/P_4005,altLabel,Parameter,"Ijzer, tweewaardig opgelost",gekende_fout,'Ijzer' komt voor als foutieve vorm in opentaal-corrections.tsv,IJzer
https://data.omgeving.vlaanderen.be/id/concept/csor/parameter/P_1987,verkorteNotatie,Parameter,Ijzer MUC project opgelost,gekende_fout,'Ijzer' komt voor als foutieve vorm in opentaal-corrections.tsv,IJzer
https://data.omgeving.vlaanderen.be/id/concept/csor/parameter/P_434,prefLabel,Parameter,Ijzer opgelost in water,gekende_fout,'Ijzer' komt voor als foutieve vorm in opentaal-corrections.tsv,IJzer
https://data.omgeving.vlaanderen.be/id/concept/csor/parameter/P_956,altLabel,Parameter,"Ijzer, tweewaardig",gekende_fout,'Ijzer' komt voor als foutieve vorm in opentaal-corrections.tsv,IJzer
https://data.omgeving.vlaanderen.be/id/concept/csor/parameter/P_1991,verkorteNotatie,Parameter,Ijzer MUCd project totaal,gekende_fout,'Ijzer' komt voor als foutieve vorm in opentaal-corrections.tsv,IJzer
https://data.omgeving.vlaanderen.be/id/concept/csor/parameter/P_1926,altLabel,Parameter,Ijzer multi opgelost,gekende_fout,'Ijzer' komt voor als foutieve vorm in opentaal-corrections.tsv,IJzer
https://data.omgeving.vlaanderen.be/id/concept/csor/parameter/P_4006,prefLabel,Parameter,"Ijzer, driewaardig opgelost in water",gekende_fout,'Ijzer' komt voor als foutieve vorm in opentaal-corrections.tsv,IJzer
https://data.omgeving.vlaanderen.be/id/concept/csor/parameter/P_2687,altLabel,Parameter,Ijzer,gekende_fout,'Ijzer' komt voor als foutieve vorm in opentaal-corrections.tsv,IJzer
https://data.omgeving.vlaanderen.be/id/concept/csor/parameter/P_433,prefLabel,Parameter,Ijzer in water,gekende_fout,'Ijzer' komt voor als foutieve vorm in opentaal-corrections.tsv,IJzer
https://data.omgeving.vlaanderen.be/id/concept/csor/parameter/P_1991,altLabel,Parameter,Ijzer MUCd project totaal,gekende_fout,'Ijzer' komt voor als foutieve vorm in opentaal-corrections.tsv,IJzer
https://data.omgeving.vlaanderen.be/id/concept/csor/parameter/P_2687,prefLabel,Parameter,Ijzer in wet-only depositie (prec),gekende_fout,'Ijzer' komt voor als foutieve vorm in opentaal-corrections.tsv,IJzer
https://data.omgeving.vlaanderen.be/id/concept/csor/parameter/P_1986,verkorteNotatie,Parameter,Ijzer MUC project totaal,gekende_fout,'Ijzer' komt voor als foutieve vorm in opentaal-corrections.tsv,IJzer
https://data.omgeving.vlaanderen.be/id/concept/csor/parameter/P_4003,verkorteNotatie,Parameter,Ijzer,gekende_fout,'Ijzer' komt voor als foutieve vorm in opentaal-corrections.tsv,IJzer
https://data.omgeving.vlaanderen.be/id/concept/csor/parameter/P_1240,altLabel,Parameter,Ijzer totaal,gekende_fout,'Ijzer' komt voor als foutieve vorm in opentaal-corrections.tsv,IJzer
https://data.omgeving.vlaanderen.be/id/concept/csor/parameter/P_2686,altLabel,Parameter,Ijzer,gekende_fout,'Ijzer' komt voor als foutieve vorm in opentaal-corrections.tsv,IJzer
https://data.omgeving.vlaanderen.be/id/concept/csor/parameter/P_2583,altLabel,Parameter,Caffeïne,gekende_fout,'Caffeïne' komt voor als foutieve vorm in opentaal-corrections.tsv,cafeïne
https://data.omgeving.vlaanderen.be/id/concept/csor/parameter/P_434,verkorteNotatie,Parameter,Ijzer opgelost,gekende_fout,'Ijzer' komt voor als foutieve vorm in opentaal-corrections.tsv,IJzer
https://data.omgeving.vlaanderen.be/id/concept/csor/variabele/V_337,prefLabel,Variabele,Ijzer,gekende_fout,'Ijzer' komt voor als foutieve vorm in opentaal-corrections.tsv,IJzer
https://data.omgeving.vlaanderen.be/id/concept/csor/parameter/P_1992,prefLabel,Parameter,Ijzer MUCd project opgelost in water,gekende_fout,'Ijzer' komt voor als foutieve vorm in opentaal-corrections.tsv,IJzer
https://data.omgeving.vlaanderen.be/id/concept/csor/parameter/P_4005,verkorteNotatie,Parameter,"Ijzer, tweewaardig opgelost",gekende_fout,'Ijzer' komt voor als foutieve vorm in opentaal-corrections.tsv,IJzer
https://data.omgeving.vlaanderen.be/id/concept/csor/parameter/P_1259,verkorteNotatie,Parameter,Caffeïne,gekende_fout,'Caffeïne' komt voor als foutieve vorm in opentaal-corrections.tsv,cafeïne
https://data.omgeving.vlaanderen.be/id/concept/csor/parameter/P_1241,altLabel,Parameter,Ijzer totaal,gekende_fout,'Ijzer' komt voor als foutieve vorm in opentaal-corrections.tsv,IJzer
https://data.omgeving.vlaanderen.be/id/concept/csor/parameter/P_956,prefLabel,Parameter,"Ijzer, tweewaardig in water",gekende_fout,'Ijzer' komt voor als foutieve vorm in opentaal-corrections.tsv,IJzer
https://data.omgeving.vlaanderen.be/id/concept/csor/parameter/P_4006,altLabel,Parameter,"Ijzer, driewaardig opgelost",gekende_fout,'Ijzer' komt voor als foutieve vorm in opentaal-corrections.tsv,IJzer
https://data.omgeving.vlaanderen.be/id/concept/csor/parameter/P_1987,altLabel,Parameter,Ijzer MUC project opgelost,gekende_fout,'Ijzer' komt voor als foutieve vorm in opentaal-corrections.tsv,IJzer
https://data.omgeving.vlaanderen.be/id/concept/csor/parameter/P_1987,prefLabel,Parameter,Ijzer MUC project opgelost in water,gekende_fout,'Ijzer' komt voor als foutieve vorm in opentaal-corrections.tsv,IJzer
https://data.omgeving.vlaanderen.be/id/concept/csor/parameter/P_1859,prefLabel,Parameter,Ijzer multi totaal in water,gekende_fout,'Ijzer' komt voor als foutieve vorm in opentaal-corrections.tsv,IJzer
https://data.omgeving.vlaanderen.be/id/concept/csor/parameter/P_2682,prefLabel,Parameter,Ijzer in lucht,gekende_fout,'Ijzer' komt voor als foutieve vorm in opentaal-corrections.tsv,IJzer
https://data.omgeving.vlaanderen.be/id/concept/csor/parameter/P_2684,verkorteNotatie,Parameter,Ijzer,gekende_fout,'Ijzer' komt voor als foutieve vorm in opentaal-corrections.tsv,IJzer
https://data.omgeving.vlaanderen.be/id/concept/csor/parameteraspect/PAS_4257,prefLabel,ParameterAspect,Caffeïne (standaard in lucht): vracht per tijd,gekende_fout,'Caffeïne' komt voor als foutieve vorm in opentaal-corrections.tsv,cafeïne
https://data.omgeving.vlaanderen.be/id/concept/csor/parameter/P_4003,prefLabel,Parameter,Ijzer in vaste deel van de aarde,gekende_fout,'Ijzer' komt voor als foutieve vorm in opentaal-corrections.tsv,IJzer
https://data.omgeving.vlaanderen.be/id/concept/csor/parameter/P_2684,altLabel,Parameter,Ijzer,gekende_fout,'Ijzer' komt voor als foutieve vorm in opentaal-corrections.tsv,IJzer
https://data.omgeving.vlaanderen.be/id/concept/csor/parameter/P_1986,altLabel,Parameter,Ijzer MUC project totaal,gekende_fout,'Ijzer' komt voor als foutieve vorm in opentaal-corrections.tsv,IJzer
https://data.omgeving.vlaanderen.be/id/concept/csor/parameter/P_4003,altLabel,Parameter,Ijzer,gekende_fout,'Ijzer' komt voor als foutieve vorm in opentaal-corrections.tsv,IJzer
https://data.omgeving.vlaanderen.be/id/concept/csor/parameter/P_1240,prefLabel,Parameter,Ijzer totaal in water,gekende_fout,'Ijzer' komt voor als foutieve vorm in opentaal-corrections.tsv,IJzer
https://data.omgeving.vlaanderen.be/id/concept/csor/parameter/P_434,altLabel,Parameter,Ijzer opgelost,gekende_fout,'Ijzer' komt voor als foutieve vorm in opentaal-corrections.tsv,IJzer
https://data.omgeving.vlaanderen.be/id/concept/csor/parameter/P_1859,verkorteNotatie,Parameter,Ijzer multi totaal,gekende_fout,'Ijzer' komt voor als foutieve vorm in opentaal-corrections.tsv,IJzer
https://data.omgeving.vlaanderen.be/id/concept/csor/parameter/P_4004,verkorteNotatie,Parameter,"Ijzer, tweewaardig opgelost",gekende_fout,'Ijzer' komt voor als foutieve vorm in opentaal-corrections.tsv,IJzer
https://data.omgeving.vlaanderen.be/id/concept/csor/parameter/P_1259,altLabel,Parameter,Caffeïne,gekende_fout,'Caffeïne' komt voor als foutieve vorm in opentaal-corrections.tsv,cafeïne
https://data.omgeving.vlaanderen.be/id/concept/csor/parameter/P_1241,prefLabel,Parameter,Ijzer totaal in vaste deel van de aarde,gekende_fout,'Ijzer' komt voor als foutieve vorm in opentaal-corrections.tsv,IJzer
https://data.omgeving.vlaanderen.be/id/concept/csor/parameter/P_1991,prefLabel,Parameter,Ijzer MUCd project totaal in water,gekende_fout,'Ijzer' komt voor als foutieve vorm in opentaal-corrections.tsv,IJzer
https://data.omgeving.vlaanderen.be/id/concept/csor/parameter/P_2686,prefLabel,Parameter,Ijzer in PM2.5,gekende_fout,'Ijzer' komt voor als foutieve vorm in opentaal-corrections.tsv,IJzer
https://data.omgeving.vlaanderen.be/id/concept/csor/parameter/P_4005,prefLabel,Parameter,"Ijzer, tweewaardig opgelost in water",gekende_fout,'Ijzer' komt voor als foutieve vorm in opentaal-corrections.tsv,IJzer
https://data.omgeving.vlaanderen.be/id/concept/csor/parameter/P_4006,verkorteNotatie,Parameter,"Ijzer, driewaardig opgelost",gekende_fout,'Ijzer' komt voor als foutieve vorm in opentaal-corrections.tsv,IJzer
https://data.omgeving.vlaanderen.be/id/concept/csor/parameter/P_1859,altLabel,Parameter,Ijzer multi totaal,gekende_fout,'Ijzer' komt voor als foutieve vorm in opentaal-corrections.tsv,IJzer
https://data.omgeving.vlaanderen.be/id/concept/csor/parameter/P_2683,prefLabel,Parameter,Ijzer in bulk depositie (precip),gekende_fout,'Ijzer' komt voor als foutieve vorm in opentaal-corrections.tsv,IJzer
https://data.omgeving.vlaanderen.be/id/concept/csor/parameter/P_1992,verkorteNotatie,Parameter,Ijzer MUCd project opgelost,gekende_fout,'Ijzer' komt voor als foutieve vorm in opentaal-corrections.tsv,IJzer
https://data.omgeving.vlaanderen.be/id/concept/csor/parameter/P_2685,verkorteNotatie,Parameter,Ijzer,gekende_fout,'Ijzer' komt voor als foutieve vorm in opentaal-corrections.tsv,IJzer
https://data.omgeving.vlaanderen.be/id/concept/csor/parameteraspect/PAS_2215,prefLabel,ParameterAspect,Caffeïne (standaard in water): massaconcentratie,gekende_fout,'Caffeïne' komt voor als foutieve vorm in opentaal-corrections.tsv,cafeïne
https://data.omgeving.vlaanderen.be/id/concept/csor/parameter/P_433,verkorteNotatie,Parameter,Ijzer,gekende_fout,'Ijzer' komt voor als foutieve vorm in opentaal-corrections.tsv,IJzer
https://data.omgeving.vlaanderen.be/id/concept/csor/parameter/P_2682,verkorteNotatie,Parameter,Ijzer,gekende_fout,'Ijzer' komt voor als foutieve vorm in opentaal-corrections.tsv,IJzer
https://data.omgeving.vlaanderen.be/id/concept/csor/parameter/P_1926,prefLabel,Parameter,Ijzer multi opgelost in water,gekende_fout,'Ijzer' komt voor als foutieve vorm in opentaal-corrections.tsv,IJzer
https://data.omgeving.vlaanderen.be/id/concept/csor/parameter/P_842,altLabel,Parameter,Trichloorfon,near_duplicate_labelwoord,'trichloorfon' lijkt op vaker voorkomend 'trichloorfenol',
https://data.omgeving.vlaanderen.be/id/concept/csor/parameter/P_841,altLabel,Parameter,Trichloorfon,near_duplicate_labelwoord,'trichloorfon' lijkt op vaker voorkomend 'trichloorfenol',
https://data.omgeving.vlaanderen.be/id/concept/csor/parameter/P_4431,altLabel,Parameter,Polychloordibenzofuranen (PCDF),near_duplicate_labelwoord,'polychloordibenzofuranen' lijkt op vaker voorkomend 'octachloordibenzofuraan',
https://data.omgeving.vlaanderen.be/id/concept/csor/parameter/P_1688,altLabel,Parameter,Alkanen en Alkenen,near_duplicate_labelwoord,'alkenen' lijkt op vaker voorkomend 'alkanen',
https://data.omgeving.vlaanderen.be/id/concept/csor/parameter/P_2629,altLabel,Parameter,Dichloordifluormethaan (CFK12),near_duplicate_labelwoord,'dichloordifluormethaan' lijkt op vaker voorkomend 'dichloormethaan',
https://data.omgeving.vlaanderen.be/id/concept/csor/parameter/P_796,altLabel,Parameter,Dichloordifluormethaan (CFK12),near_duplicate_labelwoord,'dichloordifluormethaan' lijkt op vaker voorkomend 'dichloormethaan',
https://data.omgeving.vlaanderen.be/id/concept/csor/parameter/P_2030,altLabel,Parameter,Danio rerio 96h na Zahn Wellens,near_duplicate_labelwoord,'danio' lijkt op vaker voorkomend 'dan',
https://data.omgeving.vlaanderen.be/id/concept/csor/parameter/P_1779,altLabel,Parameter,Danio rerio 96h,near_duplicate_labelwoord,'danio' lijkt op vaker voorkomend 'dan',
https://data.omgeving.vlaanderen.be/id/concept/csor/parameter/P_2093,altLabel,Parameter,Monomethyl Arseenzuur,near_duplicate_labelwoord,'monomethyl' lijkt op vaker voorkomend 'methyl',
https://data.omgeving.vlaanderen.be/id/concept/csor/parameter/P_1711,altLabel,Parameter,Som v totale Organofosfor en organohalogeenverbind,near_duplicate_labelwoord,'organohalogeenverbind' lijkt op vaker voorkomend 'organohalogenen',
https://data.omgeving.vlaanderen.be/id/concept/csor/parameter/P_3847,altLabel,Parameter,dichloorazijnzuur,near_duplicate_labelwoord,'dichloorazijnzuur' lijkt op vaker voorkomend 'trifluorazijnzuur',
https://data.omgeving.vlaanderen.be/id/concept/csor/parameter/P_4706,altLabel,Parameter,Triallaat,near_duplicate_labelwoord,'triallaat' lijkt op vaker voorkomend 'ftalaat',
https://data.omgeving.vlaanderen.be/id/concept/csor/parameter/P_999,altLabel,Parameter,Triallaat,near_duplicate_labelwoord,'triallaat' lijkt op vaker voorkomend 'ftalaat',
https://data.omgeving.vlaanderen.be/id/concept/csor/parameter/P_1543,altLabel,Parameter,Octylfenolpolyethoxylaat,near_duplicate_labelwoord,'octylfenolpolyethoxylaat' lijkt op vaker voorkomend 'alkylfenolethoxylaat',
https://data.omgeving.vlaanderen.be/id/concept/csor/parameter/P_4841,altLabel,Parameter,n-Butylacrylaat,near_duplicate_labelwoord,'butylacrylaat' lijkt op vaker voorkomend 'butylftalaat',
https://data.omgeving.vlaanderen.be/id/concept/csor/parameter/P_215,altLabel,Parameter,n-Butylacrylaat,near_duplicate_labelwoord,'butylacrylaat' lijkt op vaker voorkomend 'butylftalaat',
https://data.omgeving.vlaanderen.be/id/concept/csor/parameter/P_4673,altLabel,Parameter,Texanolbenzylftalaat,near_duplicate_labelwoord,'texanolbenzylftalaat' lijkt op vaker voorkomend 'butylbenzylftalaat',
https://data.omgeving.vlaanderen.be/id/concept/csor/parameter/P_1997,altLabel,Parameter,trans-Nonachloor,near_duplicate_labelwoord,'nonachloor' lijkt op vaker voorkomend 'chloor',
https://data.omgeving.vlaanderen.be/id/concept/csor/parameter/P_1998,altLabel,Parameter,cis-Nonachloor,near_duplicate_labelwoord,'nonachloor' lijkt op vaker voorkomend 'chloor',
https://data.omgeving.vlaanderen.be/id/concept/csor/parameter/P_2635,altLabel,Parameter,Dimethylamine,near_duplicate_labelwoord,'dimethylamine' lijkt op vaker voorkomend 'methylaniline',
https://data.omgeving.vlaanderen.be/id/concept/csor/parameter/P_979,altLabel,Parameter,Dimethylamine,near_duplicate_labelwoord,'dimethylamine' lijkt op vaker voorkomend 'methylaniline',
https://data.omgeving.vlaanderen.be/id/concept/csor/parameter/P_4065,altLabel,Parameter,Hexadecaanzuur,near_duplicate_labelwoord,'hexadecaanzuur' lijkt op vaker voorkomend 'perfluorhexadecaanzuur',
https://data.omgeving.vlaanderen.be/id/concept/csor/parameter/P_4066,altLabel,Parameter,Hexadecaanzuur,near_duplicate_labelwoord,'hexadecaanzuur' lijkt op vaker voorkomend 'perfluorhexadecaanzuur',
https://data.omgeving.vlaanderen.be/id/concept/csor/parameter/P_4424,altLabel,Parameter,Polychloorbifenylen (som VROM),near_duplicate_labelwoord,'polychloorbifenylen' lijkt op vaker voorkomend 'polychloorbifenyl',
https://data.omgeving.vlaanderen.be/id/concept/csor/parameter/P_4423,altLabel,Parameter,Polychloorbifenylen (som VROM),near_duplicate_labelwoord,'polychloorbifenylen' lijkt op vaker voorkomend 'polychloorbifenyl',
https://data.omgeving.vlaanderen.be/id/concept/csor/parameter/P_601,altLabel,Parameter,"Triazines, totaal",near_duplicate_labelwoord,'triazines' lijkt op vaker voorkomend 'atrazine',
https://data.omgeving.vlaanderen.be/id/concept/csor/parameter/P_602,altLabel,Parameter,"Triazines, totaal",near_duplicate_labelwoord,'triazines' lijkt op vaker voorkomend 'atrazine',
https://data.omgeving.vlaanderen.be/id/concept/csor/parameter/P_311,altLabel,Parameter,"Chloorresten, vrij",near_duplicate_labelwoord,'chloorresten' lijkt op vaker voorkomend 'dichlooretheen',
https://data.omgeving.vlaanderen.be/id/concept/csor/parameter/P_1924,altLabel,Parameter,Erbium multi opgelost,near_duplicate_labelwoord,'erbium' lijkt op vaker voorkomend 'cerium',
https://data.omgeving.vlaanderen.be/id/concept/csor/parameter/P_1857,altLabel,Parameter,Erbium multi totaal,near_duplicate_labelwoord,'erbium' lijkt op vaker voorkomend 'cerium',
https://data.omgeving.vlaanderen.be/id/concept/csor/parameter/P_727,altLabel,Parameter,"1-Chloor-2,4-dinitrobenzeen",near_duplicate_labelwoord,'dinitrobenzeen' lijkt op vaker voorkomend 'nitrobenzeen',
https://data.omgeving.vlaanderen.be/id/concept/csor/parameter/P_1687,altLabel,Parameter,"Som (matig-)vluchtige halog.verb., PCB en OCl-pest",near_duplicate_labelwoord,'verb' lijkt op vaker voorkomend 'ver',
https://data.omgeving.vlaanderen.be/id/concept/csor/parameter/P_2315,altLabel,Parameter,perfluorbutaansulfonamidoazijnzuur (FBSAA),near_duplicate_labelwoord,'perfluorbutaansulfonamidoazijnzuur' lijkt op vaker voorkomend 'perfluoroctaansulfonamidoazijnzuur',
https://data.omgeving.vlaanderen.be/id/concept/csor/parameter/P_2315,altLabel,Parameter,perfluorbutaansulfonamidoazijnzuur (FBSAA),near_duplicate_labelwoord,'fbsaa' lijkt op vaker voorkomend 'pfbsa',
https://data.omgeving.vlaanderen.be/id/concept/csor/parameter/P_3375,altLabel,Parameter,2-Chloor-5-methyaniline,near_duplicate_labelwoord,'methyaniline' lijkt op vaker voorkomend 'methylaniline',
https://data.omgeving.vlaanderen.be/id/concept/csor/parameter/P_3376,altLabel,Parameter,2-Chloor-6-methyaniline,near_duplicate_labelwoord,'methyaniline' lijkt op vaker voorkomend 'methylaniline',
https://data.omgeving.vlaanderen.be/id/concept/csor/parameter/P_1370,altLabel,Parameter,Chloordecon,near_duplicate_labelwoord,'chloordecon' lijkt op vaker voorkomend 'chloordaan',
https://data.omgeving.vlaanderen.be/id/concept/csor/parameter/P_2593,altLabel,Parameter,Chloordecon,near_duplicate_labelwoord,'chloordecon' lijkt op vaker voorkomend 'chloordaan',
https://data.omgeving.vlaanderen.be/id/concept/csor/parameter/P_1277,altLabel,Parameter,"Dichlooranilines, totaal",near_duplicate_labelwoord,'dichlooranilines' lijkt op vaker voorkomend 'dichlooraniline',
https://data.omgeving.vlaanderen.be/id/concept/csor/parameter/P_4846,altLabel,Parameter,n-Pentanol,near_duplicate_labelwoord,'pentanol' lijkt op vaker voorkomend 'ethanol',
https://data.omgeving.vlaanderen.be/id/concept/csor/parameter/P_4847,altLabel,Parameter,n-Pentanol,near_duplicate_labelwoord,'pentanol' lijkt op vaker voorkomend 'ethanol',
https://data.omgeving.vlaanderen.be/id/concept/csor/parameter/P_1172,altLabel,Parameter,"1,1,2-Trichloortrifluorethaan",near_duplicate_labelwoord,'trichloortrifluorethaan' lijkt op vaker voorkomend 'trichloorethaan',
https://data.omgeving.vlaanderen.be/id/concept/csor/parameter/P_3226,altLabel,Parameter,"1,1,2-Trichloortrifluorethaan",near_duplicate_labelwoord,'trichloortrifluorethaan' lijkt op vaker voorkomend 'trichloorethaan',
https://data.omgeving.vlaanderen.be/id/concept/csor/parameter/P_1900,altLabel,Parameter,Thulium multi totaal,near_duplicate_labelwoord,'thulium' lijkt op vaker voorkomend 'thallium',
https://data.omgeving.vlaanderen.be/id/concept/csor/parameter/P_1967,altLabel,Parameter,Thulium multi opgelost,near_duplicate_labelwoord,'thulium' lijkt op vaker voorkomend 'thallium',
https://data.omgeving.vlaanderen.be/id/concept/csor/parameter/P_1431,altLabel,Parameter,Dichlobenil,near_duplicate_labelwoord,'dichlobenil' lijkt op vaker voorkomend 'dichloorfenol',
https://data.omgeving.vlaanderen.be/id/concept/csor/parameter/P_3846,altLabel,Parameter,Dichlobenil,near_duplicate_labelwoord,'dichlobenil' lijkt op vaker voorkomend 'dichloorfenol',
https://data.omgeving.vlaanderen.be/id/concept/csor/parameter/P_4067,altLabel,Parameter,Hexachloordibenzodioxine (totaal),near_duplicate_labelwoord,'hexachloordibenzodioxine' lijkt op vaker voorkomend 'hexachloordibenzo',
https://data.omgeving.vlaanderen.be/id/concept/csor/parameter/P_4063,altLabel,Parameter,Heptachloordibenzodioxine (totaal),near_duplicate_labelwoord,'heptachloordibenzodioxine' lijkt op vaker voorkomend 'heptachloordibenzo',
https://data.omgeving.vlaanderen.be/id/concept/csor/parameter/P_3711,altLabel,Parameter,Chlooranilinen,near_duplicate_labelwoord,'chlooranilinen' lijkt op vaker voorkomend 'chlooraniline',
https://data.omgeving.vlaanderen.be/id/concept/csor/parameter/P_3710,altLabel,Parameter,Chlooranilinen,near_duplicate_labelwoord,'chlooranilinen' lijkt op vaker voorkomend 'chlooraniline',
https://data.omgeving.vlaanderen.be/id/concept/csor/parameter/P_1686,altLabel,Parameter,"Chlooranilines, individueel",near_duplicate_labelwoord,'chlooranilines' lijkt op vaker voorkomend 'chlooraniline',
https://data.omgeving.vlaanderen.be/id/concept/csor/parameter/P_3,altLabel,Parameter,Chlooranilines,near_duplicate_labelwoord,'chlooranilines' lijkt op vaker voorkomend 'chlooraniline',
https://data.omgeving.vlaanderen.be/id/concept/csor/parameter/P_2007,altLabel,Parameter,C14-17 chlooralkanen,near_duplicate_labelwoord,'chlooralkanen' lijkt op vaker voorkomend 'chloordaan',
https://data.omgeving.vlaanderen.be/id/concept/csor/parameter/P_1894,altLabel,Parameter,Tantaal multi totaal,near_duplicate_labelwoord,'tantaal' lijkt op vaker voorkomend 'totaal',
https://data.omgeving.vlaanderen.be/id/concept/csor/parameter/P_1961,altLabel,Parameter,Tantaal multi opgelost,near_duplicate_labelwoord,'tantaal' lijkt op vaker voorkomend 'totaal',
https://data.omgeving.vlaanderen.be/id/concept/csor/parameter/P_908,altLabel,Parameter,"2,2'-Dichloorbenzidine",near_duplicate_labelwoord,'dichloorbenzidine' lijkt op vaker voorkomend 'dichloorbenzeen',
https://data.omgeving.vlaanderen.be/id/concept/csor/parameter/P_961,altLabel,Parameter,"3,3'-Dichloorbenzidine",near_duplicate_labelwoord,'dichloorbenzidine' lijkt op vaker voorkomend 'dichloorbenzeen',
https://data.omgeving.vlaanderen.be/id/concept/csor/parameter/P_692,altLabel,Parameter,4-tert-Pentylfenol,near_duplicate_labelwoord,'pentylfenol' lijkt op vaker voorkomend 'ethylfenol',
https://data.omgeving.vlaanderen.be/id/concept/csor/parameter/P_689,altLabel,Parameter,4-n-Pentylfenol,near_duplicate_labelwoord,'pentylfenol' lijkt op vaker voorkomend 'ethylfenol',
https://data.omgeving.vlaanderen.be/id/concept/csor/parameter/P_960,altLabel,Parameter,"2,4,6-Trichloor-1,3,5-triazine",near_duplicate_labelwoord,'trichloor' lijkt op vaker voorkomend 'chloor',
https://data.omgeving.vlaanderen.be/id/concept/csor/parameter/P_960,altLabel,Parameter,"2,4,6-Trichloor-1,3,5-triazine",near_duplicate_labelwoord,'triazine' lijkt op vaker voorkomend 'atrazine',
https://data.omgeving.vlaanderen.be/id/concept/csor/parameter/P_1757,altLabel,Parameter,"1,3,5-triazine-2,4,6-triamine",near_duplicate_labelwoord,'triazine' lijkt op vaker voorkomend 'atrazine',
https://data.omgeving.vlaanderen.be/id/concept/csor/parameter/P_5,altLabel,Parameter,Chloornitrobenzenen,near_duplicate_labelwoord,'chloornitrobenzenen' lijkt op vaker voorkomend 'dichloornitrobenzeen',
https://data.omgeving.vlaanderen.be/id/concept/csor/parameter/P_1860,altLabel,Parameter,Gallium multi totaal,near_duplicate_labelwoord,'gallium' lijkt op vaker voorkomend 'thallium',
https://data.omgeving.vlaanderen.be/id/concept/csor/parameter/P_1927,altLabel,Parameter,Gallium multi opgelost,near_duplicate_labelwoord,'gallium' lijkt op vaker voorkomend 'thallium',
https://data.omgeving.vlaanderen.be/id/concept/csor/parameter/P_1590,altLabel,Parameter,Fluorverbindingen,near_duplicate_labelwoord,'fluorverbindingen' lijkt op vaker voorkomend 'verbindingen',
https://data.omgeving.vlaanderen.be/id/concept/csor/parameter/P_2680,altLabel,Parameter,Fluorverbindingen,near_duplicate_labelwoord,'fluorverbindingen' lijkt op vaker voorkomend 'verbindingen',
https://data.omgeving.vlaanderen.be/id/concept/csor/parameter/P_4629,altLabel,Parameter,Trichloorethanen (som),near_duplicate_labelwoord,'trichloorethanen' lijkt op vaker voorkomend 'trichlooretheen',
https://data.omgeving.vlaanderen.be/id/concept/csor/parameter/P_4628,altLabel,Parameter,Trichloorethanen (som),near_duplicate_labelwoord,'trichloorethanen' lijkt op vaker voorkomend 'trichlooretheen',
https://data.omgeving.vlaanderen.be/id/concept/csor/parameter/P_2433,altLabel,Parameter,2-Nitrofluoreen,near_duplicate_labelwoord,'nitrofluoreen' lijkt op vaker voorkomend 'fluoreen',
https://data.omgeving.vlaanderen.be/id/concept/csor/parameter/P_2099,altLabel,Parameter,"Ammonium-4,8-dioxa-3H-perfluornonanoaat (ADONA)",near_duplicate_labelwoord,'adona' lijkt op vaker voorkomend 'dona',
https://data.omgeving.vlaanderen.be/id/concept/csor/parameter/P_2100,altLabel,Parameter,"Ammonium-4,8-dioxa-3H-perfluornonanoaat (ADONA)",near_duplicate_labelwoord,'adona' lijkt op vaker voorkomend 'dona',
https://data.omgeving.vlaanderen.be/id/concept/csor/parameter/P_4627,altLabel,Parameter,Tetrachloorethanen (som),near_duplicate_labelwoord,'tetrachloorethanen' lijkt op vaker voorkomend 'tetrachlooretheen',
https://data.omgeving.vlaanderen.be/id/concept/csor/parameter/P_4626,altLabel,Parameter,Tetrachloorethanen (som),near_duplicate_labelwoord,'tetrachloorethanen' lijkt op vaker voorkomend 'tetrachlooretheen',
https://data.omgeving.vlaanderen.be/id/concept/csor/parameter/P_1895,altLabel,Parameter,Terbium multi totaal,near_duplicate_labelwoord,'terbium' lijkt op vaker voorkomend 'cerium',
https://data.omgeving.vlaanderen.be/id/concept/csor/parameter/P_1962,altLabel,Parameter,Terbium multi opgelost,near_duplicate_labelwoord,'terbium' lijkt op vaker voorkomend 'cerium',
https://data.omgeving.vlaanderen.be/id/concept/csor/parameter/P_4634,altLabel,Parameter,Trichloorbroommethaan,near_duplicate_labelwoord,'trichloorbroommethaan' lijkt op vaker voorkomend 'trichloormethaan',
https://data.omgeving.vlaanderen.be/id/concept/csor/parameter/P_4623,altLabel,Parameter,Tetrachloordibenzodioxine (totaal),near_duplicate_labelwoord,'tetrachloordibenzodioxine' lijkt op vaker voorkomend 'tetrachloordibenzo',
https://data.omgeving.vlaanderen.be/id/concept/csor/parameter/P_660,altLabel,Parameter,Pseudo-nitzschia spp.,near_duplicate_labelwoord,'spp' lijkt op vaker voorkomend 'pp',
https://data.omgeving.vlaanderen.be/id/concept/csor/parameter/P_657,altLabel,Parameter,Alexandrium spp.,near_duplicate_labelwoord,'spp' lijkt op vaker voorkomend 'pp',
https://data.omgeving.vlaanderen.be/id/concept/csor/parameter/P_3433,altLabel,Parameter,"4,4’-methylenebis(2-chloroaniline)",near_duplicate_labelwoord,'chloroaniline' lijkt op vaker voorkomend 'chlooraniline',
https://data.omgeving.vlaanderen.be/id/concept/csor/parameter/P_3835,altLabel,Parameter,Dichloorfluormethaan,near_duplicate_labelwoord,'dichloorfluormethaan' lijkt op vaker voorkomend 'dichloormethaan',
https://data.omgeving.vlaanderen.be/id/concept/csor/parameter/P_3836,altLabel,Parameter,Dichloorfluormethaan,near_duplicate_labelwoord,'dichloorfluormethaan' lijkt op vaker voorkomend 'dichloormethaan',
https://data.omgeving.vlaanderen.be/id/concept/csor/parameter/P_2189,altLabel,Parameter,Chloortoluron pesticiden sampler,near_duplicate_labelwoord,'chloortoluron' lijkt op vaker voorkomend 'chloortolueen',
https://data.omgeving.vlaanderen.be/id/concept/csor/parameter/P_591,altLabel,Parameter,Chloortoluron,near_duplicate_labelwoord,'chloortoluron' lijkt op vaker voorkomend 'chloortolueen',
https://data.omgeving.vlaanderen.be/id/concept/csor/parameter/P_2432,altLabel,Parameter,2-Nitrofluorantheen,near_duplicate_labelwoord,'nitrofluorantheen' lijkt op vaker voorkomend 'fluorantheen',
https://data.omgeving.vlaanderen.be/id/concept/csor/parameter/P_2441,altLabel,Parameter,3-Nitrofluorantheen,near_duplicate_labelwoord,'nitrofluorantheen' lijkt op vaker voorkomend 'fluorantheen',
https://data.omgeving.vlaanderen.be/id/concept/csor/parameter/P_216,altLabel,Parameter,n-Butylmetacrylaat,near_duplicate_labelwoord,'butylmetacrylaat' lijkt op vaker voorkomend 'butylftalaat',
https://data.omgeving.vlaanderen.be/id/concept/csor/parameter/P_4842,altLabel,Parameter,n-Butylmetacrylaat,near_duplicate_labelwoord,'butylmetacrylaat' lijkt op vaker voorkomend 'butylftalaat',
https://data.omgeving.vlaanderen.be/id/concept/csor/parameter/P_788,altLabel,Parameter,Broomtrichloorethaan,near_duplicate_labelwoord,'broomtrichloorethaan' lijkt op vaker voorkomend 'trichloorethaan',
https://data.omgeving.vlaanderen.be/id/concept/csor/parameter/P_4750,altLabel,Parameter,Xylenolen (som),near_duplicate_labelwoord,'xylenolen' lijkt op vaker voorkomend 'xylenen',
https://data.omgeving.vlaanderen.be/id/concept/csor/parameter/P_4749,altLabel,Parameter,Xylenolen (som),near_duplicate_labelwoord,'xylenolen' lijkt op vaker voorkomend 'xylenen',
https://data.omgeving.vlaanderen.be/id/concept/csor/parameter/P_2301,altLabel,Parameter,Chloormethylbenzeen,near_duplicate_labelwoord,'chloormethylbenzeen' lijkt op vaker voorkomend 'chloorbenzeen',
https://data.omgeving.vlaanderen.be/id/concept/csor/parameter/P_1694,altLabel,Parameter,alifatische organohalogenen; gehalogeneerde alifat,near_duplicate_labelwoord,'alifat' lijkt op vaker voorkomend 'alifaten',
https://data.omgeving.vlaanderen.be/id/concept/csor/parameter/P_683,altLabel,Parameter,2-Fenylfenol,near_duplicate_labelwoord,'fenylfenol' lijkt op vaker voorkomend 'ethylfenol',
https://data.omgeving.vlaanderen.be/id/concept/csor/parameter/P_4639,altLabel,Parameter,trichloorazijnzuur,near_duplicate_labelwoord,'trichloorazijnzuur' lijkt op vaker voorkomend 'trifluorazijnzuur',
https://data.omgeving.vlaanderen.be/id/concept/csor/parameter/P_4564,altLabel,Parameter,Pyrethrin-1,near_duplicate_labelwoord,'pyrethrin' lijkt op vaker voorkomend 'permethrin',
https://data.omgeving.vlaanderen.be/id/concept/csor/parameter/P_3425,altLabel,Parameter,3-Methyl-2-butanon,near_duplicate_labelwoord,'butanon' lijkt op vaker voorkomend 'butanol',
https://data.omgeving.vlaanderen.be/id/concept/csor/parameter/P_3424,altLabel,Parameter,3-Methyl-2-butanon,near_duplicate_labelwoord,'butanon' lijkt op vaker voorkomend 'butanol',
https://data.omgeving.vlaanderen.be/id/concept/csor/parameter/P_1996,altLabel,Parameter,Oxychlordaan,near_duplicate_labelwoord,'oxychlordaan' lijkt op vaker voorkomend 'chloordaan',
https://data.omgeving.vlaanderen.be/id/concept/csor/parameter/P_993,altLabel,Parameter,Thiosulfaat,near_duplicate_labelwoord,'thiosulfaat' lijkt op vaker voorkomend 'sulfaat',
https://data.omgeving.vlaanderen.be/id/concept/csor/parameter/P_3775,altLabel,Parameter,Chloordeen,near_duplicate_labelwoord,'chloordeen' lijkt op vaker voorkomend 'chloordaan',
https://data.omgeving.vlaanderen.be/id/concept/csor/parameter/P_3774,altLabel,Parameter,Chloordeen,near_duplicate_labelwoord,'chloordeen' lijkt op vaker voorkomend 'chloordaan',
https://data.omgeving.vlaanderen.be/id/concept/csor/parameter/P_3149,altLabel,Parameter,Isobuteen,near_duplicate_labelwoord,'isobuteen' lijkt op vaker voorkomend 'buteen',
https://data.omgeving.vlaanderen.be/id/concept/csor/parameter/P_1701,altLabel,Parameter,Trihalometanen totaal excl trichloorethyleen,near_duplicate_labelwoord,'trichloorethyleen' lijkt op vaker voorkomend 'trichlooretheen',
https://data.omgeving.vlaanderen.be/id/concept/csor/parameter/P_799,altLabel,Parameter,Hexachloorcyclopentadieen,near_duplicate_labelwoord,'hexachloorcyclopentadieen' lijkt op vaker voorkomend 'hexachloorcyclohexaan',
https://data.omgeving.vlaanderen.be/id/concept/csor/parameter/P_2718,altLabel,Parameter,Hexachloorcyclopentadieen,near_duplicate_labelwoord,'hexachloorcyclopentadieen' lijkt op vaker voorkomend 'hexachloorcyclohexaan',
https://data.omgeving.vlaanderen.be/id/concept/csor/parameter/P_4427,altLabel,Parameter,Pentachloordibenzodioxine (totaal),near_duplicate_labelwoord,'pentachloordibenzodioxine' lijkt op vaker voorkomend 'pentachloordibenzo',
https://data.omgeving.vlaanderen.be/id/concept/csor/parameter/P_2373,altLabel,Parameter,"1,1,1,2-Tetrafluorethaan (HFK134a)",near_duplicate_labelwoord,'tetrafluorethaan' lijkt op vaker voorkomend 'tetrachloorethaan',
https://data.omgeving.vlaanderen.be/id/concept/csor/parameter/P_116,altLabel,Parameter,"1,1,1,2-Tetrafluorethaan (HFK134a)",near_duplicate_labelwoord,'tetrafluorethaan' lijkt op vaker voorkomend 'tetrachloorethaan',
https://data.omgeving.vlaanderen.be/id/concept/csor/parameter/P_1414,altLabel,Parameter,Bis(Tribroomdifenoxy)-ethaan,near_duplicate_labelwoord,'tribroomdifenoxy' lijkt op vaker voorkomend 'tribroomdifenylether',
https://data.omgeving.vlaanderen.be/id/concept/csor/parameter/P_1831,altLabel,Parameter,Dicloxacilline,near_duplicate_labelwoord,'dicloxacilline' lijkt op vaker voorkomend 'dichlooraniline',
https://data.omgeving.vlaanderen.be/id/concept/csor/parameter/P_3895,altLabel,Parameter,Dodecaanzuur,near_duplicate_labelwoord,'dodecaanzuur' lijkt op vaker voorkomend 'perfluordodecaanzuur',
https://data.omgeving.vlaanderen.be/id/concept/csor/parameter/P_3894,altLabel,Parameter,Dodecaanzuur,near_duplicate_labelwoord,'dodecaanzuur' lijkt op vaker voorkomend 'perfluordodecaanzuur',
https://data.omgeving.vlaanderen.be/id/concept/csor/parameter/P_968,altLabel,Parameter,Chloortoluidinen,near_duplicate_labelwoord,'chloortoluidinen' lijkt op vaker voorkomend 'chloortolueen',
https://data.omgeving.vlaanderen.be/id/concept/csor/parameter/P_998,altLabel,Parameter,Butachloor,near_duplicate_labelwoord,'butachloor' lijkt op vaker voorkomend 'heptachloor',
https://data.omgeving.vlaanderen.be/id/concept/csor/parameter/P_1726,altLabel,Parameter,"Som van Butachloor, Triallat,Alachloor,Acetochloor",near_duplicate_labelwoord,'butachloor' lijkt op vaker voorkomend 'heptachloor',
https://data.omgeving.vlaanderen.be/id/concept/csor/parameter/P_3396,altLabel,Parameter,2-Octanol,near_duplicate_labelwoord,'octanol' lijkt op vaker voorkomend 'octaan',
https://data.omgeving.vlaanderen.be/id/concept/csor/parameter/P_3397,altLabel,Parameter,2-Octanol,near_duplicate_labelwoord,'octanol' lijkt op vaker voorkomend 'octaan',
https://data.omgeving.vlaanderen.be/id/concept/csor/parameter/P_1669,altLabel,Parameter,Som van de dimethylfenolen,near_duplicate_labelwoord,'dimethylfenolen' lijkt op vaker voorkomend 'dimethylfenol',
https://data.omgeving.vlaanderen.be/id/concept/csor/parameter/P_520,altLabel,Parameter,Dichloorprop,near_duplicate_labelwoord,'dichloorprop' lijkt op vaker voorkomend 'dichloorpropeen',
https://data.omgeving.vlaanderen.be/id/concept/csor/parameter/P_3612,altLabel,Parameter,"2,6-Dichloorbenzamide",near_duplicate_labelwoord,'dichloorbenzamide' lijkt op vaker voorkomend 'dichloorbenzeen',
https://data.omgeving.vlaanderen.be/id/concept/csor/parameter/P_1427,altLabel,Parameter,"2,6-Dichloorbenzamide",near_duplicate_labelwoord,'dichloorbenzamide' lijkt op vaker voorkomend 'dichloorbenzeen',
https://data.omgeving.vlaanderen.be/id/concept/csor/parameter/P_2708,altLabel,Parameter,Hexabroomdifenyl,near_duplicate_labelwoord,'hexabroomdifenyl' lijkt op vaker voorkomend 'hexabroomdifenylether',
https://data.omgeving.vlaanderen.be/id/concept/csor/parameter/P_1372,altLabel,Parameter,Hexabroomdifenyl,near_duplicate_labelwoord,'hexabroomdifenyl' lijkt op vaker voorkomend 'hexabroomdifenylether',
https://data.omgeving.vlaanderen.be/id/concept/csor/parameter/P_96,altLabel,Parameter,Anthantreen,near_duplicate_labelwoord,'anthantreen' lijkt op vaker voorkomend 'fenantreen',
https://data.omgeving.vlaanderen.be/id/concept/csor/parameter/P_2499,altLabel,Parameter,Anthantreen,near_duplicate_labelwoord,'anthantreen' lijkt op vaker voorkomend 'fenantreen',
https://data.omgeving.vlaanderen.be/id/concept/csor/parameter/P_1411,altLabel,Parameter,Decabroomdifenylethaan,near_duplicate_labelwoord,'decabroomdifenylethaan' lijkt op vaker voorkomend 'hexabroomdifenylether',
https://data.omgeving.vlaanderen.be/id/concept/csor/parameter/P_3826,altLabel,Parameter,Decabroomdifenylethaan,near_duplicate_labelwoord,'decabroomdifenylethaan' lijkt op vaker voorkomend 'hexabroomdifenylether',
https://data.omgeving.vlaanderen.be/id/concept/csor/parameter/P_4337,altLabel,Parameter,Octadecaanzuur,near_duplicate_labelwoord,'octadecaanzuur' lijkt op vaker voorkomend 'perfluoroctadecaanzuur',
https://data.omgeving.vlaanderen.be/id/concept/csor/parameter/P_4336,altLabel,Parameter,Octadecaanzuur,near_duplicate_labelwoord,'octadecaanzuur' lijkt op vaker voorkomend 'perfluoroctadecaanzuur',
https://data.omgeving.vlaanderen.be/id/concept/csor/parameter/P_966,altLabel,Parameter,Chloornitrotoluenen,near_duplicate_labelwoord,'chloornitrotoluenen' lijkt op vaker voorkomend 'chloortolueen',
https://data.omgeving.vlaanderen.be/id/concept/csor/parameter/P_3699,altLabel,Parameter,Chloorazijnzuur,near_duplicate_labelwoord,'chloorazijnzuur' lijkt op vaker voorkomend 'trifluorazijnzuur',
https://data.omgeving.vlaanderen.be/id/concept/csor/parameter/P_789,altLabel,Parameter,Chloorazijnzuur,near_duplicate_labelwoord,'chloorazijnzuur' lijkt op vaker voorkomend 'trifluorazijnzuur',
https://data.omgeving.vlaanderen.be/id/concept/csor/parameter/P_1486,altLabel,Parameter,"4-Chloor-2,5-dimethylaniline",near_duplicate_labelwoord,'dimethylaniline' lijkt op vaker voorkomend 'methylaniline',
https://data.omgeving.vlaanderen.be/id/concept/csor/parameter/P_2263,altLabel,Parameter,2-(perfluoroctyl)ethylalcohol,near_duplicate_labelwoord,'perfluoroctyl' lijkt op vaker voorkomend 'perfluor',
https://data.omgeving.vlaanderen.be/id/concept/csor/parameter/P_3698,altLabel,Parameter,Chloorfenolen,near_duplicate_labelwoord,'chloorfenolen' lijkt op vaker voorkomend 'chloorfenol',
https://data.omgeving.vlaanderen.be/id/concept/csor/parameter/P_4,altLabel,Parameter,Chloorfenolen,near_duplicate_labelwoord,'chloorfenolen' lijkt op vaker voorkomend 'chloorfenol',
https://data.omgeving.vlaanderen.be/id/concept/csor/parameter/P_220,altLabel,Parameter,"2,3,5,6-Tetrachlooraniline",near_duplicate_labelwoord,'tetrachlooraniline' lijkt op vaker voorkomend 'chlooraniline',
https://data.omgeving.vlaanderen.be/id/concept/csor/parameter/P_2114,altLabel,Parameter,"2,3,4,5 Tetrachlooraniline",near_duplicate_labelwoord,'tetrachlooraniline' lijkt op vaker voorkomend 'chlooraniline',
https://data.omgeving.vlaanderen.be/id/concept/csor/parameter/P_1275,altLabel,Parameter,Dichloorbenzidines,near_duplicate_labelwoord,'dichloorbenzidines' lijkt op vaker voorkomend 'dichloorbenzeen',
https://data.omgeving.vlaanderen.be/id/concept/csor/parameter/P_572,altLabel,Parameter,Pentachloornitrobenzeen,near_duplicate_labelwoord,'pentachloornitrobenzeen' lijkt op vaker voorkomend 'pentachloorbenzeen',
https://data.omgeving.vlaanderen.be/id/concept/csor/parameter/P_573,altLabel,Parameter,Pentachloornitrobenzeen,near_duplicate_labelwoord,'pentachloornitrobenzeen' lijkt op vaker voorkomend 'pentachloorbenzeen',
https://data.omgeving.vlaanderen.be/id/concept/csor/parameter/P_885,altLabel,Parameter,Trifenyltinchloride,near_duplicate_labelwoord,'trifenyltinchloride' lijkt op vaker voorkomend 'vinylchloride',
https://data.omgeving.vlaanderen.be/id/concept/csor/parameter/P_6,altLabel,Parameter,Chloortoluenen,near_duplicate_labelwoord,'chloortoluenen' lijkt op vaker voorkomend 'chloortolueen',
https://data.omgeving.vlaanderen.be/id/concept/csor/parameter/P_3738,altLabel,Parameter,Chloortoluenen,near_duplicate_labelwoord,'chloortoluenen' lijkt op vaker voorkomend 'chloortolueen',
https://data.omgeving.vlaanderen.be/id/concept/csor/parameter/P_638,altLabel,Parameter,alfa-alfa-Dichloortolueen,near_duplicate_labelwoord,'dichloortolueen' lijkt op vaker voorkomend 'chloortolueen',
https://data.omgeving.vlaanderen.be/id/concept/csor/parameter/P_1829,altLabel,Parameter,Desfuroylceftiofur cysteïne disulfide,near_duplicate_labelwoord,'disulfide' lijkt op vaker voorkomend 'sulfide',
https://data.omgeving.vlaanderen.be/id/concept/csor/parameter/P_1351,altLabel,Parameter,Tetrabroombisfenol-A,near_duplicate_labelwoord,'tetrabroombisfenol' lijkt op vaker voorkomend 'tetrabroomdifenylether',
https://data.omgeving.vlaanderen.be/id/concept/csor/parameter/P_1350,altLabel,Parameter,Tetrabroombisfenol-A,near_duplicate_labelwoord,'tetrabroombisfenol' lijkt op vaker voorkomend 'tetrabroomdifenylether',
https://data.omgeving.vlaanderen.be/id/concept/csor/parameter/P_4334,altLabel,Parameter,Octaanzuur,near_duplicate_labelwoord,'octaanzuur' lijkt op vaker voorkomend 'propaanzuur',
https://data.omgeving.vlaanderen.be/id/concept/csor/parameter/P_4335,altLabel,Parameter,Octaanzuur,near_duplicate_labelwoord,'octaanzuur' lijkt op vaker voorkomend 'propaanzuur',
https://data.omgeving.vlaanderen.be/id/concept/csor/parameter/P_126,altLabel,Parameter,Iopromide,near_duplicate_labelwoord,'iopromide' lijkt op vaker voorkomend 'bromide',
https://data.omgeving.vlaanderen.be/id/concept/csor/parameter/P_500,altLabel,Parameter,"Monoaromatische KWS, totaal",near_duplicate_labelwoord,'monoaromatische' lijkt op vaker voorkomend 'aromatische',
https://data.omgeving.vlaanderen.be/id/concept/csor/parameter/P_3378,altLabel,Parameter,2-Chloorethanol,near_duplicate_labelwoord,'chloorethanol' lijkt op vaker voorkomend 'chloorfenol',
https://data.omgeving.vlaanderen.be/id/concept/csor/parameter/P_760,altLabel,Parameter,2-Chloorethanol,near_duplicate_labelwoord,'chloorethanol' lijkt op vaker voorkomend 'chloorfenol',
https://data.omgeving.vlaanderen.be/id/concept/csor/parameter/P_2262,altLabel,Parameter,2-(perfluorhexyl)ethylalcohol,near_duplicate_labelwoord,'perfluorhexyl' lijkt op vaker voorkomend 'perfluor',
https://data.omgeving.vlaanderen.be/id/concept/csor/parameter/P_1413,altLabel,Parameter,Pentabroomethylbenzeen,near_duplicate_labelwoord,'pentabroomethylbenzeen' lijkt op vaker voorkomend 'trimethylbenzeen',
https://data.omgeving.vlaanderen.be/id/concept/csor/parameter/P_2211,altLabel,Parameter,Propanil pesticiden sampler,near_duplicate_labelwoord,'propanil' lijkt op vaker voorkomend 'propanol',
https://data.omgeving.vlaanderen.be/id/concept/csor/parameter/P_515,altLabel,Parameter,Propanil,near_duplicate_labelwoord,'propanil' lijkt op vaker voorkomend 'propanol',
https://data.omgeving.vlaanderen.be/id/concept/csor/parameter/P_1544,altLabel,Parameter,Nonylfenolpolyethoxylaat,near_duplicate_labelwoord,'nonylfenolpolyethoxylaat' lijkt op vaker voorkomend 'alkylfenolethoxylaat',
https://data.omgeving.vlaanderen.be/id/concept/csor/parameter/P_3126,altLabel,Parameter,alfa-Pineen,near_duplicate_labelwoord,'pineen' lijkt op vaker voorkomend 'penteen',
https://data.omgeving.vlaanderen.be/id/concept/csor/parameter/P_2162,altLabel,Parameter,PAH calux,near_duplicate_labelwoord,'pah' lijkt op vaker voorkomend 'ph',
https://data.omgeving.vlaanderen.be/id/concept/csor/parameter/P_1176,altLabel,Parameter,Hexachloorethaan,near_duplicate_labelwoord,'hexachloorethaan' lijkt op vaker voorkomend 'tetrachloorethaan',
https://data.omgeving.vlaanderen.be/id/concept/csor/parameter/P_1175,altLabel,Parameter,Hexachloorethaan,near_duplicate_labelwoord,'hexachloorethaan' lijkt op vaker voorkomend 'tetrachloorethaan',
https://data.omgeving.vlaanderen.be/id/concept/csor/parameter/P_2330,altLabel,Parameter,"N-1,3-Dimethylbutyl-N’-fenyl-p-fenylenediamine",near_duplicate_labelwoord,'fenyl' lijkt op vaker voorkomend 'fenol',
https://data.omgeving.vlaanderen.be/id/concept/csor/parameter/P_265,altLabel,Parameter,(3-chloro-2-hydroxypropyl)trimethylammoniumchlorid,near_duplicate_labelwoord,'chloro' lijkt op vaker voorkomend 'chloor',
https://data.omgeving.vlaanderen.be/id/concept/csor/parameter/P_2256,altLabel,Parameter,"Trichlooranilines, totaal",near_duplicate_labelwoord,'trichlooranilines' lijkt op vaker voorkomend 'dichlooraniline',
https://data.omgeving.vlaanderen.be/id/concept/csor/parameter/P_812,altLabel,Parameter,Trihalomethanen totaal,near_duplicate_labelwoord,'trihalomethanen' lijkt op vaker voorkomend 'trichloormethaan',
https://data.omgeving.vlaanderen.be/id/concept/csor/parameter/P_1757,altLabel,Parameter,"1,3,5-triazine-2,4,6-triamine",near_duplicate_labelwoord,'triamine' lijkt op vaker voorkomend 'atrazine',
https://data.omgeving.vlaanderen.be/id/concept/csor/parameter/P_4834,altLabel,Parameter,Isobutanol,near_duplicate_labelwoord,'isobutanol' lijkt op vaker voorkomend 'butanol',
https://data.omgeving.vlaanderen.be/id/concept/csor/parameter/P_1262,altLabel,Parameter,Isobutanol,near_duplicate_labelwoord,'isobutanol' lijkt op vaker voorkomend 'butanol',
https://data.omgeving.vlaanderen.be/id/concept/csor/parameter/P_1545,altLabel,Parameter,Decylfenolpolyethoxylaat,near_duplicate_labelwoord,'decylfenolpolyethoxylaat' lijkt op vaker voorkomend 'alkylfenolethoxylaat',
https://data.omgeving.vlaanderen.be/id/concept/csor/parameter/P_4369,altLabel,Parameter,"PAK som 3 antraceen, benzo(ghi)peryleen, fluoreen",near_duplicate_labelwoord,'antraceen' lijkt op vaker voorkomend 'anthraceen',
https://data.omgeving.vlaanderen.be/id/concept/csor/parameter/P_4370,altLabel,Parameter,"PAK som 3 antraceen, benzo(ghi)peryleen, fluoreen",near_duplicate_labelwoord,'antraceen' lijkt op vaker voorkomend 'anthraceen',
https://data.omgeving.vlaanderen.be/id/concept/csor/parameter/P_2300,altLabel,Parameter,Broomchloorethaan,near_duplicate_labelwoord,'broomchloorethaan' lijkt op vaker voorkomend 'trichloorethaan',
https://data.omgeving.vlaanderen.be/id/concept/csor/parameter/P_4664,altLabel,Parameter,"2,4,6‑Trinitrotolueen",near_duplicate_labelwoord,'trinitrotolueen' lijkt op vaker voorkomend 'dinitrotolueen',
https://data.omgeving.vlaanderen.be/id/concept/csor/parameter/P_4665,altLabel,Parameter,"2,4,6‑Trinitrotolueen",near_duplicate_labelwoord,'trinitrotolueen' lijkt op vaker voorkomend 'dinitrotolueen',
https://data.omgeving.vlaanderen.be/id/concept/csor/parameter/P_3392,altLabel,Parameter,2-Methylnaftaleen,near_duplicate_labelwoord,'methylnaftaleen' lijkt op vaker voorkomend 'naftaleen',
https://data.omgeving.vlaanderen.be/id/concept/csor/parameter/P_3391,altLabel,Parameter,2-Methylnaftaleen,near_duplicate_labelwoord,'methylnaftaleen' lijkt op vaker voorkomend 'naftaleen',
https://data.omgeving.vlaanderen.be/id/concept/csor/parameter/P_2311,altLabel,Parameter,N-methylperfluorbutaansulfonamidoethanol (MeFBSE),near_duplicate_labelwoord,'methylperfluorbutaansulfonamidoethanol' lijkt op vaker voorkomend 'methylperfluorbutaansulfonamide',
https://data.omgeving.vlaanderen.be/id/concept/csor/parameter/P_2311,altLabel,Parameter,N-methylperfluorbutaansulfonamidoethanol (MeFBSE),near_duplicate_labelwoord,'mefbse' lijkt op vaker voorkomend 'mepfbsa',
https://data.omgeving.vlaanderen.be/id/concept/csor/parameter/P_3690,altLabel,Parameter,Capronzuur,near_duplicate_labelwoord,'capronzuur' lijkt op vaker voorkomend 'propionzuur',
https://data.omgeving.vlaanderen.be/id/concept/csor/parameter/P_2473,altLabel,Parameter,9-Nitroanthraceen,near_duplicate_labelwoord,'nitroanthraceen' lijkt op vaker voorkomend 'anthraceen',
https://data.omgeving.vlaanderen.be/id/concept/csor/parameter/P_4312,altLabel,Parameter,nitrilotriazijnzuur,near_duplicate_labelwoord,'nitrilotriazijnzuur' lijkt op vaker voorkomend 'trifluorazijnzuur',
https://data.omgeving.vlaanderen.be/id/concept/csor/parameter/P_2312,altLabel,Parameter,2-perfluorbutaansulfonamidoethanol (FBSE),near_duplicate_labelwoord,'perfluorbutaansulfonamidoethanol' lijkt op vaker voorkomend 'perfluorbutaansulfonamide',
https://data.omgeving.vlaanderen.be/id/concept/csor/parameter/P_2312,altLabel,Parameter,2-perfluorbutaansulfonamidoethanol (FBSE),near_duplicate_labelwoord,'fbse' lijkt op vaker voorkomend 'pfbs',
https://data.omgeving.vlaanderen.be/id/concept/csor/parameter/P_1279,altLabel,Parameter,"Polychloorbifenyl en polychloorterfenyl, totaal",near_duplicate_labelwoord,'polychloorterfenyl' lijkt op vaker voorkomend 'polychloorbifenyl',
https://data.omgeving.vlaanderen.be/id/concept/csor/parameter/P_1006,altLabel,Parameter,"Polychloorterfenyl, totaal",near_duplicate_labelwoord,'polychloorterfenyl' lijkt op vaker voorkomend 'polychloorbifenyl',
https://data.omgeving.vlaanderen.be/id/concept/csor/parameter/P_1455,altLabel,Parameter,Tetrachloorvinfos,near_duplicate_labelwoord,'tetrachloorvinfos' lijkt op vaker voorkomend 'tetrachloordibenzo',
https://data.omgeving.vlaanderen.be/id/concept/csor/parameter/P_1421,altLabel,Parameter,"1,1-Dichloorfluorethaan",near_duplicate_labelwoord,'dichloorfluorethaan' lijkt op vaker voorkomend 'dichloorethaan',
https://data.omgeving.vlaanderen.be/id/concept/csor/parameter/P_1001,altLabel,Parameter,Uranimine,near_duplicate_labelwoord,'uranimine' lijkt op vaker voorkomend 'uranium',
https://data.omgeving.vlaanderen.be/id/concept/csor/parameter/P_4620,altLabel,Parameter,tribroomazijnzuur,near_duplicate_labelwoord,'tribroomazijnzuur' lijkt op vaker voorkomend 'trifluorazijnzuur',
https://data.omgeving.vlaanderen.be/id/concept/csor/parameter/P_3832,altLabel,Parameter,Dichloorethanen (som),near_duplicate_labelwoord,'dichloorethanen' lijkt op vaker voorkomend 'dichlooretheen',
https://data.omgeving.vlaanderen.be/id/concept/csor/parameter/P_4121,altLabel,Parameter,Isopreen,near_duplicate_labelwoord,'isopreen' lijkt op vaker voorkomend 'isomeren',
https://data.omgeving.vlaanderen.be/id/concept/csor/parameter/P_2739,altLabel,Parameter,Isopreen,near_duplicate_labelwoord,'isopreen' lijkt op vaker voorkomend 'isomeren',
https://data.omgeving.vlaanderen.be/id/concept/csor/parameter/P_2719,altLabel,Parameter,Fluorkoolwaterstoffen,near_duplicate_labelwoord,'fluorkoolwaterstoffen' lijkt op vaker voorkomend 'koolwaterstoffen',
https://data.omgeving.vlaanderen.be/id/concept/csor/parameter/P_1599,altLabel,Parameter,Fluorkoolwaterstoffen,near_duplicate_labelwoord,'fluorkoolwaterstoffen' lijkt op vaker voorkomend 'koolwaterstoffen',
https://data.omgeving.vlaanderen.be/id/concept/csor/parameter/P_1695,altLabel,Parameter,Anorganische tinverbindingen totaal,near_duplicate_labelwoord,'tinverbindingen' lijkt op vaker voorkomend 'verbindingen',
https://data.omgeving.vlaanderen.be/id/concept/csor/parameter/P_224,altLabel,Parameter,3-Chloor-4-methoxyaniline,near_duplicate_labelwoord,'methoxyaniline' lijkt op vaker voorkomend 'methylaniline',
https://data.omgeving.vlaanderen.be/id/concept/csor/parameter/P_1726,altLabel,Parameter,"Som van Butachloor, Triallat,Alachloor,Acetochloor",near_duplicate_labelwoord,'acetochloor' lijkt op vaker voorkomend 'metolachloor',
https://data.omgeving.vlaanderen.be/id/concept/csor/parameter/P_997,altLabel,Parameter,Acetochloor,near_duplicate_labelwoord,'acetochloor' lijkt op vaker voorkomend 'metolachloor',
https://data.omgeving.vlaanderen.be/id/concept/csor/parameter/P_1382,altLabel,Parameter,Mestranol,near_duplicate_labelwoord,'mestranol' lijkt op vaker voorkomend 'ethanol',
https://data.omgeving.vlaanderen.be/id/concept/csor/parameter/P_2261,altLabel,Parameter,"Perfluor([5-methoxy-1,3-dioxolaan-4-yl]oxy)azijnzu",near_duplicate_labelwoord,'methoxy' lijkt op vaker voorkomend 'methyl',
https://data.omgeving.vlaanderen.be/id/concept/csor/parameter/P_2261,altLabel,Parameter,"Perfluor([5-methoxy-1,3-dioxolaan-4-yl]oxy)azijnzu",near_duplicate_labelwoord,'azijnzu' lijkt op vaker voorkomend 'azijnzuur',
https://data.omgeving.vlaanderen.be/id/concept/csor/parameter/P_221,altLabel,Parameter,Pentachlooraniline,near_duplicate_labelwoord,'pentachlooraniline' lijkt op vaker voorkomend 'chlooraniline',
https://data.omgeving.vlaanderen.be/id/concept/csor/parameter/P_685,altLabel,Parameter,4-Chloor-2-benzylfenol,near_duplicate_labelwoord,'benzylfenol' lijkt op vaker voorkomend 'ethylfenol',
https://data.omgeving.vlaanderen.be/id/concept/csor/parameter/P_684,altLabel,Parameter,2-Benzylfenol,near_duplicate_labelwoord,'benzylfenol' lijkt op vaker voorkomend 'ethylfenol',
https://data.omgeving.vlaanderen.be/id/concept/csor/parameter/P_89,altLabel,Parameter,Ethaanthiol,near_duplicate_labelwoord,'ethaanthiol' lijkt op vaker voorkomend 'ethanol',
https://data.omgeving.vlaanderen.be/id/concept/csor/parameter/P_2314,altLabel,Parameter,perfluorbutaansulfinezuur (PFBSi),near_duplicate_labelwoord,'perfluorbutaansulfinezuur' lijkt op vaker voorkomend 'perfluorbutaansulfonzuur',
https://data.omgeving.vlaanderen.be/id/concept/csor/parameter/P_2314,altLabel,Parameter,perfluorbutaansulfinezuur (PFBSi),near_duplicate_labelwoord,'pfbsi' lijkt op vaker voorkomend 'pfbs',
https://data.omgeving.vlaanderen.be/id/concept/csor/parameter/P_1050,altLabel,Parameter,Dichloordifenyltrichlorethanen,near_duplicate_labelwoord,'dichloordifenyltrichlorethanen' lijkt op vaker voorkomend 'dichloordifenyltrichloorethaan',
https://data.omgeving.vlaanderen.be/id/concept/csor/parameter/P_245,altLabel,Parameter,Bifenox,near_duplicate_labelwoord,'bifenox' lijkt op vaker voorkomend 'bisfenol',
https://data.omgeving.vlaanderen.be/id/concept/csor/parameter/P_1002,altLabel,Parameter,Booroxide,near_duplicate_labelwoord,'booroxide' lijkt op vaker voorkomend 'bromide',
https://data.omgeving.vlaanderen.be/id/concept/csor/parameter/P_1248,altLabel,Parameter,Di-n-hexylftalaat,near_duplicate_labelwoord,'hexylftalaat' lijkt op vaker voorkomend 'butylftalaat',
https://data.omgeving.vlaanderen.be/id/concept/csor/parameter/P_3866,altLabel,Parameter,Diethyleenglycol,near_duplicate_labelwoord,'diethyleenglycol' lijkt op vaker voorkomend 'dimethylfenol',
https://data.omgeving.vlaanderen.be/id/concept/csor/parameter/P_2353,altLabel,Parameter,Diethyleenglycol,near_duplicate_labelwoord,'diethyleenglycol' lijkt op vaker voorkomend 'dimethylfenol',
https://data.omgeving.vlaanderen.be/id/concept/csor/parameter/P_1478,altLabel,Parameter,Decylfenol,near_duplicate_labelwoord,'decylfenol' lijkt op vaker voorkomend 'octylfenol',
https://data.omgeving.vlaanderen.be/id/concept/csor/parameter/P_2094,altLabel,Parameter,Dimethyl Arseenzuur,near_duplicate_labelwoord,'dimethyl' lijkt op vaker voorkomend 'methyl',
https://data.omgeving.vlaanderen.be/id/concept/csor/parameter/P_1824,altLabel,Parameter,Chlooramfenicol,near_duplicate_labelwoord,'chlooramfenicol' lijkt op vaker voorkomend 'chloorfenol',
https://data.omgeving.vlaanderen.be/id/concept/csor/parameter/P_2031,altLabel,Parameter,"Vibrio Fischeri 0,5h bac lum-inh na Zahn Wellens",near_duplicate_labelwoord,'inh' lijkt op vaker voorkomend 'in',
https://data.omgeving.vlaanderen.be/id/concept/csor/parameter/P_1822,altLabel,Parameter,Difloxacine,near_duplicate_labelwoord,'difloxacine' lijkt op vaker voorkomend 'dioxine',
https://data.omgeving.vlaanderen.be/ns/csor#heeftDoelParameter,comment,,"De parameter waarvoor een omzetting, afleiding of mapping gedefinieerd wordt (i.e de target of output parameter). Wordt in csor gebruikt op de volgende klassen: ParameterAfleidingVeelterm,  ParameterAfleidingVerhouding, ParameterAfleidingRWZIRendement en ParameterAspectOmzetting.",near_duplicate_labelwoord,'parameteraspectomzetting' lijkt op vaker voorkomend 'parameteraspect',
https://data.omgeving.vlaanderen.be/ns/csor#ParameterAspectOmzetting,comment,,Definieert de omzetting tussen twee parameteraspecten.,near_duplicate_labelwoord,'parameteraspecten' lijkt op vaker voorkomend 'parameteraspect',
https://data.omgeving.vlaanderen.be/ns/csor#omkeerbaar,comment,,Geeft aan of een omzetting tussen parameteraspecten in beide richtingen mag gebeuren.,near_duplicate_labelwoord,'parameteraspecten' lijkt op vaker voorkomend 'parameteraspect',
https://data.omgeving.vlaanderen.be/id/conceptscheme/csor/variabele,definition,,"Een variabele is een kenmerk dat geobserveerd kan worden, los van de context waarin de obeservatie gebeurt, hoe de observatie gebeurt of hoe de waarde van de observatie wordt vastgelegd.",near_duplicate_labelwoord,'obeservatie' lijkt op vaker voorkomend 'observatie',
https://data.omgeving.vlaanderen.be/id/concept/csor/parameterAfleiding/AFL_1,definition,ParameterAfleidingVeelterm,PFOStotaal - PFOS,near_duplicate_labelwoord,'pfostotaal' lijkt op vaker voorkomend 'totaal',
https://data.omgeving.vlaanderen.be/id/concept/csor/parameterAfleiding/AFL_5,definition,ParameterAfleidingVeelterm,PFOAtotaal - PFOA,near_duplicate_labelwoord,'pfoatotaal' lijkt op vaker voorkomend 'totaal',
https://data.omgeving.vlaanderen.be/id/concept/csor/parameterAfleiding/AFL_5,definition,ParameterAfleidingVeelterm,PFOAtotaal - PFOA,near_duplicate_labelwoord,'pfoa' lijkt op vaker voorkomend 'pfas',
https://data.omgeving.vlaanderen.be/id/concept/csor/parameteraspect/PAS_4602,prefLabel,ParameterAspect,Msan (standaard in PM2.5): massaconcentratie,near_duplicate_labelwoord,'msan' lijkt op vaker voorkomend 'myan',
https://data.omgeving.vlaanderen.be/id/concept/csor/parameteraspect/PAS_4601,prefLabel,ParameterAspect,Msan (standaard in PM10): massaconcentratie,near_duplicate_labelwoord,'msan' lijkt op vaker voorkomend 'myan',
https://data.omgeving.vlaanderen.be/id/concept/csor/eenheid/E_105,prefLabel,Eenheid,kilogram stifkstof  per dag,near_duplicate_labelwoord,'stifkstof' lijkt op vaker voorkomend 'stikstof',
https://data.omgeving.vlaanderen.be/id/concept/csor/parameter/P_1414,prefLabel,Parameter,Bis(Tribroomdifenoxy)-ethaan in water,near_duplicate_labelwoord,'tribroomdifenoxy' lijkt op vaker voorkomend 'tribroomdifenylether',
https://data.omgeving.vlaanderen.be/id/concept/csor/variabele/V_919,prefLabel,Variabele,Bis(Tribroomdifenoxy)-ethaan,near_duplicate_labelwoord,'tribroomdifenoxy' lijkt op vaker voorkomend 'tribroomdifenylether',
https://data.omgeving.vlaanderen.be/id/concept/csor/parameter/P_2300,prefLabel,Parameter,Broomchloorethaan in water,near_duplicate_labelwoord,'broomchloorethaan' lijkt op vaker voorkomend 'broomchloormethaan',
https://data.omgeving.vlaanderen.be/id/concept/csor/variabele/V_1483,prefLabel,Variabele,Broomchloorethaan,near_duplicate_labelwoord,'broomchloorethaan' lijkt op vaker voorkomend 'broomchloormethaan',
https://data.omgeving.vlaanderen.be/id/concept/csor/parameteraspect/PAS_10,prefLabel,ParameterAspect,CTolS (standaard in water): massaconcentratie,near_duplicate_labelwoord,'ctols' lijkt op vaker voorkomend 'ctol',
https://data.omgeving.vlaanderen.be/id/concept/csor/parameteraspect/PAS_7272,prefLabel,ParameterAspect,CTolS (standaard in vaste deel van de aarde): massaverhouding per droge stof,near_duplicate_labelwoord,'ctols' lijkt op vaker voorkomend 'ctol',
https://data.omgeving.vlaanderen.be/id/concept/csor/parameteraspect/PAS_2266,prefLabel,ParameterAspect,DNTol (standaard in water): vracht,near_duplicate_labelwoord,'dntol' lijkt op vaker voorkomend 'nitol',
https://data.omgeving.vlaanderen.be/id/concept/csor/parameteraspect/PAS_2265,prefLabel,ParameterAspect,DNTol (standaard in water): massaconcentratie,near_duplicate_labelwoord,'dntol' lijkt op vaker voorkomend 'nitol',
https://data.omgeving.vlaanderen.be/id/concept/csor/variabele/V_188,prefLabel,Variabele,Pentachlooraniline,near_duplicate_labelwoord,'pentachlooraniline' lijkt op vaker voorkomend 'chlooraniline',
https://data.omgeving.vlaanderen.be/id/concept/csor/parameter/P_221,prefLabel,Parameter,Pentachlooraniline in water,near_duplicate_labelwoord,'pentachlooraniline' lijkt op vaker voorkomend 'chlooraniline',
https://data.omgeving.vlaanderen.be/id/concept/csor/parameteraspect/PAS_7929,prefLabel,ParameterAspect,CN-VNOX (standaard in vaste deel van de aarde): massaverhouding per droge stof,near_duplicate_labelwoord,'vnox' lijkt op vaker voorkomend 'vox',
https://data.omgeving.vlaanderen.be/id/concept/csor/parameteraspect/PAS_7930,prefLabel,ParameterAspect,CN-VNOX (standaard in water): massaconcentratie,near_duplicate_labelwoord,'vnox' lijkt op vaker voorkomend 'vox',
https://data.omgeving.vlaanderen.be/id/concept/csor/parameteraspect/PAS_7976,prefLabel,ParameterAspect,MyGlycol (standaard in water): massaconcentratie,near_duplicate_labelwoord,'myglycol' lijkt op vaker voorkomend 'pyglycol',
https://data.omgeving.vlaanderen.be/id/concept/csor/parameteraspect/PAS_3872,prefLabel,ParameterAspect,MyGlycol (standaard in vaste deel van de aarde): massaverhouding per droge stof,near_duplicate_labelwoord,'myglycol' lijkt op vaker voorkomend 'pyglycol',
https://data.omgeving.vlaanderen.be/id/concept/csor/parameteraspect/PAS_3750,prefLabel,ParameterAspect,TCAn t (standaard in water): vracht,near_duplicate_labelwoord,'tcan' lijkt op vaker voorkomend 'can',
https://data.omgeving.vlaanderen.be/id/concept/csor/parameteraspect/PAS_3749,prefLabel,ParameterAspect,TCAn t (standaard in water): massaconcentratie,near_duplicate_labelwoord,'tcan' lijkt op vaker voorkomend 'can',
https://data.omgeving.vlaanderen.be/id/concept/csor/variabele/V_259,prefLabel,Variabele,Alkaliniteit met methyloranje,near_duplicate_labelwoord,'alkaliniteit' lijkt op vaker voorkomend 'alkaniteit',
https://data.omgeving.vlaanderen.be/id/concept/csor/parameter/P_312,prefLabel,Parameter,Alkaliniteit met methyloranje in water,near_duplicate_labelwoord,'alkaliniteit' lijkt op vaker voorkomend 'alkaniteit',
https://data.omgeving.vlaanderen.be/id/concept/csor/parameter/P_2261,prefLabel,Parameter,"Perfluor([5-methoxy-1,3-dioxolaan-4-yl]oxy)azijnzu in water",near_duplicate_labelwoord,'methoxy' lijkt op vaker voorkomend 'methyl',
https://data.omgeving.vlaanderen.be/id/concept/csor/variabele/V_1450,prefLabel,Variabele,"Perfluor([5-methoxy-1,3-dioxolaan-4-yl]oxy)azijnzu",near_duplicate_labelwoord,'methoxy' lijkt op vaker voorkomend 'methyl',
https://data.omgeving.vlaanderen.be/id/concept/csor/parameter/P_2261,prefLabel,Parameter,"Perfluor([5-methoxy-1,3-dioxolaan-4-yl]oxy)azijnzu in water",near_duplicate_labelwoord,'dioxolaan' lijkt op vaker voorkomend 'dioxaan',
https://data.omgeving.vlaanderen.be/id/concept/csor/variabele/V_1450,prefLabel,Variabele,"Perfluor([5-methoxy-1,3-dioxolaan-4-yl]oxy)azijnzu",near_duplicate_labelwoord,'dioxolaan' lijkt op vaker voorkomend 'dioxaan',
https://data.omgeving.vlaanderen.be/id/concept/csor/parameter/P_2261,prefLabel,Parameter,"Perfluor([5-methoxy-1,3-dioxolaan-4-yl]oxy)azijnzu in water",near_duplicate_labelwoord,'yl' lijkt op vaker voorkomend 'xyl',
https://data.omgeving.vlaanderen.be/id/concept/csor/variabele/V_1450,prefLabel,Variabele,"Perfluor([5-methoxy-1,3-dioxolaan-4-yl]oxy)azijnzu",near_duplicate_labelwoord,'yl' lijkt op vaker voorkomend 'xyl',
https://data.omgeving.vlaanderen.be/id/concept/csor/parameter/P_2261,prefLabel,Parameter,"Perfluor([5-methoxy-1,3-dioxolaan-4-yl]oxy)azijnzu in water",near_duplicate_labelwoord,'azijnzu' lijkt op vaker voorkomend 'azijnzuur',
https://data.omgeving.vlaanderen.be/id/concept/csor/variabele/V_1450,prefLabel,Variabele,"Perfluor([5-methoxy-1,3-dioxolaan-4-yl]oxy)azijnzu",near_duplicate_labelwoord,'azijnzu' lijkt op vaker voorkomend 'azijnzuur',
https://data.omgeving.vlaanderen.be/id/concept/csor/parameteraspect/PAS_8061,prefLabel,ParameterAspect,ALKPH (standaard in water): massaconcentratie,near_duplicate_labelwoord,'alkph' lijkt op vaker voorkomend 'alk',
https://data.omgeving.vlaanderen.be/id/concept/csor/parameter/P_4235,prefLabel,Parameter,lambda-Cyhalothrin in water,near_duplicate_labelwoord,'cyhalothrin' lijkt op vaker voorkomend 'cyfluthrin',
https://data.omgeving.vlaanderen.be/id/concept/csor/variabele/V_2248,prefLabel,Variabele,lambda-Cyhalothrin,near_duplicate_labelwoord,'cyhalothrin' lijkt op vaker voorkomend 'cyfluthrin',
https://data.omgeving.vlaanderen.be/id/concept/csor/parameter/P_2301,prefLabel,Parameter,Chloormethylbenzeen in water,near_duplicate_labelwoord,'chloormethylbenzeen' lijkt op vaker voorkomend 'chloorbenzeen',
https://data.omgeving.vlaanderen.be/id/concept/csor/variabele/V_1484,prefLabel,Variabele,Chloormethylbenzeen,near_duplicate_labelwoord,'chloormethylbenzeen' lijkt op vaker voorkomend 'chloorbenzeen',
https://data.omgeving.vlaanderen.be/id/concept/csor/variabele/V_1522,prefLabel,Variabele,6PPD-Quinone,near_duplicate_labelwoord,'quinone' lijkt op vaker voorkomend 'quinofen',
https://data.omgeving.vlaanderen.be/id/concept/csor/parameter/P_2331,prefLabel,Parameter,6PPD-Quinone in water,near_duplicate_labelwoord,'quinone' lijkt op vaker voorkomend 'quinofen',
https://data.omgeving.vlaanderen.be/id/concept/csor/parameter/P_2094,prefLabel,Parameter,Dimethyl Arseenzuur in biota,near_duplicate_labelwoord,'dimethyl' lijkt op vaker voorkomend 'methyl',
https://data.omgeving.vlaanderen.be/id/concept/csor/variabele/V_1376,prefLabel,Variabele,Dimethyl Arseenzuur,near_duplicate_labelwoord,'dimethyl' lijkt op vaker voorkomend 'methyl',
https://data.omgeving.vlaanderen.be/id/concept/csor/kwantificeerbaaraspect/KWA_77,prefLabel,KwantificeerbaarAspect,massaconcentratieFluor,near_duplicate_labelwoord,'massaconcentratiefluor' lijkt op vaker voorkomend 'massaconcentratie',
https://data.omgeving.vlaanderen.be/id/concept/csor/parameteraspect/PAS_3820,prefLabel,ParameterAspect,AOF (standaard in water): massaconcentratieFluor,near_duplicate_labelwoord,'massaconcentratiefluor' lijkt op vaker voorkomend 'massaconcentratie',
https://data.omgeving.vlaanderen.be/id/concept/csor/parameteraspect/PAS_2984,prefLabel,ParameterAspect,Gechlor. Oplosm. (standaard in water): vracht,near_duplicate_labelwoord,'gechlor' lijkt op vaker voorkomend 'chloor',
https://data.omgeving.vlaanderen.be/id/concept/csor/parameteraspect/PAS_2983,prefLabel,ParameterAspect,Gechlor. Oplosm. (standaard in water): massaconcentratie,near_duplicate_labelwoord,'gechlor' lijkt op vaker voorkomend 'chloor',
https://data.omgeving.vlaanderen.be/id/concept/csor/parameteraspect/PAS_7939,prefLabel,ParameterAspect,CANDE (standaard in water): massaconcentratie,near_duplicate_labelwoord,'cande' lijkt op vaker voorkomend 'cyaniden',
https://data.omgeving.vlaanderen.be/id/concept/csor/parameteraspect/PAS_7938,prefLabel,ParameterAspect,CANDE (standaard in vaste deel van de aarde): massaverhouding per droge stof,near_duplicate_labelwoord,'cande' lijkt op vaker voorkomend 'cyaniden',
https://data.omgeving.vlaanderen.be/id/concept/csor/parameteraspect/PAS_2549,prefLabel,ParameterAspect,OyFolEt (standaard in water): massaconcentratie,near_duplicate_labelwoord,'oyfolet' lijkt op vaker voorkomend 'oyfol',
https://data.omgeving.vlaanderen.be/id/concept/csor/parameteraspect/PAS_2550,prefLabel,ParameterAspect,OyFolEt (standaard in water): vracht,near_duplicate_labelwoord,'oyfolet' lijkt op vaker voorkomend 'oyfol',
https://data.omgeving.vlaanderen.be/id/concept/csor/parameteraspect/PAS_2622,prefLabel,ParameterAspect,BFur (standaard in water): vracht,near_duplicate_labelwoord,'bfur' lijkt op vaker voorkomend 'bflu',
https://data.omgeving.vlaanderen.be/id/concept/csor/parameteraspect/PAS_2621,prefLabel,ParameterAspect,BFur (standaard in water): massaconcentratie,near_duplicate_labelwoord,'bfur' lijkt op vaker voorkomend 'bflu',
https://data.omgeving.vlaanderen.be/id/concept/csor/variabele/V_2301,prefLabel,Variabele,Tetrachloordibenzodioxine (totaal),near_duplicate_labelwoord,'tetrachloordibenzodioxine' lijkt op vaker voorkomend 'tetrachloordibenzo',
https://data.omgeving.vlaanderen.be/id/concept/csor/parameter/P_4623,prefLabel,Parameter,Tetrachloordibenzodioxine (totaal) in vaste deel van de aarde,near_duplicate_labelwoord,'tetrachloordibenzodioxine' lijkt op vaker voorkomend 'tetrachloordibenzo',
https://data.omgeving.vlaanderen.be/id/concept/csor/parameteraspect/PAS_6774,prefLabel,ParameterAspect,fenpro (standaard in water): massaconcentratie,near_duplicate_labelwoord,'fenpro' lijkt op vaker voorkomend 'fenoprop',
https://data.omgeving.vlaanderen.be/id/concept/csor/variabele/V_1490,prefLabel,Variabele,"3,5-Dichloordifenyl (PCB 14)",near_duplicate_labelwoord,'dichloordifenyl' lijkt op vaker voorkomend 'dichloorbifenyl',
https://data.omgeving.vlaanderen.be/id/concept/csor/variabele/V_1489,prefLabel,Variabele,"2,6-Dichloordifenyl (PCB 10)",near_duplicate_labelwoord,'dichloordifenyl' lijkt op vaker voorkomend 'dichloorbifenyl',
https://data.omgeving.vlaanderen.be/id/concept/csor/parameter/P_263,prefLabel,Parameter,Tertiair DoDecyl Mercaptaan in water,near_duplicate_labelwoord,'mercaptaan' lijkt op vaker voorkomend 'mercaptanen',
https://data.omgeving.vlaanderen.be/id/concept/csor/variabele/V_224,prefLabel,Variabele,Tertiair DoDecyl Mercaptaan,near_duplicate_labelwoord,'mercaptaan' lijkt op vaker voorkomend 'mercaptanen',
https://data.omgeving.vlaanderen.be/id/concept/csor/parameteraspect/PAS_3544,prefLabel,ParameterAspect,AsB (standaard in biota): massaverhouding per nat gewicht,near_duplicate_labelwoord,'asb' lijkt op vaker voorkomend 'sb',
https://data.omgeving.vlaanderen.be/id/concept/csor/eenheid/E_113,prefLabel,Eenheid,kilogram stifstof,near_duplicate_labelwoord,'stifstof' lijkt op vaker voorkomend 'stikstof',
https://data.omgeving.vlaanderen.be/id/concept/csor/parameteraspect/PAS_2631,prefLabel,ParameterAspect,BThfe (standaard in water): massaconcentratie,near_duplicate_labelwoord,'bthfe' lijkt op vaker voorkomend 'thf',
https://data.omgeving.vlaanderen.be/id/concept/csor/parameteraspect/PAS_2632,prefLabel,ParameterAspect,BThfe (standaard in water): vracht,near_duplicate_labelwoord,'bthfe' lijkt op vaker voorkomend 'thf',
https://data.omgeving.vlaanderen.be/id/concept/csor/parameteraspect/PAS_413,prefLabel,ParameterAspect,PropanololHCl (standaard in water): vracht,near_duplicate_labelwoord,'propanololhcl' lijkt op vaker voorkomend 'propanolol',
https://data.omgeving.vlaanderen.be/id/concept/csor/parameteraspect/PAS_412,prefLabel,ParameterAspect,PropanololHCl (standaard in water): massaconcentratie,near_duplicate_labelwoord,'propanololhcl' lijkt op vaker voorkomend 'propanolol',
https://data.omgeving.vlaanderen.be/id/concept/csor/parameteraspect/PAS_6527,prefLabel,ParameterAspect,suc (standaard in water): massaconcentratie,near_duplicate_labelwoord,'suc' lijkt op vaker voorkomend 'sc',
https://data.omgeving.vlaanderen.be/id/concept/csor/parameteraspect/PAS_6528,prefLabel,ParameterAspect,suc (standaard in water): vracht per tijd,near_duplicate_labelwoord,'suc' lijkt op vaker voorkomend 'sc',
https://data.omgeving.vlaanderen.be/id/concept/csor/parameteraspect/PAS_1157,prefLabel,ParameterAspect,Thamno (standaard in vaste deel van de aarde): effecteenheid,near_duplicate_labelwoord,'thamno' lijkt op vaker voorkomend 'ethanol',
https://data.omgeving.vlaanderen.be/id/concept/csor/parameter/P_4673,prefLabel,Parameter,Texanolbenzylftalaat in vaste deel van de aarde,near_duplicate_labelwoord,'texanolbenzylftalaat' lijkt op vaker voorkomend 'butylbenzylftalaat',
https://data.omgeving.vlaanderen.be/id/concept/csor/variabele/V_2321,prefLabel,Variabele,Texanolbenzylftalaat,near_duplicate_labelwoord,'texanolbenzylftalaat' lijkt op vaker voorkomend 'butylbenzylftalaat',
https://data.omgeving.vlaanderen.be/id/concept/csor/parameter/P_1413,prefLabel,Parameter,Pentabroomethylbenzeen in water,near_duplicate_labelwoord,'pentabroomethylbenzeen' lijkt op vaker voorkomend 'trimethylbenzeen',
https://data.omgeving.vlaanderen.be/id/concept/csor/variabele/V_918,prefLabel,Variabele,Pentabroomethylbenzeen,near_duplicate_labelwoord,'pentabroomethylbenzeen' lijkt op vaker voorkomend 'trimethylbenzeen',
https://data.omgeving.vlaanderen.be/id/concept/csor/variabele/V_806,prefLabel,Variabele,2-Amino-4-chloorfenol,near_duplicate_labelwoord,'amino' lijkt op vaker voorkomend 'min',
https://data.omgeving.vlaanderen.be/id/concept/csor/parameter/P_1242,prefLabel,Parameter,2-Amino-4-chloorfenol in water,near_duplicate_labelwoord,'amino' lijkt op vaker voorkomend 'min',
https://data.omgeving.vlaanderen.be/id/concept/csor/variabele/V_2261,prefLabel,Variabele,nitrilotriazijnzuur,near_duplicate_labelwoord,'nitrilotriazijnzuur' lijkt op vaker voorkomend 'trifluorazijnzuur',
https://data.omgeving.vlaanderen.be/id/concept/csor/parameter/P_4312,prefLabel,Parameter,nitrilotriazijnzuur in water,near_duplicate_labelwoord,'nitrilotriazijnzuur' lijkt op vaker voorkomend 'trifluorazijnzuur',
https://data.omgeving.vlaanderen.be/id/concept/csor/parameteraspect/PAS_6987,prefLabel,ParameterAspect,TDI (standaard in water): massaconcentratie,near_duplicate_labelwoord,'tdi' lijkt op vaker voorkomend 'ti',
https://data.omgeving.vlaanderen.be/id/concept/csor/parameteraspect/PAS_6986,prefLabel,ParameterAspect,TDI (standaard in vaste deel van de aarde): massaverhouding per droge stof,near_duplicate_labelwoord,'tdi' lijkt op vaker voorkomend 'ti',
https://data.omgeving.vlaanderen.be/id/concept/csor/parameteraspect/PAS_324,prefLabel,ParameterAspect,Procaz (standaard in water): vracht,near_duplicate_labelwoord,'procaz' lijkt op vaker voorkomend 'propaz',
https://data.omgeving.vlaanderen.be/id/concept/csor/parameteraspect/PAS_323,prefLabel,ParameterAspect,Procaz (standaard in water): massaconcentratie,near_duplicate_labelwoord,'procaz' lijkt op vaker voorkomend 'propaz',
https://data.omgeving.vlaanderen.be/id/concept/csor/variabele/V_1097,prefLabel,Variabele,Fosfonaten,near_duplicate_labelwoord,'fosfonaten' lijkt op vaker voorkomend 'fosfaten',
https://data.omgeving.vlaanderen.be/id/concept/csor/parameter/P_1637,prefLabel,Parameter,Fosfonaten in water,near_duplicate_labelwoord,'fosfonaten' lijkt op vaker voorkomend 'fosfaten',
https://data.omgeving.vlaanderen.be/id/concept/csor/parameteraspect/PAS_5051,prefLabel,ParameterAspect,TC (totaal in lucht): massaconcentratie,near_duplicate_labelwoord,'tc' lijkt op vaker voorkomend 'toc',
https://data.omgeving.vlaanderen.be/id/concept/csor/parameter/P_788,prefLabel,Parameter,Broomtrichloorethaan in water,near_duplicate_labelwoord,'broomtrichloorethaan' lijkt op vaker voorkomend 'broomdichloormethaan',
https://data.omgeving.vlaanderen.be/id/concept/csor/variabele/V_550,prefLabel,Variabele,Broomtrichloorethaan,near_duplicate_labelwoord,'broomtrichloorethaan' lijkt op vaker voorkomend 'broomdichloormethaan',
https://data.omgeving.vlaanderen.be/id/concept/csor/parameteraspect/PAS_422,prefLabel,ParameterAspect,DFenCdazon (standaard in water): massaconcentratie,near_duplicate_labelwoord,'dfencdazon' lijkt op vaker voorkomend 'cdazon',
https://data.omgeving.vlaanderen.be/id/concept/csor/parameteraspect/PAS_2746,prefLabel,ParameterAspect,AES (standaard in water): vracht,near_duplicate_labelwoord,'aes' lijkt op vaker voorkomend 'es',
https://data.omgeving.vlaanderen.be/id/concept/csor/parameteraspect/PAS_2745,prefLabel,ParameterAspect,AES (standaard in water): massaconcentratie,near_duplicate_labelwoord,'aes' lijkt op vaker voorkomend 'es',
https://data.omgeving.vlaanderen.be/id/concept/csor/parameter/P_1458,prefLabel,Parameter,Filterverzadiging in water,near_duplicate_labelwoord,'filterverzadiging' lijkt op vaker voorkomend 'verzadiging',
https://data.omgeving.vlaanderen.be/id/concept/csor/variabele/V_961,prefLabel,Variabele,Filterverzadiging,near_duplicate_labelwoord,'filterverzadiging' lijkt op vaker voorkomend 'verzadiging',
https://data.omgeving.vlaanderen.be/id/concept/csor/parameteraspect/PAS_3790,prefLabel,ParameterAspect,24-DCBA (standaard in water): vracht,near_duplicate_labelwoord,'dcba' lijkt op vaker voorkomend 'dcma',
https://data.omgeving.vlaanderen.be/id/concept/csor/parameteraspect/PAS_3789,prefLabel,ParameterAspect,24-DCBA (standaard in water): massaconcentratie,near_duplicate_labelwoord,'dcba' lijkt op vaker voorkomend 'dcma',
https://data.omgeving.vlaanderen.be/id/concept/csor/variabele/V_1505,prefLabel,Variabele,2-perfluorbutaansulfonamidoethanol (FBSE),near_duplicate_labelwoord,'perfluorbutaansulfonamidoethanol' lijkt op vaker voorkomend 'perfluorbutaansulfonamide',
https://data.omgeving.vlaanderen.be/id/concept/csor/parameter/P_2312,prefLabel,Parameter,2-perfluorbutaansulfonamidoethanol (FBSE) in water,near_duplicate_labelwoord,'perfluorbutaansulfonamidoethanol' lijkt op vaker voorkomend 'perfluorbutaansulfonamide',
https://data.omgeving.vlaanderen.be/id/concept/csor/parameteraspect/PAS_304,prefLabel,ParameterAspect,NBDE (standaard in vaste deel van de aarde): massaverhouding per droge stof,near_duplicate_labelwoord,'nbde' lijkt op vaker voorkomend 'bde',
https://data.omgeving.vlaanderen.be/id/concept/csor/parameteraspect/PAS_8564,prefLabel,ParameterAspect,cMevinfos (standaard in water): massaconcentratie,near_duplicate_labelwoord,'cmevinfos' lijkt op vaker voorkomend 'mevinfos',
https://data.omgeving.vlaanderen.be/id/concept/csor/parameteraspect/PAS_8563,prefLabel,ParameterAspect,cMevinfos (standaard in vaste deel van de aarde): massaverhouding per droge stof,near_duplicate_labelwoord,'cmevinfos' lijkt op vaker voorkomend 'mevinfos',
https://data.omgeving.vlaanderen.be/id/concept/csor/parameteraspect/PAS_560,prefLabel,ParameterAspect,FColi (standaard in water): turbiditeit,near_duplicate_labelwoord,'fcoli' lijkt op vaker voorkomend 'fol',
https://data.omgeving.vlaanderen.be/id/concept/csor/parameteraspect/PAS_559,prefLabel,ParameterAspect,FColi (standaard in water): telling per volume,near_duplicate_labelwoord,'fcoli' lijkt op vaker voorkomend 'fol',
https://data.omgeving.vlaanderen.be/id/concept/csor/parameter/P_965,prefLabel,Parameter,Chloornaftalenen (technisch) in water,near_duplicate_labelwoord,'chloornaftalenen' lijkt op vaker voorkomend 'chloornaftaleen',
https://data.omgeving.vlaanderen.be/id/concept/csor/variabele/V_632,prefLabel,Variabele,Chloornaftalenen (technisch),near_duplicate_labelwoord,'chloornaftalenen' lijkt op vaker voorkomend 'chloornaftaleen',
https://data.omgeving.vlaanderen.be/id/concept/csor/parameter/P_2093,prefLabel,Parameter,Monomethyl Arseenzuur in biota,near_duplicate_labelwoord,'monomethyl' lijkt op vaker voorkomend 'methyl',
https://data.omgeving.vlaanderen.be/id/concept/csor/variabele/V_1375,prefLabel,Variabele,Monomethyl Arseenzuur,near_duplicate_labelwoord,'monomethyl' lijkt op vaker voorkomend 'methyl',
https://data.omgeving.vlaanderen.be/id/concept/csor/parameteraspect/PAS_2275,prefLabel,ParameterAspect,MOySn (standaard in water): massaconcentratie tin,near_duplicate_labelwoord,'moysn' lijkt op vaker voorkomend 'mbysn',
https://data.omgeving.vlaanderen.be/id/concept/csor/parameteraspect/PAS_2274,prefLabel,ParameterAspect,MOySn (standaard in vaste deel van de aarde): massaverhouding tin per droge stof,near_duplicate_labelwoord,'moysn' lijkt op vaker voorkomend 'mbysn',
https://data.omgeving.vlaanderen.be/id/concept/csor/parameteraspect/PAS_8281,prefLabel,ParameterAspect,DCBZA (standaard in water): massaconcentratie,near_duplicate_labelwoord,'dcbza' lijkt op vaker voorkomend 'dbz',
https://data.omgeving.vlaanderen.be/id/concept/csor/parameteraspect/PAS_8280,prefLabel,ParameterAspect,DCBZA (standaard in vaste deel van de aarde): massaverhouding per droge stof,near_duplicate_labelwoord,'dcbza' lijkt op vaker voorkomend 'dbz',
https://data.omgeving.vlaanderen.be/id/concept/csor/variabele/V_2274,prefLabel,Variabele,Pentachloordibenzodioxine (totaal),near_duplicate_labelwoord,'pentachloordibenzodioxine' lijkt op vaker voorkomend 'pentachloordibenzo',
https://data.omgeving.vlaanderen.be/id/concept/csor/parameter/P_4427,prefLabel,Parameter,Pentachloordibenzodioxine (totaal) in vaste deel van de aarde,near_duplicate_labelwoord,'pentachloordibenzodioxine' lijkt op vaker voorkomend 'pentachloordibenzo',
https://data.omgeving.vlaanderen.be/id/concept/csor/parameteraspect/PAS_1422,prefLabel,ParameterAspect,TCFol (standaard in water): massaconcentratie,near_duplicate_labelwoord,'tcfol' lijkt op vaker voorkomend 'cfol',
https://data.omgeving.vlaanderen.be/id/concept/csor/parameteraspect/PAS_1423,prefLabel,ParameterAspect,TCFol (standaard in water): vracht,near_duplicate_labelwoord,'tcfol' lijkt op vaker voorkomend 'cfol',
https://data.omgeving.vlaanderen.be/id/concept/csor/parameter/P_2473,prefLabel,Parameter,9-Nitroanthraceen in TSP,near_duplicate_labelwoord,'nitroanthraceen' lijkt op vaker voorkomend 'anthraceen',
https://data.omgeving.vlaanderen.be/id/concept/csor/variabele/V_1625,prefLabel,Variabele,9-Nitroanthraceen,near_duplicate_labelwoord,'nitroanthraceen' lijkt op vaker voorkomend 'anthraceen',
https://data.omgeving.vlaanderen.be/id/concept/csor/parameteraspect/PAS_8496,prefLabel,ParameterAspect,ISOQU (standaard in water): massaconcentratie,near_duplicate_labelwoord,'isoqu' lijkt op vaker voorkomend 'isoquin',
https://data.omgeving.vlaanderen.be/id/concept/csor/parameteraspect/PAS_8495,prefLabel,ParameterAspect,ISOQU (standaard in vaste deel van de aarde): massaverhouding per droge stof,near_duplicate_labelwoord,'isoqu' lijkt op vaker voorkomend 'isoquin',
https://data.omgeving.vlaanderen.be/id/concept/csor/variabele/V_2116,prefLabel,Variabele,Capronzuur,near_duplicate_labelwoord,'capronzuur' lijkt op vaker voorkomend 'propionzuur',
https://data.omgeving.vlaanderen.be/id/concept/csor/parameter/P_3690,prefLabel,Parameter,Capronzuur in water,near_duplicate_labelwoord,'capronzuur' lijkt op vaker voorkomend 'propionzuur',
https://data.omgeving.vlaanderen.be/id/concept/csor/parameteraspect/PAS_7945,prefLabel,ParameterAspect,Aldr+Diel (standaard in water): massaconcentratie,near_duplicate_labelwoord,'aldr' lijkt op vaker voorkomend 'aldrin',
https://data.omgeving.vlaanderen.be/id/concept/csor/parameteraspect/PAS_7944,prefLabel,ParameterAspect,Aldr+Diel (standaard in vaste deel van de aarde): massaverhouding per droge stof,near_duplicate_labelwoord,'aldr' lijkt op vaker voorkomend 'aldrin',
https://data.omgeving.vlaanderen.be/id/concept/csor/parameteraspect/PAS_7945,prefLabel,ParameterAspect,Aldr+Diel (standaard in water): massaconcentratie,near_duplicate_labelwoord,'diel' lijkt op vaker voorkomend 'deel',
https://data.omgeving.vlaanderen.be/id/concept/csor/parameteraspect/PAS_7944,prefLabel,ParameterAspect,Aldr+Diel (standaard in vaste deel van de aarde): massaverhouding per droge stof,near_duplicate_labelwoord,'diel' lijkt op vaker voorkomend 'deel',
https://data.omgeving.vlaanderen.be/id/concept/csor/parameteraspect/PAS_8357,prefLabel,ParameterAspect,ETAM (standaard in water): massaconcentratie,near_duplicate_labelwoord,'etam' lijkt op vaker voorkomend 'tam',
https://data.omgeving.vlaanderen.be/id/concept/csor/parameteraspect/PAS_8356,prefLabel,ParameterAspect,ETAM (standaard in vaste deel van de aarde): massaverhouding per droge stof,near_duplicate_labelwoord,'etam' lijkt op vaker voorkomend 'tam',
https://data.omgeving.vlaanderen.be/id/concept/csor/parameteraspect/PAS_2116,prefLabel,ParameterAspect,O2 verz (verzadiging in vaste deel van de aarde): percentage,near_duplicate_labelwoord,'verz' lijkt op vaker voorkomend 'ver',
https://data.omgeving.vlaanderen.be/id/concept/csor/parameteraspect/PAS_2115,prefLabel,ParameterAspect,O2 verz (verzadiging in water): percentage,near_duplicate_labelwoord,'verz' lijkt op vaker voorkomend 'ver',
https://data.omgeving.vlaanderen.be/id/concept/csor/parameteraspect/PAS_5197,prefLabel,ParameterAspect,mTolual (standaard in lucht): vracht per tijd,near_duplicate_labelwoord,'mtolual' lijkt op vaker voorkomend 'metola',
https://data.omgeving.vlaanderen.be/id/concept/csor/parameteraspect/PAS_2547,prefLabel,ParameterAspect,DyFol (standaard in water): massaconcentratie,near_duplicate_labelwoord,'dyfol' lijkt op vaker voorkomend 'oyfol',
https://data.omgeving.vlaanderen.be/id/concept/csor/parameteraspect/PAS_2548,prefLabel,ParameterAspect,DyFol (standaard in water): vracht,near_duplicate_labelwoord,'dyfol' lijkt op vaker voorkomend 'oyfol',
https://data.omgeving.vlaanderen.be/id/concept/csor/variabele/V_2300,prefLabel,Variabele,tribroomazijnzuur,near_duplicate_labelwoord,'tribroomazijnzuur' lijkt op vaker voorkomend 'trifluorazijnzuur',
https://data.omgeving.vlaanderen.be/id/concept/csor/parameter/P_4620,prefLabel,Parameter,tribroomazijnzuur in water,near_duplicate_labelwoord,'tribroomazijnzuur' lijkt op vaker voorkomend 'trifluorazijnzuur',
https://data.omgeving.vlaanderen.be/id/concept/csor/parameter/P_1050,prefLabel,Parameter,Dichloordifenyltrichlorethanen in water,near_duplicate_labelwoord,'dichloordifenyltrichlorethanen' lijkt op vaker voorkomend 'dichloordifenyltrichloorethaan',
https://data.omgeving.vlaanderen.be/id/concept/csor/variabele/V_690,prefLabel,Variabele,Dichloordifenyltrichlorethanen,near_duplicate_labelwoord,'dichloordifenyltrichlorethanen' lijkt op vaker voorkomend 'dichloordifenyltrichloorethaan',
https://data.omgeving.vlaanderen.be/id/concept/csor/eenheid/E_235,prefLabel,Eenheid,zuurequivalent per hectare per jaar,near_duplicate_labelwoord,'zuurequivalent' lijkt op vaker voorkomend 'zuurequivalenten',
https://data.omgeving.vlaanderen.be/id/concept/csor/eenheid/E_231,prefLabel,Eenheid,zuurequivalent per hectare,near_duplicate_labelwoord,'zuurequivalent' lijkt op vaker voorkomend 'zuurequivalenten',
https://data.omgeving.vlaanderen.be/id/concept/csor/parameter/P_638,prefLabel,Parameter,alfa-alfa-Dichloortolueen in water,near_duplicate_labelwoord,'dichloortolueen' lijkt op vaker voorkomend 'chloortolueen',
https://data.omgeving.vlaanderen.be/id/concept/csor/variabele/V_443,prefLabel,Variabele,alfa-alfa-Dichloortolueen,near_duplicate_labelwoord,'dichloortolueen' lijkt op vaker voorkomend 'chloortolueen',
https://data.omgeving.vlaanderen.be/id/concept/csor/parameteraspect/PAS_8287,prefLabel,ParameterAspect,DCFM (standaard in water): massaconcentratie,near_duplicate_labelwoord,'dcfm' lijkt op vaker voorkomend 'dcma',
https://data.omgeving.vlaanderen.be/id/concept/csor/parameteraspect/PAS_8286,prefLabel,ParameterAspect,DCFM (standaard in vaste deel van de aarde): massaverhouding per droge stof,near_duplicate_labelwoord,'dcfm' lijkt op vaker voorkomend 'dcma',
https://data.omgeving.vlaanderen.be/id/concept/csor/parameteraspect/PAS_7917,prefLabel,ParameterAspect,TOLTR (standaard in vaste deel van de aarde): massaverhouding per droge stof,near_duplicate_labelwoord,'toltr' lijkt op vaker voorkomend 'tot',
https://data.omgeving.vlaanderen.be/id/concept/csor/parameteraspect/PAS_7918,prefLabel,ParameterAspect,TOLTR (standaard in water): massaconcentratie,near_duplicate_labelwoord,'toltr' lijkt op vaker voorkomend 'tot',
https://data.omgeving.vlaanderen.be/id/concept/csor/variabele/V_482,prefLabel,Variabele,"2,4-Dibroomfenol",near_duplicate_labelwoord,'dibroomfenol' lijkt op vaker voorkomend 'dinitrofenol',
https://data.omgeving.vlaanderen.be/id/concept/csor/parameter/P_682,prefLabel,Parameter,"2,4-Dibroomfenol in water",near_duplicate_labelwoord,'dibroomfenol' lijkt op vaker voorkomend 'dinitrofenol',
https://data.omgeving.vlaanderen.be/id/concept/csor/parameter/P_4063,prefLabel,Parameter,Heptachloordibenzodioxine (totaal) in vaste deel van de aarde,near_duplicate_labelwoord,'heptachloordibenzodioxine' lijkt op vaker voorkomend 'heptachloordibenzo',
https://data.omgeving.vlaanderen.be/id/concept/csor/variabele/V_2184,prefLabel,Variabele,Heptachloordibenzodioxine (totaal),near_duplicate_labelwoord,'heptachloordibenzodioxine' lijkt op vaker voorkomend 'heptachloordibenzo',
https://data.omgeving.vlaanderen.be/id/concept/csor/parameteraspect/PAS_1751,prefLabel,ParameterAspect,ButaC (standaard in water): massaconcentratie,near_duplicate_labelwoord,'butac' lijkt op vaker voorkomend 'bac',
https://data.omgeving.vlaanderen.be/id/concept/csor/parameteraspect/PAS_1752,prefLabel,ParameterAspect,ButaC (standaard in water): vracht,near_duplicate_labelwoord,'butac' lijkt op vaker voorkomend 'bac',
https://data.omgeving.vlaanderen.be/id/concept/csor/parameteraspect/PAS_3016,prefLabel,ParameterAspect,"(Buta,Tria,Ala,Acet) (standaard in water): massaconcentratie",near_duplicate_labelwoord,'buta' lijkt op vaker voorkomend 'beta',
https://data.omgeving.vlaanderen.be/id/concept/csor/parameteraspect/PAS_3017,prefLabel,ParameterAspect,"(Buta,Tria,Ala,Acet) (standaard in water): vracht",near_duplicate_labelwoord,'buta' lijkt op vaker voorkomend 'beta',
https://data.omgeving.vlaanderen.be/id/concept/csor/parameteraspect/PAS_3016,prefLabel,ParameterAspect,"(Buta,Tria,Ala,Acet) (standaard in water): massaconcentratie",near_duplicate_labelwoord,'tria' lijkt op vaker voorkomend 'tri',
https://data.omgeving.vlaanderen.be/id/concept/csor/parameteraspect/PAS_3017,prefLabel,ParameterAspect,"(Buta,Tria,Ala,Acet) (standaard in water): vracht",near_duplicate_labelwoord,'tria' lijkt op vaker voorkomend 'tri',
https://data.omgeving.vlaanderen.be/id/concept/csor/parameteraspect/PAS_3016,prefLabel,ParameterAspect,"(Buta,Tria,Ala,Acet) (standaard in water): massaconcentratie",near_duplicate_labelwoord,'ala' lijkt op vaker voorkomend 'alfa',
https://data.omgeving.vlaanderen.be/id/concept/csor/parameteraspect/PAS_3017,prefLabel,ParameterAspect,"(Buta,Tria,Ala,Acet) (standaard in water): vracht",near_duplicate_labelwoord,'ala' lijkt op vaker voorkomend 'alfa',
https://data.omgeving.vlaanderen.be/id/concept/csor/parameteraspect/PAS_3016,prefLabel,ParameterAspect,"(Buta,Tria,Ala,Acet) (standaard in water): massaconcentratie",near_duplicate_labelwoord,'acet' lijkt op vaker voorkomend 'aceton',
https://data.omgeving.vlaanderen.be/id/concept/csor/parameteraspect/PAS_3017,prefLabel,ParameterAspect,"(Buta,Tria,Ala,Acet) (standaard in water): vracht",near_duplicate_labelwoord,'acet' lijkt op vaker voorkomend 'aceton',
https://data.omgeving.vlaanderen.be/id/concept/csor/parameteraspect/PAS_5384,prefLabel,ParameterAspect,BrHAc (standaard in water): massaconcentratie,near_duplicate_labelwoord,'brhac' lijkt op vaker voorkomend 'bac',
https://data.omgeving.vlaanderen.be/id/concept/csor/parameter/P_1694,prefLabel,Parameter,alifatische organohalogenen; gehalogeneerde alifat in water,near_duplicate_labelwoord,'alifat' lijkt op vaker voorkomend 'alifaten',
https://data.omgeving.vlaanderen.be/id/concept/csor/variabele/V_1152,prefLabel,Variabele,alifatische organohalogenen; gehalogeneerde alifat,near_duplicate_labelwoord,'alifat' lijkt op vaker voorkomend 'alifaten',
https://data.omgeving.vlaanderen.be/id/concept/csor/parameteraspect/PAS_3746,prefLabel,ParameterAspect,TBAB (standaard in water): massaconcentratie,near_duplicate_labelwoord,'tbab' lijkt op vaker voorkomend 'tba',
https://data.omgeving.vlaanderen.be/id/concept/csor/parameteraspect/PAS_3747,prefLabel,ParameterAspect,TBAB (standaard in water): vracht,near_duplicate_labelwoord,'tbab' lijkt op vaker voorkomend 'tba',
https://data.omgeving.vlaanderen.be/id/concept/csor/variabele/V_1184,prefLabel,Variabele,"Som van Butachloor, Triallat,Alachloor,Acetochloor",near_duplicate_labelwoord,'triallat' lijkt op vaker voorkomend 'triallaat',
https://data.omgeving.vlaanderen.be/id/concept/csor/parameter/P_1726,prefLabel,Parameter,"Som van Butachloor, Triallat,Alachloor,Acetochloor in water",near_duplicate_labelwoord,'triallat' lijkt op vaker voorkomend 'triallaat',
https://data.omgeving.vlaanderen.be/id/concept/csor/variabele/V_1012,prefLabel,Variabele,Octylfenolpolyethoxylaat,near_duplicate_labelwoord,'octylfenolpolyethoxylaat' lijkt op vaker voorkomend 'alkylfenolethoxylaat',
https://data.omgeving.vlaanderen.be/id/concept/csor/parameter/P_1543,prefLabel,Parameter,Octylfenolpolyethoxylaat in water,near_duplicate_labelwoord,'octylfenolpolyethoxylaat' lijkt op vaker voorkomend 'alkylfenolethoxylaat',
https://data.omgeving.vlaanderen.be/id/concept/csor/parameteraspect/PAS_3545,prefLabel,ParameterAspect,MMA (standaard in biota): massaverhouding per nat gewicht,near_duplicate_labelwoord,'mma' lijkt op vaker voorkomend 'gamma',
https://data.omgeving.vlaanderen.be/id/concept/csor/variabele/V_162,prefLabel,Variabele,Prochloraz,near_duplicate_labelwoord,'prochloraz' lijkt op vaker voorkomend 'prochloor',
https://data.omgeving.vlaanderen.be/id/concept/csor/parameter/P_194,prefLabel,Parameter,Prochloraz in water,near_duplicate_labelwoord,'prochloraz' lijkt op vaker voorkomend 'prochloor',
https://data.omgeving.vlaanderen.be/id/concept/csor/parameter/P_2330,prefLabel,Parameter,"N-1,3-Dimethylbutyl-N’-fenyl-p-fenylenediamine in water",near_duplicate_labelwoord,'fenyl' lijkt op vaker voorkomend 'difenyl',
https://data.omgeving.vlaanderen.be/id/concept/csor/variabele/V_1521,prefLabel,Variabele,"N-1,3-Dimethylbutyl-N’-fenyl-p-fenylenediamine",near_duplicate_labelwoord,'fenyl' lijkt op vaker voorkomend 'difenyl',
https://data.omgeving.vlaanderen.be/id/concept/csor/parameteraspect/PAS_4747,prefLabel,ParameterAspect,Octanal (standaard in lucht): vracht per tijd,near_duplicate_labelwoord,'octanal' lijkt op vaker voorkomend 'totaal',
https://data.omgeving.vlaanderen.be/id/concept/csor/parameteraspect/PAS_4746,prefLabel,ParameterAspect,Octanal (standaard in lucht): massaconcentratie (Nm³),near_duplicate_labelwoord,'octanal' lijkt op vaker voorkomend 'totaal',
https://data.omgeving.vlaanderen.be/id/concept/csor/parameteraspect/PAS_2468,prefLabel,ParameterAspect,MSP (standaard in vaste deel van de aarde): effecteenheid,near_duplicate_labelwoord,'msp' lijkt op vaker voorkomend 'sp',
https://data.omgeving.vlaanderen.be/id/concept/csor/parameteraspect/PAS_4496,prefLabel,ParameterAspect,Heptanal (standaard in lucht): massaconcentratie (Nm³),near_duplicate_labelwoord,'heptanal' lijkt op vaker voorkomend 'nheptaan',
https://data.omgeving.vlaanderen.be/id/concept/csor/parameteraspect/PAS_4495,prefLabel,ParameterAspect,Heptanal (standaard in lucht): vracht per tijd,near_duplicate_labelwoord,'heptanal' lijkt op vaker voorkomend 'nheptaan',
https://data.omgeving.vlaanderen.be/id/concept/csor/parameteraspect/PAS_8282,prefLabel,ParameterAspect,DCEaS (standaard in water): massaconcentratie,near_duplicate_labelwoord,'dceas' lijkt op vaker voorkomend 'eas',
https://data.omgeving.vlaanderen.be/id/concept/csor/parameteraspect/PAS_30,prefLabel,ParameterAspect,BPe + IP som (standaard in water): massaconcentratie,near_duplicate_labelwoord,'bpe' lijkt op vaker voorkomend 'pe',
https://data.omgeving.vlaanderen.be/id/concept/csor/parameteraspect/PAS_31,prefLabel,ParameterAspect,BPe + IP som (standaard in water): vracht,near_duplicate_labelwoord,'bpe' lijkt op vaker voorkomend 'pe',
https://data.omgeving.vlaanderen.be/id/concept/csor/parameteraspect/PAS_7224,prefLabel,ParameterAspect,NIDET (standaard in vaste deel van de aarde): massaverhouding per droge stof,near_duplicate_labelwoord,'nidet' lijkt op vaker voorkomend 'niet',
https://data.omgeving.vlaanderen.be/id/concept/csor/parameteraspect/PAS_7225,prefLabel,ParameterAspect,NIDET (standaard in water): massaconcentratie,near_duplicate_labelwoord,'nidet' lijkt op vaker voorkomend 'niet',
https://data.omgeving.vlaanderen.be/id/concept/csor/variabele/V_258,prefLabel,Variabele,"Chloorresten, vrij",near_duplicate_labelwoord,'chloorresten' lijkt op vaker voorkomend 'dichlooretheen',
https://data.omgeving.vlaanderen.be/id/concept/csor/parameter/P_311,prefLabel,Parameter,"Chloorresten, vrij in water",near_duplicate_labelwoord,'chloorresten' lijkt op vaker voorkomend 'dichlooretheen',
https://data.omgeving.vlaanderen.be/id/concept/csor/parameteraspect/PAS_7083,prefLabel,ParameterAspect,XYLOL (standaard in vaste deel van de aarde): massaverhouding per droge stof,near_duplicate_labelwoord,'xylol' lijkt op vaker voorkomend 'xyl',
https://data.omgeving.vlaanderen.be/id/concept/csor/parameteraspect/PAS_7084,prefLabel,ParameterAspect,XYLOL (standaard in water): massaconcentratie,near_duplicate_labelwoord,'xylol' lijkt op vaker voorkomend 'xyl',
https://data.omgeving.vlaanderen.be/id/concept/csor/parameteraspect/PAS_2928,prefLabel,ParameterAspect,TOCl (standaard in water): vracht,near_duplicate_labelwoord,'tocl' lijkt op vaker voorkomend 'toc',
https://data.omgeving.vlaanderen.be/id/concept/csor/parameteraspect/PAS_2927,prefLabel,ParameterAspect,TOCl (standaard in water): massaconcentratie,near_duplicate_labelwoord,'tocl' lijkt op vaker voorkomend 'toc',
https://data.omgeving.vlaanderen.be/id/concept/csor/parameteraspect/PAS_2281,prefLabel,ParameterAspect,tCfvinfos (standaard in water): vracht,near_duplicate_labelwoord,'tcfvinfos' lijkt op vaker voorkomend 'cfvinfos',
https://data.omgeving.vlaanderen.be/id/concept/csor/parameteraspect/PAS_2280,prefLabel,ParameterAspect,tCfvinfos (standaard in water): massaconcentratie,near_duplicate_labelwoord,'tcfvinfos' lijkt op vaker voorkomend 'cfvinfos',
https://data.omgeving.vlaanderen.be/id/concept/csor/parameteraspect/PAS_7221,prefLabel,ParameterAspect,ANDET (standaard in water): massaconcentratie,near_duplicate_labelwoord,'andet' lijkt op vaker voorkomend 'ant',
https://data.omgeving.vlaanderen.be/id/concept/csor/parameteraspect/PAS_7219,prefLabel,ParameterAspect,ANDET (standaard in vaste deel van de aarde): massaverhouding per droge stof,near_duplicate_labelwoord,'andet' lijkt op vaker voorkomend 'ant',
https://data.omgeving.vlaanderen.be/id/concept/csor/parameteraspect/PAS_302,prefLabel,ParameterAspect,HpBDE (standaard in vaste deel van de aarde): massaverhouding per droge stof,near_duplicate_labelwoord,'hpbde' lijkt op vaker voorkomend 'bde',
https://data.omgeving.vlaanderen.be/id/concept/csor/variabele/V_2306,prefLabel,Variabele,trichloorazijnzuur,near_duplicate_labelwoord,'trichloorazijnzuur' lijkt op vaker voorkomend 'trifluorazijnzuur',
https://data.omgeving.vlaanderen.be/id/concept/csor/parameter/P_4639,prefLabel,Parameter,trichloorazijnzuur in water,near_duplicate_labelwoord,'trichloorazijnzuur' lijkt op vaker voorkomend 'trifluorazijnzuur',
https://data.omgeving.vlaanderen.be/id/concept/csor/parameteraspect/PAS_2243,prefLabel,ParameterAspect,DCAn t (standaard in water): vracht,near_duplicate_labelwoord,'dcan' lijkt op vaker voorkomend 'dan',
https://data.omgeving.vlaanderen.be/id/concept/csor/parameteraspect/PAS_2242,prefLabel,ParameterAspect,DCAn t (standaard in water): massaconcentratie,near_duplicate_labelwoord,'dcan' lijkt op vaker voorkomend 'dan',
https://data.omgeving.vlaanderen.be/id/concept/csor/parameteraspect/PAS_3018,prefLabel,ParameterAspect,DCBz (standaard in water): massaconcentratie,near_duplicate_labelwoord,'dcbz' lijkt op vaker voorkomend 'dbz',
https://data.omgeving.vlaanderen.be/id/concept/csor/parameteraspect/PAS_3019,prefLabel,ParameterAspect,DCBz (standaard in water): vracht,near_duplicate_labelwoord,'dcbz' lijkt op vaker voorkomend 'dbz',
https://data.omgeving.vlaanderen.be/id/concept/csor/parameteraspect/PAS_4478,prefLabel,ParameterAspect,HCN (standaard in lucht): massaconcentratie (Nm³),near_duplicate_labelwoord,'hcn' lijkt op vaker voorkomend 'cn',
https://data.omgeving.vlaanderen.be/id/concept/csor/parameteraspect/PAS_4479,prefLabel,ParameterAspect,HCN (standaard in lucht): vracht per tijd,near_duplicate_labelwoord,'hcn' lijkt op vaker voorkomend 'cn',
https://data.omgeving.vlaanderen.be/id/concept/csor/parameteraspect/PAS_7233,prefLabel,ParameterAspect,DMETH (standaard in vaste deel van de aarde): massaverhouding per droge stof,near_duplicate_labelwoord,'dmeth' lijkt op vaker voorkomend 'met',
https://data.omgeving.vlaanderen.be/id/concept/csor/parameteraspect/PAS_7234,prefLabel,ParameterAspect,DMETH (standaard in water): massaconcentratie,near_duplicate_labelwoord,'dmeth' lijkt op vaker voorkomend 'met',
https://data.omgeving.vlaanderen.be/id/concept/csor/parameteraspect/PAS_5329,prefLabel,ParameterAspect,HYMO (standaard in water): ecologische kwaliteitscoëfficiënt,near_duplicate_labelwoord,'hymo' lijkt op vaker voorkomend 'thymol',
https://data.omgeving.vlaanderen.be/id/concept/csor/parameter/P_1478,prefLabel,Parameter,Decylfenol in water,near_duplicate_labelwoord,'decylfenol' lijkt op vaker voorkomend 'octylfenol',
https://data.omgeving.vlaanderen.be/id/concept/csor/variabele/V_969,prefLabel,Variabele,Decylfenol,near_duplicate_labelwoord,'decylfenol' lijkt op vaker voorkomend 'octylfenol',
https://data.omgeving.vlaanderen.be/id/concept/csor/variabele/V_1328,prefLabel,Variabele,Oxychlordaan,near_duplicate_labelwoord,'oxychlordaan' lijkt op vaker voorkomend 'chloordaan',
https://data.omgeving.vlaanderen.be/id/concept/csor/parameter/P_1996,prefLabel,Parameter,Oxychlordaan in biota,near_duplicate_labelwoord,'oxychlordaan' lijkt op vaker voorkomend 'chloordaan',
https://data.omgeving.vlaanderen.be/id/concept/csor/variabele/V_1281,prefLabel,Variabele,Desfuroylceftiofur cysteïne disulfide,near_duplicate_labelwoord,'disulfide' lijkt op vaker voorkomend 'sulfide',
https://data.omgeving.vlaanderen.be/id/concept/csor/parameter/P_1829,prefLabel,Parameter,Desfuroylceftiofur cysteïne disulfide in water,near_duplicate_labelwoord,'disulfide' lijkt op vaker voorkomend 'sulfide',
https://data.omgeving.vlaanderen.be/id/concept/csor/parameteraspect/PAS_3412,prefLabel,ParameterAspect,OCdaan (standaard in biota): massaverhouding per nat gewicht,near_duplicate_labelwoord,'ocdaan' lijkt op vaker voorkomend 'cdaan',
https://data.omgeving.vlaanderen.be/id/concept/csor/parameter/P_224,prefLabel,Parameter,3-Chloor-4-methoxyaniline in water,near_duplicate_labelwoord,'methoxyaniline' lijkt op vaker voorkomend 'methylaniline',
https://data.omgeving.vlaanderen.be/id/concept/csor/variabele/V_191,prefLabel,Variabele,3-Chloor-4-methoxyaniline,near_duplicate_labelwoord,'methoxyaniline' lijkt op vaker voorkomend 'methylaniline',
https://data.omgeving.vlaanderen.be/id/concept/csor/parameteraspect/PAS_2298,prefLabel,ParameterAspect,Ostracod gi (groei-inhibitie in vaste deel van de aarde): percentage,near_duplicate_labelwoord,'gi' lijkt op vaker voorkomend 'ghi',
https://data.omgeving.vlaanderen.be/id/concept/csor/parameteraspect/PAS_51,prefLabel,ParameterAspect,Fyto gi (groei-inhibitie in vaste deel van de aarde): percentage,near_duplicate_labelwoord,'gi' lijkt op vaker voorkomend 'ghi',
https://data.omgeving.vlaanderen.be/id/concept/csor/variabele/V_1451,prefLabel,Variabele,2-(perfluorhexyl)ethylalcohol,near_duplicate_labelwoord,'perfluorhexyl' lijkt op vaker voorkomend 'perfluor',
https://data.omgeving.vlaanderen.be/id/concept/csor/parameter/P_2262,prefLabel,Parameter,2-(perfluorhexyl)ethylalcohol in water,near_duplicate_labelwoord,'perfluorhexyl' lijkt op vaker voorkomend 'perfluor',
https://data.omgeving.vlaanderen.be/id/concept/csor/variabele/V_607,prefLabel,Variabele,Trifenyltinchloride,near_duplicate_labelwoord,'trifenyltinchloride' lijkt op vaker voorkomend 'vinylchloride',
https://data.omgeving.vlaanderen.be/id/concept/csor/parameter/P_885,prefLabel,Parameter,Trifenyltinchloride in water,near_duplicate_labelwoord,'trifenyltinchloride' lijkt op vaker voorkomend 'vinylchloride',
https://data.omgeving.vlaanderen.be/id/concept/csor/parameteraspect/PAS_2747,prefLabel,ParameterAspect,AOS (standaard in water): massaconcentratie,near_duplicate_labelwoord,'aos' lijkt op vaker voorkomend 'os',
https://data.omgeving.vlaanderen.be/id/concept/csor/parameteraspect/PAS_2748,prefLabel,ParameterAspect,AOS (standaard in water): vracht,near_duplicate_labelwoord,'aos' lijkt op vaker voorkomend 'os',
https://data.omgeving.vlaanderen.be/id/concept/csor/variabele/V_298,prefLabel,Variabele,Droogresten (105°C),near_duplicate_labelwoord,'droogresten' lijkt op vaker voorkomend 'droogrest',
https://data.omgeving.vlaanderen.be/id/concept/csor/parameter/P_365,prefLabel,Parameter,Droogresten (105°C) in vaste deel van de aarde,near_duplicate_labelwoord,'droogresten' lijkt op vaker voorkomend 'droogrest',
https://data.omgeving.vlaanderen.be/id/concept/csor/variabele/V_605,prefLabel,Variabele,Tributyltinoxide,near_duplicate_labelwoord,'tributyltinoxide' lijkt op vaker voorkomend 'tributyltin',
https://data.omgeving.vlaanderen.be/id/concept/csor/parameter/P_883,prefLabel,Parameter,Tributyltinoxide in water,near_duplicate_labelwoord,'tributyltinoxide' lijkt op vaker voorkomend 'tributyltin',
https://data.omgeving.vlaanderen.be/id/concept/csor/parameteraspect/PAS_2284,prefLabel,ParameterAspect,TPP (standaard in water): massaconcentratie,near_duplicate_labelwoord,'tpp' lijkt op vaker voorkomend 'pp',
https://data.omgeving.vlaanderen.be/id/concept/csor/parameteraspect/PAS_5309,prefLabel,ParameterAspect,TPP (standaard in water): vracht,near_duplicate_labelwoord,'tpp' lijkt op vaker voorkomend 'pp',
https://data.omgeving.vlaanderen.be/id/concept/csor/variabele/V_63,prefLabel,Variabele,Epoxiconazole,near_duplicate_labelwoord,'epoxiconazole' lijkt op vaker voorkomend 'propiconazol',
https://data.omgeving.vlaanderen.be/id/concept/csor/parameter/P_84,prefLabel,Parameter,Epoxiconazole in water,near_duplicate_labelwoord,'epoxiconazole' lijkt op vaker voorkomend 'propiconazol',
https://data.omgeving.vlaanderen.be/id/concept/csor/variabele/V_831,prefLabel,Variabele,Dichloorbenzidines,near_duplicate_labelwoord,'dichloorbenzidines' lijkt op vaker voorkomend 'dichloorbenzenen',
https://data.omgeving.vlaanderen.be/id/concept/csor/parameter/P_1275,prefLabel,Parameter,Dichloorbenzidines in water,near_duplicate_labelwoord,'dichloorbenzidines' lijkt op vaker voorkomend 'dichloorbenzenen',
https://data.omgeving.vlaanderen.be/id/concept/csor/variabele/V_2079,prefLabel,Variabele,Alkylfenolen,near_duplicate_labelwoord,'alkylfenolen' lijkt op vaker voorkomend 'octylfenolen',
https://data.omgeving.vlaanderen.be/id/concept/csor/parameter/P_3501,prefLabel,Parameter,Alkylfenolen in water,near_duplicate_labelwoord,'alkylfenolen' lijkt op vaker voorkomend 'octylfenolen',
https://data.omgeving.vlaanderen.be/id/concept/csor/variabele/V_1757,prefLabel,Variabele,Waterstofcyanide,near_duplicate_labelwoord,'waterstofcyanide' lijkt op vaker voorkomend 'waterstofchloride',
https://data.omgeving.vlaanderen.be/id/concept/csor/parameter/P_2715,prefLabel,Parameter,Waterstofcyanide in lucht,near_duplicate_labelwoord,'waterstofcyanide' lijkt op vaker voorkomend 'waterstofchloride',
https://data.omgeving.vlaanderen.be/id/concept/csor/variabele/V_1498,prefLabel,Variabele,"2,2',3,4,4',5,6,6'-Octachloorbifenyl",near_duplicate_labelwoord,'octachloorbifenyl' lijkt op vaker voorkomend 'tetrachloorbifenyl',
https://data.omgeving.vlaanderen.be/id/concept/csor/parameter/P_727,prefLabel,Parameter,"1-Chloor-2,4-dinitrobenzeen in water",near_duplicate_labelwoord,'dinitrobenzeen' lijkt op vaker voorkomend 'nitrobenzeen',
https://data.omgeving.vlaanderen.be/id/concept/csor/variabele/V_514,prefLabel,Variabele,"1-Chloor-2,4-dinitrobenzeen",near_duplicate_labelwoord,'dinitrobenzeen' lijkt op vaker voorkomend 'nitrobenzeen',
https://data.omgeving.vlaanderen.be/id/concept/csor/variabele/V_633,prefLabel,Variabele,Chloornitrotoluenen,near_duplicate_labelwoord,'chloornitrotoluenen' lijkt op vaker voorkomend 'chloortolueen',
https://data.omgeving.vlaanderen.be/id/concept/csor/parameter/P_966,prefLabel,Parameter,Chloornitrotoluenen in water,near_duplicate_labelwoord,'chloornitrotoluenen' lijkt op vaker voorkomend 'chloortolueen',
https://data.omgeving.vlaanderen.be/id/concept/csor/parameteraspect/PAS_8257,prefLabel,ParameterAspect,DIPAM (standaard in water): massaconcentratie,near_duplicate_labelwoord,'dipam' lijkt op vaker voorkomend 'dipap',
https://data.omgeving.vlaanderen.be/id/concept/csor/variabele/V_635,prefLabel,Variabele,Chloortoluidinen,near_duplicate_labelwoord,'chloortoluidinen' lijkt op vaker voorkomend 'chloortolueen',
https://data.omgeving.vlaanderen.be/id/concept/csor/parameter/P_968,prefLabel,Parameter,Chloortoluidinen in water,near_duplicate_labelwoord,'chloortoluidinen' lijkt op vaker voorkomend 'chloortolueen',
https://data.omgeving.vlaanderen.be/id/concept/csor/variabele/V_1014,prefLabel,Variabele,Decylfenolpolyethoxylaat,near_duplicate_labelwoord,'decylfenolpolyethoxylaat' lijkt op vaker voorkomend 'alkylfenolethoxylaat',
https://data.omgeving.vlaanderen.be/id/concept/csor/parameter/P_1545,prefLabel,Parameter,Decylfenolpolyethoxylaat in water,near_duplicate_labelwoord,'decylfenolpolyethoxylaat' lijkt op vaker voorkomend 'alkylfenolethoxylaat',
https://data.omgeving.vlaanderen.be/id/concept/csor/variabele/V_926,prefLabel,Variabele,"1,1-Dichloorfluorethaan",near_duplicate_labelwoord,'dichloorfluorethaan' lijkt op vaker voorkomend 'dichloorethaan',
https://data.omgeving.vlaanderen.be/id/concept/csor/parameter/P_1421,prefLabel,Parameter,"1,1-Dichloorfluorethaan in water",near_duplicate_labelwoord,'dichloorfluorethaan' lijkt op vaker voorkomend 'dichloorethaan',
https://data.omgeving.vlaanderen.be/id/concept/csor/parameteraspect/PAS_660,prefLabel,ParameterAspect,ZS afm. (standaard in water): lengte,near_duplicate_labelwoord,'afm' lijkt op vaker voorkomend 'af',
https://data.omgeving.vlaanderen.be/id/concept/csor/variabele/V_566,prefLabel,Variabele,Trihalomethanen totaal,near_duplicate_labelwoord,'trihalomethanen' lijkt op vaker voorkomend 'trichloormethaan',
https://data.omgeving.vlaanderen.be/id/concept/csor/parameter/P_812,prefLabel,Parameter,Trihalomethanen totaal in water,near_duplicate_labelwoord,'trihalomethanen' lijkt op vaker voorkomend 'trichloormethaan',
https://data.omgeving.vlaanderen.be/id/concept/csor/parameteraspect/PAS_6973,prefLabel,ParameterAspect,TBUAC (standaard in water): massaconcentratie,near_duplicate_labelwoord,'tbuac' lijkt op vaker voorkomend 'tba',
https://data.omgeving.vlaanderen.be/id/concept/csor/parameteraspect/PAS_6972,prefLabel,ParameterAspect,TBUAC (standaard in vaste deel van de aarde): massaverhouding per droge stof,near_duplicate_labelwoord,'tbuac' lijkt op vaker voorkomend 'tba',
https://data.omgeving.vlaanderen.be/id/concept/csor/parameteraspect/PAS_2200,prefLabel,ParameterAspect,DnHyFt (standaard in water): massaconcentratie,near_duplicate_labelwoord,'dnhyft' lijkt op vaker voorkomend 'dnoyft',
https://data.omgeving.vlaanderen.be/id/concept/csor/variabele/V_1504,prefLabel,Variabele,N-methylperfluorbutaansulfonamidoethanol (MeFBSE),near_duplicate_labelwoord,'methylperfluorbutaansulfonamidoethanol' lijkt op vaker voorkomend 'methylperfluorbutaansulfonamide',
https://data.omgeving.vlaanderen.be/id/concept/csor/parameter/P_2311,prefLabel,Parameter,N-methylperfluorbutaansulfonamidoethanol (MeFBSE) in water,near_duplicate_labelwoord,'methylperfluorbutaansulfonamidoethanol' lijkt op vaker voorkomend 'methylperfluorbutaansulfonamide',
https://data.omgeving.vlaanderen.be/id/concept/csor/parameteraspect/PAS_6827,prefLabel,ParameterAspect,OTOL (standaard in water): massaconcentratie,near_duplicate_labelwoord,'otol' lijkt op vaker voorkomend 'oeytol',
https://data.omgeving.vlaanderen.be/id/concept/csor/parameteraspect/PAS_6826,prefLabel,ParameterAspect,OTOL (standaard in vaste deel van de aarde): massaverhouding per droge stof,near_duplicate_labelwoord,'otol' lijkt op vaker voorkomend 'oeytol',
https://data.omgeving.vlaanderen.be/id/concept/csor/variabele/V_1704,prefLabel,Variabele,Crotonaldehyde,near_duplicate_labelwoord,'crotonaldehyde' lijkt op vaker voorkomend 'tolualdehyde',
https://data.omgeving.vlaanderen.be/id/concept/csor/parameter/P_2620,prefLabel,Parameter,Crotonaldehyde in lucht,near_duplicate_labelwoord,'crotonaldehyde' lijkt op vaker voorkomend 'tolualdehyde',
https://data.omgeving.vlaanderen.be/id/concept/csor/parameteraspect/PAS_4125,prefLabel,ParameterAspect,Anthan (standaard in lucht): vracht per tijd,near_duplicate_labelwoord,'anthan' lijkt op vaker voorkomend 'lanthaan',
https://data.omgeving.vlaanderen.be/id/concept/csor/parameteraspect/PAS_151,prefLabel,ParameterAspect,Anthan (standaard in water): massaconcentratie,near_duplicate_labelwoord,'anthan' lijkt op vaker voorkomend 'lanthaan',
https://data.omgeving.vlaanderen.be/id/concept/csor/parameteraspect/PAS_4,prefLabel,ParameterAspect,a+b+d+gHCHS (standaard in water): vracht,near_duplicate_labelwoord,'ghchs' lijkt op vaker voorkomend 'ghch',
https://data.omgeving.vlaanderen.be/id/concept/csor/parameteraspect/PAS_3,prefLabel,ParameterAspect,a+b+d+gHCHS (standaard in water): massaconcentratie,near_duplicate_labelwoord,'ghchs' lijkt op vaker voorkomend 'ghch',
https://data.omgeving.vlaanderen.be/id/concept/csor/variabele/V_809,prefLabel,Variabele,Di-n-hexylftalaat,near_duplicate_labelwoord,'hexylftalaat' lijkt op vaker voorkomend 'diethylftalaat',
https://data.omgeving.vlaanderen.be/id/concept/csor/parameter/P_1248,prefLabel,Parameter,Di-n-hexylftalaat in water,near_duplicate_labelwoord,'hexylftalaat' lijkt op vaker voorkomend 'diethylftalaat',
https://data.omgeving.vlaanderen.be/id/concept/csor/parameteraspect/PAS_8171,prefLabel,ParameterAspect,BUTAM (standaard in water): massaconcentratie,near_duplicate_labelwoord,'butam' lijkt op vaker voorkomend 'tam',
https://data.omgeving.vlaanderen.be/id/concept/csor/parameteraspect/PAS_8170,prefLabel,ParameterAspect,BUTAM (standaard in vaste deel van de aarde): massaverhouding per droge stof,near_duplicate_labelwoord,'butam' lijkt op vaker voorkomend 'tam',
https://data.omgeving.vlaanderen.be/id/concept/csor/variabele/V_1169,prefLabel,Variabele,Som v totale Organofosfor en organohalogeenverbind,near_duplicate_labelwoord,'organohalogeenverbind' lijkt op vaker voorkomend 'organohalogenen',
https://data.omgeving.vlaanderen.be/id/concept/csor/parameter/P_1711,prefLabel,Parameter,Som v totale Organofosfor en organohalogeenverbind in water,near_duplicate_labelwoord,'organohalogeenverbind' lijkt op vaker voorkomend 'organohalogenen',
https://data.omgeving.vlaanderen.be/id/concept/csor/variabele/V_2187,prefLabel,Variabele,Hexachloordibenzodioxine (totaal),near_duplicate_labelwoord,'hexachloordibenzodioxine' lijkt op vaker voorkomend 'hexachloordibenzo',
https://data.omgeving.vlaanderen.be/id/concept/csor/parameter/P_4067,prefLabel,Parameter,Hexachloordibenzodioxine (totaal) in vaste deel van de aarde,near_duplicate_labelwoord,'hexachloordibenzodioxine' lijkt op vaker voorkomend 'hexachloordibenzo',
https://data.omgeving.vlaanderen.be/id/concept/csor/parameteraspect/PAS_2452,prefLabel,ParameterAspect,PBT (standaard in water): vracht,near_duplicate_labelwoord,'pbt' lijkt op vaker voorkomend 'pt',
https://data.omgeving.vlaanderen.be/id/concept/csor/parameteraspect/PAS_2451,prefLabel,ParameterAspect,PBT (standaard in water): massaconcentratie,near_duplicate_labelwoord,'pbt' lijkt op vaker voorkomend 'pt',
https://data.omgeving.vlaanderen.be/id/concept/csor/parameteraspect/PAS_2278,prefLabel,ParameterAspect,cCfvinfos (standaard in water): massaconcentratie,near_duplicate_labelwoord,'ccfvinfos' lijkt op vaker voorkomend 'cfvinfos',
https://data.omgeving.vlaanderen.be/id/concept/csor/parameteraspect/PAS_2279,prefLabel,ParameterAspect,cCfvinfos (standaard in water): vracht,near_duplicate_labelwoord,'ccfvinfos' lijkt op vaker voorkomend 'cfvinfos',
https://data.omgeving.vlaanderen.be/id/concept/csor/parameter/P_381,prefLabel,Parameter,Saliniteit in water,near_duplicate_labelwoord,'saliniteit' lijkt op vaker voorkomend 'alkaniteit',
https://data.omgeving.vlaanderen.be/id/concept/csor/variabele/V_312,prefLabel,Variabele,Saliniteit,near_duplicate_labelwoord,'saliniteit' lijkt op vaker voorkomend 'alkaniteit',
https://data.omgeving.vlaanderen.be/id/concept/csor/variabele/V_68,prefLabel,Variabele,Ethaanthiol,near_duplicate_labelwoord,'ethaanthiol' lijkt op vaker voorkomend 'ethanol',
https://data.omgeving.vlaanderen.be/id/concept/csor/parameter/P_89,prefLabel,Parameter,Ethaanthiol in water,near_duplicate_labelwoord,'ethaanthiol' lijkt op vaker voorkomend 'ethanol',
https://data.omgeving.vlaanderen.be/id/concept/csor/variabele/V_2139,prefLabel,Variabele,dichloorazijnzuur,near_duplicate_labelwoord,'dichloorazijnzuur' lijkt op vaker voorkomend 'trifluorazijnzuur',
https://data.omgeving.vlaanderen.be/id/concept/csor/parameter/P_3847,prefLabel,Parameter,dichloorazijnzuur in water,near_duplicate_labelwoord,'dichloorazijnzuur' lijkt op vaker voorkomend 'trifluorazijnzuur',
https://data.omgeving.vlaanderen.be/id/concept/csor/parameter/P_1560,prefLabel,Parameter,Alkylsulfaten in water,near_duplicate_labelwoord,'alkylsulfaten' lijkt op vaker voorkomend 'sulfaten',
https://data.omgeving.vlaanderen.be/id/concept/csor/variabele/V_1029,prefLabel,Variabele,Alkylsulfaten,near_duplicate_labelwoord,'alkylsulfaten' lijkt op vaker voorkomend 'sulfaten',
https://data.omgeving.vlaanderen.be/id/concept/csor/parameteraspect/PAS_2245,prefLabel,ParameterAspect,DCEa (standaard in water): vracht,near_duplicate_labelwoord,'dcea' lijkt op vaker voorkomend 'cea',
https://data.omgeving.vlaanderen.be/id/concept/csor/parameteraspect/PAS_2244,prefLabel,ParameterAspect,DCEa (standaard in water): massaconcentratie,near_duplicate_labelwoord,'dcea' lijkt op vaker voorkomend 'cea',
https://data.omgeving.vlaanderen.be/id/concept/csor/parameter/P_2315,prefLabel,Parameter,perfluorbutaansulfonamidoazijnzuur (FBSAA) in water,near_duplicate_labelwoord,'perfluorbutaansulfonamidoazijnzuur' lijkt op vaker voorkomend 'perfluoroctaansulfonamidoazijnzuur',
https://data.omgeving.vlaanderen.be/id/concept/csor/variabele/V_1508,prefLabel,Variabele,perfluorbutaansulfonamidoazijnzuur (FBSAA),near_duplicate_labelwoord,'perfluorbutaansulfonamidoazijnzuur' lijkt op vaker voorkomend 'perfluoroctaansulfonamidoazijnzuur',
https://data.omgeving.vlaanderen.be/id/concept/csor/parameteraspect/PAS_411,prefLabel,ParameterAspect,SotalolHCl (standaard in water): vracht,near_duplicate_labelwoord,'sotalolhcl' lijkt op vaker voorkomend 'sotalol',
https://data.omgeving.vlaanderen.be/id/concept/csor/parameteraspect/PAS_410,prefLabel,ParameterAspect,SotalolHCl (standaard in water): massaconcentratie,near_duplicate_labelwoord,'sotalolhcl' lijkt op vaker voorkomend 'sotalol',
https://data.omgeving.vlaanderen.be/id/concept/csor/parameteraspect/PAS_2259,prefLabel,ParameterAspect,ONP t (standaard in water): vracht,near_duplicate_labelwoord,'onp' lijkt op vaker voorkomend 'op',
https://data.omgeving.vlaanderen.be/id/concept/csor/parameteraspect/PAS_2258,prefLabel,ParameterAspect,ONP t (standaard in water): massaconcentratie,near_duplicate_labelwoord,'onp' lijkt op vaker voorkomend 'op',
https://data.omgeving.vlaanderen.be/id/concept/csor/parameteraspect/PAS_130,prefLabel,ParameterAspect,DBAcNit (standaard in water): massaconcentratie,near_duplicate_labelwoord,'dbacnit' lijkt op vaker voorkomend 'acrnit',
https://data.omgeving.vlaanderen.be/id/concept/csor/parameteraspect/PAS_131,prefLabel,ParameterAspect,DBAcNit (standaard in water): vracht,near_duplicate_labelwoord,'dbacnit' lijkt op vaker voorkomend 'acrnit',
https://data.omgeving.vlaanderen.be/id/concept/csor/parameteraspect/PAS_5153,prefLabel,ParameterAspect,cyAlk (standaard in lucht): vracht per tijd,near_duplicate_labelwoord,'cyalk' lijkt op vaker voorkomend 'alk',
https://data.omgeving.vlaanderen.be/id/concept/csor/parameteraspect/PAS_128,prefLabel,ParameterAspect,DBHAc (standaard in water): massaconcentratie,near_duplicate_labelwoord,'dbhac' lijkt op vaker voorkomend 'bac',
https://data.omgeving.vlaanderen.be/id/concept/csor/parameteraspect/PAS_129,prefLabel,ParameterAspect,DBHAc (standaard in water): vracht,near_duplicate_labelwoord,'dbhac' lijkt op vaker voorkomend 'bac',
https://data.omgeving.vlaanderen.be/id/concept/csor/variabele/V_2061,prefLabel,Variabele,"4,4’-methylenebis(2-chloroaniline)",near_duplicate_labelwoord,'chloroaniline' lijkt op vaker voorkomend 'chlooraniline',
https://data.omgeving.vlaanderen.be/id/concept/csor/parameter/P_3433,prefLabel,Parameter,"4,4’-methylenebis(2-chloroaniline) in water",near_duplicate_labelwoord,'chloroaniline' lijkt op vaker voorkomend 'chlooraniline',
https://data.omgeving.vlaanderen.be/id/concept/csor/variabele/V_1146,prefLabel,Variabele,"Som (matig-)vluchtige halog.verb., PCB en OCl-pest",near_duplicate_labelwoord,'ocl' lijkt op vaker voorkomend 'vocl',
https://data.omgeving.vlaanderen.be/id/concept/csor/parameter/P_1687,prefLabel,Parameter,"Som (matig-)vluchtige halog.verb., PCB en OCl-pest in water",near_duplicate_labelwoord,'ocl' lijkt op vaker voorkomend 'vocl',
https://data.omgeving.vlaanderen.be/id/concept/csor/parameteraspect/PAS_5385,prefLabel,ParameterAspect,NTA (standaard in water): massaconcentratie,near_duplicate_labelwoord,'nta' lijkt op vaker voorkomend 'na',
https://data.omgeving.vlaanderen.be/id/concept/csor/parameterAfleiding/AFL_79,prefLabel,ParameterAfleidingVeelterm,Vluchtige organische halogeenverbindingen,near_duplicate_labelwoord,'halogeenverbindingen' lijkt op vaker voorkomend 'verbindingen',
https://data.omgeving.vlaanderen.be/id/concept/csor/parameter/P_199,prefLabel,Parameter,Benfluralin in water,near_duplicate_labelwoord,'benfluralin' lijkt op vaker voorkomend 'tfluralin',
https://data.omgeving.vlaanderen.be/id/concept/csor/variabele/V_167,prefLabel,Variabele,Benfluralin,near_duplicate_labelwoord,'benfluralin' lijkt op vaker voorkomend 'tfluralin',
https://data.omgeving.vlaanderen.be/id/concept/csor/parameteraspect/PAS_301,prefLabel,ParameterAspect,HBDE (standaard in vaste deel van de aarde): massaverhouding per droge stof,near_duplicate_labelwoord,'hbde' lijkt op vaker voorkomend 'bde',
https://data.omgeving.vlaanderen.be/id/concept/csor/variabele/V_651,prefLabel,Variabele,Thiosulfaat,near_duplicate_labelwoord,'thiosulfaat' lijkt op vaker voorkomend 'sulfaat',
https://data.omgeving.vlaanderen.be/id/concept/csor/parameter/P_993,prefLabel,Parameter,Thiosulfaat in water,near_duplicate_labelwoord,'thiosulfaat' lijkt op vaker voorkomend 'sulfaat',
https://data.omgeving.vlaanderen.be/id/concept/csor/parameteraspect/PAS_328,prefLabel,ParameterAspect,Pmethalin (standaard in water): massaconcentratie,near_duplicate_labelwoord,'pmethalin' lijkt op vaker voorkomend 'pmethrin',
https://data.omgeving.vlaanderen.be/id/concept/csor/parameteraspect/PAS_5179,prefLabel,ParameterAspect,iButeen (standaard in lucht): vracht per tijd,near_duplicate_labelwoord,'ibuteen' lijkt op vaker voorkomend 'buteen',
https://data.omgeving.vlaanderen.be/id/concept/csor/parameteraspect/PAS_427,prefLabel,ParameterAspect,DMySam (standaard in water): massaconcentratie,near_duplicate_labelwoord,'dmysam' lijkt op vaker voorkomend 'dmyam',
https://data.omgeving.vlaanderen.be/id/concept/csor/parameteraspect/PAS_7895,prefLabel,ParameterAspect,IPCB (standaard in vaste deel van de aarde): massaverhouding per droge stof,near_duplicate_labelwoord,'ipcb' lijkt op vaker voorkomend 'pcb',
https://data.omgeving.vlaanderen.be/id/concept/csor/parameteraspect/PAS_7896,prefLabel,ParameterAspect,IPCB (standaard in water): massaconcentratie,near_duplicate_labelwoord,'ipcb' lijkt op vaker voorkomend 'pcb',
https://data.omgeving.vlaanderen.be/id/concept/csor/parameteraspect/PAS_1541,prefLabel,ParameterAspect,TBySnO (standaard in water): vracht,near_duplicate_labelwoord,'tbysno' lijkt op vaker voorkomend 'tbysn',
https://data.omgeving.vlaanderen.be/id/concept/csor/parameteraspect/PAS_1540,prefLabel,ParameterAspect,TBySnO (standaard in water): massaconcentratie,near_duplicate_labelwoord,'tbysno' lijkt op vaker voorkomend 'tbysn',
https://data.omgeving.vlaanderen.be/id/concept/csor/eenheid/E_364,prefLabel,Eenheid,kubieke millimeter biovolume per liter,near_duplicate_labelwoord,'biovolume' lijkt op vaker voorkomend 'volume',
https://data.omgeving.vlaanderen.be/id/concept/csor/kwantificeerbaaraspect/KWA_142,prefLabel,KwantificeerbaarAspect,biovolume per volume,near_duplicate_labelwoord,'biovolume' lijkt op vaker voorkomend 'volume',
https://data.omgeving.vlaanderen.be/id/concept/csor/parameteraspect/PAS_8360,prefLabel,ParameterAspect,ETHEX (standaard in vaste deel van de aarde): massaverhouding per droge stof,near_duplicate_labelwoord,'ethex' lijkt op vaker voorkomend 'ether',
https://data.omgeving.vlaanderen.be/id/concept/csor/parameteraspect/PAS_8361,prefLabel,ParameterAspect,ETHEX (standaard in water): massaconcentratie,near_duplicate_labelwoord,'ethex' lijkt op vaker voorkomend 'ether',
https://data.omgeving.vlaanderen.be/id/concept/csor/variabele/V_958,prefLabel,Variabele,Tetrachloorvinfos,near_duplicate_labelwoord,'tetrachloorvinfos' lijkt op vaker voorkomend 'tetrachloordibenzo',
https://data.omgeving.vlaanderen.be/id/concept/csor/parameter/P_1455,prefLabel,Parameter,Tetrachloorvinfos in water,near_duplicate_labelwoord,'tetrachloorvinfos' lijkt op vaker voorkomend 'tetrachloordibenzo',
https://data.omgeving.vlaanderen.be/id/concept/csor/parameteraspect/PAS_6252,prefLabel,ParameterAspect,Metpro (standaard in water): vracht per tijd,near_duplicate_labelwoord,'metpro' lijkt op vaker voorkomend 'metoprolol',
https://data.omgeving.vlaanderen.be/id/concept/csor/parameteraspect/PAS_6251,prefLabel,ParameterAspect,Metpro (standaard in water): massaconcentratie,near_duplicate_labelwoord,'metpro' lijkt op vaker voorkomend 'metoprolol',
https://data.omgeving.vlaanderen.be/id/concept/csor/parameteraspect/PAS_7943,prefLabel,ParameterAspect,FLUDB (standaard in water): massaconcentratie,near_duplicate_labelwoord,'fludb' lijkt op vaker voorkomend 'flu',
https://data.omgeving.vlaanderen.be/id/concept/csor/parameteraspect/PAS_7942,prefLabel,ParameterAspect,FLUDB (standaard in vaste deel van de aarde): massaverhouding per droge stof,near_duplicate_labelwoord,'fludb' lijkt op vaker voorkomend 'flu',
https://data.omgeving.vlaanderen.be/id/concept/csor/eenheid/E_328,prefLabel,Eenheid,miligram koolstof per normaal kubieke meter,near_duplicate_labelwoord,'miligram' lijkt op vaker voorkomend 'milligram',
https://data.omgeving.vlaanderen.be/id/concept/csor/parameter/P_500,prefLabel,Parameter,"Monoaromatische KWS, totaal in water",near_duplicate_labelwoord,'monoaromatische' lijkt op vaker voorkomend 'aromatische',
https://data.omgeving.vlaanderen.be/id/concept/csor/variabele/V_361,prefLabel,Variabele,"Monoaromatische KWS, totaal",near_duplicate_labelwoord,'monoaromatische' lijkt op vaker voorkomend 'aromatische',
https://data.omgeving.vlaanderen.be/id/concept/csor/parameteraspect/PAS_3767,prefLabel,ParameterAspect,DIC (anorganisch opgelost in water): massaconcentratie koolstof,near_duplicate_labelwoord,'dic' lijkt op vaker voorkomend 'di',
https://data.omgeving.vlaanderen.be/id/concept/csor/parameteraspect/PAS_7310,prefLabel,ParameterAspect,TCES (standaard in vaste deel van de aarde): massaverhouding per droge stof,near_duplicate_labelwoord,'tces' lijkt op vaker voorkomend 'tcee',
https://data.omgeving.vlaanderen.be/id/concept/csor/parameteraspect/PAS_7311,prefLabel,ParameterAspect,TCES (standaard in water): massaconcentratie,near_duplicate_labelwoord,'tces' lijkt op vaker voorkomend 'tcee',
https://data.omgeving.vlaanderen.be/id/concept/csor/parameteraspect/PAS_8452,prefLabel,ParameterAspect,HEXNOL (standaard in water): massaconcentratie,near_duplicate_labelwoord,'hexnol' lijkt op vaker voorkomend 'hexanon',
https://data.omgeving.vlaanderen.be/id/concept/csor/parameteraspect/PAS_8451,prefLabel,ParameterAspect,HEXNOL (standaard in vaste deel van de aarde): massaverhouding per droge stof,near_duplicate_labelwoord,'hexnol' lijkt op vaker voorkomend 'hexanon',
https://data.omgeving.vlaanderen.be/id/concept/csor/parameteraspect/PAS_8325,prefLabel,ParameterAspect,DiPyGlycol (standaard in water): massaconcentratie,near_duplicate_labelwoord,'dipyglycol' lijkt op vaker voorkomend 'pyglycol',
https://data.omgeving.vlaanderen.be/id/concept/csor/parameteraspect/PAS_3875,prefLabel,ParameterAspect,DiPyGlycol (standaard in vaste deel van de aarde): massaverhouding per droge stof,near_duplicate_labelwoord,'dipyglycol' lijkt op vaker voorkomend 'pyglycol',
https://data.omgeving.vlaanderen.be/id/concept/csor/parameteraspect/PAS_6889,prefLabel,ParameterAspect,nPentanol (standaard in water): massaconcentratie,near_duplicate_labelwoord,'npentanol' lijkt op vaker voorkomend 'pentanon',
https://data.omgeving.vlaanderen.be/id/concept/csor/parameteraspect/PAS_6888,prefLabel,ParameterAspect,nPentanol (standaard in vaste deel van de aarde): massaverhouding per droge stof,near_duplicate_labelwoord,'npentanol' lijkt op vaker voorkomend 'pentanon',
https://data.omgeving.vlaanderen.be/id/concept/csor/parameteraspect/PAS_303,prefLabel,ParameterAspect,OBDE (standaard in vaste deel van de aarde): massaverhouding per droge stof,near_duplicate_labelwoord,'obde' lijkt op vaker voorkomend 'bde',
https://data.omgeving.vlaanderen.be/id/conceptscheme/csor/kwalificeerbaaraspect,prefLabel,,Kwalificeerbaar aspect,near_duplicate_labelwoord,'kwalificeerbaar' lijkt op vaker voorkomend 'kwantificeerbare',
https://data.omgeving.vlaanderen.be/id/concept/csor/parameteraspect/PAS_1084,prefLabel,ParameterAspect,Chol (standaard in water): vracht,near_duplicate_labelwoord,'chol' lijkt op vaker voorkomend 'ctol',
https://data.omgeving.vlaanderen.be/id/concept/csor/parameteraspect/PAS_1083,prefLabel,ParameterAspect,Chol (standaard in water): massaconcentratie,near_duplicate_labelwoord,'chol' lijkt op vaker voorkomend 'ctol',
https://data.omgeving.vlaanderen.be/id/concept/csor/parameter/P_4634,prefLabel,Parameter,Trichloorbroommethaan in water,near_duplicate_labelwoord,'trichloorbroommethaan' lijkt op vaker voorkomend 'trichloormethaan',
https://data.omgeving.vlaanderen.be/id/concept/csor/variabele/V_2305,prefLabel,Variabele,Trichloorbroommethaan,near_duplicate_labelwoord,'trichloorbroommethaan' lijkt op vaker voorkomend 'trichloormethaan',
https://data.omgeving.vlaanderen.be/id/concept/csor/parameteraspect/PAS_8204,prefLabel,ParameterAspect,Cfvinfosez (standaard in water): massaconcentratie,near_duplicate_labelwoord,'cfvinfosez' lijkt op vaker voorkomend 'cfvinfos',
https://data.omgeving.vlaanderen.be/id/concept/csor/parameteraspect/PAS_8203,prefLabel,ParameterAspect,Cfvinfosez (standaard in vaste deel van de aarde): massaverhouding per droge stof,near_duplicate_labelwoord,'cfvinfosez' lijkt op vaker voorkomend 'cfvinfos',
https://data.omgeving.vlaanderen.be/id/concept/csor/parameter/P_4431,prefLabel,Parameter,Polychloordibenzofuranen (PCDF) in vaste deel van de aarde,near_duplicate_labelwoord,'polychloordibenzofuranen' lijkt op vaker voorkomend 'octachloordibenzofuraan',
https://data.omgeving.vlaanderen.be/id/concept/csor/variabele/V_2277,prefLabel,Variabele,Polychloordibenzofuranen (PCDF),near_duplicate_labelwoord,'polychloordibenzofuranen' lijkt op vaker voorkomend 'octachloordibenzofuraan',
https://data.omgeving.vlaanderen.be/id/concept/csor/variabele/V_813,prefLabel,Variabele,Di-isooctylftalaat,near_duplicate_labelwoord,'isooctylftalaat' lijkt op vaker voorkomend 'octylftalaat',
https://data.omgeving.vlaanderen.be/id/concept/csor/parameter/P_1256,prefLabel,Parameter,Di-isooctylftalaat in water,near_duplicate_labelwoord,'isooctylftalaat' lijkt op vaker voorkomend 'octylftalaat',
https://data.omgeving.vlaanderen.be/id/concept/csor/parameteraspect/PAS_3004,prefLabel,ParameterAspect,"DDT, DDE en isom (standaard in water): vracht",near_duplicate_labelwoord,'isom' lijkt op vaker voorkomend 'som',
https://data.omgeving.vlaanderen.be/id/concept/csor/parameteraspect/PAS_3003,prefLabel,ParameterAspect,"DDT, DDE en isom (standaard in water): massaconcentratie",near_duplicate_labelwoord,'isom' lijkt op vaker voorkomend 'som',
https://data.omgeving.vlaanderen.be/id/concept/csor/parameteraspect/PAS_1385,prefLabel,ParameterAspect,BTCEa (standaard in water): vracht,near_duplicate_labelwoord,'btcea' lijkt op vaker voorkomend 'tcea',
https://data.omgeving.vlaanderen.be/id/concept/csor/parameteraspect/PAS_1384,prefLabel,ParameterAspect,BTCEa (standaard in water): massaconcentratie,near_duplicate_labelwoord,'btcea' lijkt op vaker voorkomend 'tcea',
https://data.omgeving.vlaanderen.be/id/concept/csor/parameteraspect/PAS_1021,prefLabel,ParameterAspect,TEP (standaard in water): vracht,near_duplicate_labelwoord,'tep' lijkt op vaker voorkomend 'te',
https://data.omgeving.vlaanderen.be/id/concept/csor/parameteraspect/PAS_1020,prefLabel,ParameterAspect,TEP (standaard in water): massaconcentratie,near_duplicate_labelwoord,'tep' lijkt op vaker voorkomend 'te',
https://data.omgeving.vlaanderen.be/id/concept/csor/parameteraspect/PAS_8307,prefLabel,ParameterAspect,DFLBZ (standaard in water): massaconcentratie,near_duplicate_labelwoord,'dflbz' lijkt op vaker voorkomend 'dbz',
https://data.omgeving.vlaanderen.be/id/concept/csor/parameteraspect/PAS_8306,prefLabel,ParameterAspect,DFLBZ (standaard in vaste deel van de aarde): massaverhouding per droge stof,near_duplicate_labelwoord,'dflbz' lijkt op vaker voorkomend 'dbz',
https://data.omgeving.vlaanderen.be/id/concept/csor/parameter/P_2007,prefLabel,Parameter,C14-17 chlooralkanen in biota,near_duplicate_labelwoord,'chlooralkanen' lijkt op vaker voorkomend 'chloordaan',
https://data.omgeving.vlaanderen.be/id/concept/csor/variabele/V_1337,prefLabel,Variabele,C14-17 chlooralkanen,near_duplicate_labelwoord,'chlooralkanen' lijkt op vaker voorkomend 'chloordaan',
https://data.omgeving.vlaanderen.be/id/concept/csor/parameteraspect/PAS_8195,prefLabel,ParameterAspect,CLANI (standaard in water): massaconcentratie,near_duplicate_labelwoord,'clani' lijkt op vaker voorkomend 'can',
https://data.omgeving.vlaanderen.be/id/concept/csor/parameteraspect/PAS_8194,prefLabel,ParameterAspect,CLANI (standaard in vaste deel van de aarde): massaverhouding per droge stof,near_duplicate_labelwoord,'clani' lijkt op vaker voorkomend 'can',
https://data.omgeving.vlaanderen.be/id/concept/csor/parameteraspect/PAS_330,prefLabel,ParameterAspect,Bfluralin (standaard in water): massaconcentratie,near_duplicate_labelwoord,'bfluralin' lijkt op vaker voorkomend 'tfluralin',
https://data.omgeving.vlaanderen.be/id/concept/csor/parameter/P_3619,prefLabel,Parameter,"2,3,3’,4,4’,5,5’,6-octabromodifenyl ether (BDE 205) in vaste deel van de aarde",near_duplicate_labelwoord,'octabromodifenyl' lijkt op vaker voorkomend 'octabroomdifenylether',
https://data.omgeving.vlaanderen.be/id/concept/csor/variabele/V_2102,prefLabel,Variabele,"2,3,3’,4,4’,5,5’,6-octabromodifenyl ether (BDE 205)",near_duplicate_labelwoord,'octabromodifenyl' lijkt op vaker voorkomend 'octabroomdifenylether',
https://data.omgeving.vlaanderen.be/id/concept/csor/variabele/V_1777,prefLabel,Variabele,Luchtdruk op stationshoogte (QFE),near_duplicate_labelwoord,'qfe' lijkt op vaker voorkomend 'fe',
https://data.omgeving.vlaanderen.be/id/concept/csor/parameter/P_2753,prefLabel,Parameter,Luchtdruk op stationshoogte (QFE) in lucht,near_duplicate_labelwoord,'qfe' lijkt op vaker voorkomend 'fe',
https://data.omgeving.vlaanderen.be/id/concept/csor/parameteraspect/PAS_2962,prefLabel,ParameterAspect,"(profam,benzadol) (standaard in water): massaconcentratie",near_duplicate_labelwoord,'benzadol' lijkt op vaker voorkomend 'benzo',
https://data.omgeving.vlaanderen.be/id/concept/csor/parameteraspect/PAS_2963,prefLabel,ParameterAspect,"(profam,benzadol) (standaard in water): vracht",near_duplicate_labelwoord,'benzadol' lijkt op vaker voorkomend 'benzo',
https://data.omgeving.vlaanderen.be/id/concept/csor/parameteraspect/PAS_3878,prefLabel,ParameterAspect,ByDiGlycol (standaard in vaste deel van de aarde): massaverhouding per droge stof,near_duplicate_labelwoord,'bydiglycol' lijkt op vaker voorkomend 'byglycol',
https://data.omgeving.vlaanderen.be/id/concept/csor/variabele/V_1603,prefLabel,Variabele,2-Nitrofluoreen,near_duplicate_labelwoord,'nitrofluoreen' lijkt op vaker voorkomend 'nitrotolueen',
https://data.omgeving.vlaanderen.be/id/concept/csor/parameter/P_2433,prefLabel,Parameter,2-Nitrofluoreen in TSP,near_duplicate_labelwoord,'nitrofluoreen' lijkt op vaker voorkomend 'nitrotolueen',
https://data.omgeving.vlaanderen.be/id/concept/csor/parameter/P_1695,prefLabel,Parameter,Anorganische tinverbindingen totaal in water,near_duplicate_labelwoord,'tinverbindingen' lijkt op vaker voorkomend 'verbindingen',
https://data.omgeving.vlaanderen.be/id/concept/csor/variabele/V_1153,prefLabel,Variabele,Anorganische tinverbindingen,near_duplicate_labelwoord,'tinverbindingen' lijkt op vaker voorkomend 'verbindingen',
https://data.omgeving.vlaanderen.be/id/concept/csor/parameteraspect/PAS_8470,prefLabel,ParameterAspect,IBUTAC (standaard in water): massaconcentratie,near_duplicate_labelwoord,'ibutac' lijkt op vaker voorkomend 'ibutaan',
https://data.omgeving.vlaanderen.be/id/concept/csor/parameteraspect/PAS_8469,prefLabel,ParameterAspect,IBUTAC (standaard in vaste deel van de aarde): massaverhouding per droge stof,near_duplicate_labelwoord,'ibutac' lijkt op vaker voorkomend 'ibutaan',
https://data.omgeving.vlaanderen.be/id/concept/csor/parameteraspect/PAS_8432,prefLabel,ParameterAspect,HEPAC (standaard in vaste deel van de aarde): massaverhouding per droge stof,near_duplicate_labelwoord,'hepac' lijkt op vaker voorkomend 'hpc',
https://data.omgeving.vlaanderen.be/id/concept/csor/parameteraspect/PAS_8433,prefLabel,ParameterAspect,HEPAC (standaard in water): massaconcentratie,near_duplicate_labelwoord,'hepac' lijkt op vaker voorkomend 'hpc',
https://data.omgeving.vlaanderen.be/id/concept/csor/parameteraspect/PAS_1683,prefLabel,ParameterAspect,CTine (standaard in water): vracht,near_duplicate_labelwoord,'ctine' lijkt op vaker voorkomend 'tin',
https://data.omgeving.vlaanderen.be/id/concept/csor/parameteraspect/PAS_1682,prefLabel,ParameterAspect,CTine (standaard in water): massaconcentratie,near_duplicate_labelwoord,'ctine' lijkt op vaker voorkomend 'tin',
https://data.omgeving.vlaanderen.be/id/concept/csor/parameter/P_4660,prefLabel,Parameter,Tri-isobutylfosfaat in water,near_duplicate_labelwoord,'isobutylfosfaat' lijkt op vaker voorkomend 'isobutylftalaat',
https://data.omgeving.vlaanderen.be/id/concept/csor/variabele/V_2315,prefLabel,Variabele,Tri-isobutylfosfaat,near_duplicate_labelwoord,'isobutylfosfaat' lijkt op vaker voorkomend 'isobutylftalaat',
https://data.omgeving.vlaanderen.be/id/concept/csor/parameteraspect/PAS_6917,prefLabel,ParameterAspect,PROPA (standaard in vaste deel van de aarde): massaverhouding per droge stof,near_duplicate_labelwoord,'propa' lijkt op vaker voorkomend 'propaz',
https://data.omgeving.vlaanderen.be/id/concept/csor/parameteraspect/PAS_6918,prefLabel,ParameterAspect,PROPA (standaard in water): massaconcentratie,near_duplicate_labelwoord,'propa' lijkt op vaker voorkomend 'propaz',
https://data.omgeving.vlaanderen.be/id/concept/csor/parameteraspect/PAS_2,prefLabel,ParameterAspect,a+bEndoS (standaard in water): vracht,near_duplicate_labelwoord,'bendos' lijkt op vaker voorkomend 'endos',
https://data.omgeving.vlaanderen.be/id/concept/csor/parameteraspect/PAS_1,prefLabel,ParameterAspect,a+bEndoS (standaard in water): massaconcentratie,near_duplicate_labelwoord,'bendos' lijkt op vaker voorkomend 'endos',
https://data.omgeving.vlaanderen.be/id/concept/csor/parameteraspect/PAS_650,prefLabel,ParameterAspect,Salin. (standaard in water): percentage,near_duplicate_labelwoord,'salin' lijkt op vaker voorkomend 'straling',
https://data.omgeving.vlaanderen.be/id/concept/csor/variabele/V_1630,prefLabel,Variabele,Acetaldehyde,near_duplicate_labelwoord,'acetaldehyde' lijkt op vaker voorkomend 'tolualdehyde',
https://data.omgeving.vlaanderen.be/id/concept/csor/parameter/P_2482,prefLabel,Parameter,Acetaldehyde in lucht,near_duplicate_labelwoord,'acetaldehyde' lijkt op vaker voorkomend 'tolualdehyde',
https://data.omgeving.vlaanderen.be/id/concept/csor/parameteraspect/PAS_5084,prefLabel,ParameterAspect,Tmax (standaard in lucht): temperatuur,near_duplicate_labelwoord,'tmax' lijkt op vaker voorkomend 'tcma',
https://data.omgeving.vlaanderen.be/id/concept/csor/parameteraspect/PAS_6975,prefLabel,ParameterAspect,TCDDT (standaard in vaste deel van de aarde): massaverhouding per droge stof,near_duplicate_labelwoord,'tcddt' lijkt op vaker voorkomend 'ddt',
https://data.omgeving.vlaanderen.be/id/concept/csor/parameter/P_3126,prefLabel,Parameter,alfa-Pineen in lucht,near_duplicate_labelwoord,'pineen' lijkt op vaker voorkomend 'penteen',
https://data.omgeving.vlaanderen.be/id/concept/csor/variabele/V_1969,prefLabel,Variabele,alfa-Pineen,near_duplicate_labelwoord,'pineen' lijkt op vaker voorkomend 'penteen',
https://data.omgeving.vlaanderen.be/id/concept/csor/variabele/V_1906,prefLabel,Variabele,Propadieen,near_duplicate_labelwoord,'propadieen' lijkt op vaker voorkomend 'propeen',
https://data.omgeving.vlaanderen.be/id/concept/csor/parameter/P_3029,prefLabel,Parameter,Propadieen in lucht,near_duplicate_labelwoord,'propadieen' lijkt op vaker voorkomend 'propeen',
https://data.omgeving.vlaanderen.be/id/concept/csor/variabele/V_976,prefLabel,Variabele,"4-Chloor-2,5-dimethylaniline",near_duplicate_labelwoord,'dimethylaniline' lijkt op vaker voorkomend 'methylaniline',
https://data.omgeving.vlaanderen.be/id/concept/csor/parameter/P_1486,prefLabel,Parameter,"4-Chloor-2,5-dimethylaniline in water",near_duplicate_labelwoord,'dimethylaniline' lijkt op vaker voorkomend 'methylaniline',
https://data.omgeving.vlaanderen.be/id/concept/csor/parameter/P_2352,prefLabel,Parameter,Butyldiglycol in vaste deel van de aarde,near_duplicate_labelwoord,'butyldiglycol' lijkt op vaker voorkomend 'butylglycol',
https://data.omgeving.vlaanderen.be/id/concept/csor/variabele/V_1543,prefLabel,Variabele,Butyldiglycol,near_duplicate_labelwoord,'butyldiglycol' lijkt op vaker voorkomend 'butylglycol',
https://data.omgeving.vlaanderen.be/id/concept/csor/parameter/P_2263,prefLabel,Parameter,2-(perfluoroctyl)ethylalcohol in water,near_duplicate_labelwoord,'perfluoroctyl' lijkt op vaker voorkomend 'perfluor',
https://data.omgeving.vlaanderen.be/id/concept/csor/variabele/V_1452,prefLabel,Variabele,2-(perfluoroctyl)ethylalcohol,near_duplicate_labelwoord,'perfluoroctyl' lijkt op vaker voorkomend 'perfluor',
https://data.omgeving.vlaanderen.be/id/concept/csor/variabele/V_487,prefLabel,Variabele,Polyaromatische KWS (2 VVP),near_duplicate_labelwoord,'vvp' lijkt op vaker voorkomend 'vp',
https://data.omgeving.vlaanderen.be/id/concept/csor/parameter/P_687,prefLabel,Parameter,Polyaromatische KWS (2 VVP) in vaste deel van de aarde,near_duplicate_labelwoord,'vvp' lijkt op vaker voorkomend 'vp',
https://data.omgeving.vlaanderen.be/id/concept/csor/parameteraspect/PAS_2212,prefLabel,ParameterAspect,DiOyFt (standaard in water): vracht,near_duplicate_labelwoord,'dioyft' lijkt op vaker voorkomend 'dnoyft',
https://data.omgeving.vlaanderen.be/id/concept/csor/parameteraspect/PAS_2211,prefLabel,ParameterAspect,DiOyFt (standaard in water): massaconcentratie,near_duplicate_labelwoord,'dioyft' lijkt op vaker voorkomend 'dnoyft',
https://data.omgeving.vlaanderen.be/id/concept/csor/parameteraspect/PAS_2471,prefLabel,ParameterAspect,PBBA (standaard in water): massaconcentratie,near_duplicate_labelwoord,'pbba' lijkt op vaker voorkomend 'pfba',
https://data.omgeving.vlaanderen.be/id/concept/csor/parameteraspect/PAS_2472,prefLabel,ParameterAspect,PBBA (standaard in water): vracht,near_duplicate_labelwoord,'pbba' lijkt op vaker voorkomend 'pfba',
https://data.omgeving.vlaanderen.be/id/concept/csor/parameteraspect/PAS_2276,prefLabel,ParameterAspect,DOySn (standaard in vaste deel van de aarde): massaverhouding tin per droge stof,near_duplicate_labelwoord,'doysn' lijkt op vaker voorkomend 'dbysn',
https://data.omgeving.vlaanderen.be/id/concept/csor/parameteraspect/PAS_2277,prefLabel,ParameterAspect,DOySn (standaard in water): massaconcentratie tin,near_duplicate_labelwoord,'doysn' lijkt op vaker voorkomend 'dbysn',
https://data.omgeving.vlaanderen.be/id/concept/csor/parameter/P_4538,prefLabel,Parameter,Phenothrin in water,near_duplicate_labelwoord,'phenothrin' lijkt op vaker voorkomend 'pmethrin',
https://data.omgeving.vlaanderen.be/id/concept/csor/variabele/V_2285,prefLabel,Variabele,Phenothrin,near_duplicate_labelwoord,'phenothrin' lijkt op vaker voorkomend 'pmethrin',
https://data.omgeving.vlaanderen.be/id/concept/csor/parameteraspect/PAS_50,prefLabel,ParameterAspect,Fyto ki (kiem-inhibitie in vaste deel van de aarde): percentage,near_duplicate_labelwoord,'fyto' lijkt op vaker voorkomend 'dfyo',
https://data.omgeving.vlaanderen.be/id/concept/csor/parameteraspect/PAS_51,prefLabel,ParameterAspect,Fyto gi (groei-inhibitie in vaste deel van de aarde): percentage,near_duplicate_labelwoord,'fyto' lijkt op vaker voorkomend 'dfyo',
https://data.omgeving.vlaanderen.be/id/concept/csor/variabele/V_1988,prefLabel,Variabele,Isobuteen,near_duplicate_labelwoord,'isobuteen' lijkt op vaker voorkomend 'buteen',
https://data.omgeving.vlaanderen.be/id/concept/csor/parameter/P_3149,prefLabel,Parameter,Isobuteen in lucht,near_duplicate_labelwoord,'isobuteen' lijkt op vaker voorkomend 'buteen',
https://data.omgeving.vlaanderen.be/id/concept/csor/variabele/V_226,prefLabel,Variabele,(3-chloro-2-hydroxypropyl)trimethylammoniumchlorid,near_duplicate_labelwoord,'chloro' lijkt op vaker voorkomend 'chloor',
https://data.omgeving.vlaanderen.be/id/concept/csor/parameter/P_265,prefLabel,Parameter,(3-chloro-2-hydroxypropyl)trimethylammoniumchlorid in water,near_duplicate_labelwoord,'chloro' lijkt op vaker voorkomend 'chloor',
https://data.omgeving.vlaanderen.be/id/concept/csor/parameter/P_683,prefLabel,Parameter,2-Fenylfenol in water,near_duplicate_labelwoord,'fenylfenol' lijkt op vaker voorkomend 'nonylfenol',
https://data.omgeving.vlaanderen.be/id/concept/csor/variabele/V_483,prefLabel,Variabele,2-Fenylfenol,near_duplicate_labelwoord,'fenylfenol' lijkt op vaker voorkomend 'nonylfenol',
https://data.omgeving.vlaanderen.be/id/concept/csor/parameter/P_1544,prefLabel,Parameter,Nonylfenolpolyethoxylaat in water,near_duplicate_labelwoord,'nonylfenolpolyethoxylaat' lijkt op vaker voorkomend 'alkylfenolethoxylaat',
https://data.omgeving.vlaanderen.be/id/concept/csor/variabele/V_1013,prefLabel,Variabele,Nonylfenolpolyethoxylaat,near_duplicate_labelwoord,'nonylfenolpolyethoxylaat' lijkt op vaker voorkomend 'alkylfenolethoxylaat',
https://data.omgeving.vlaanderen.be/id/concept/csor/parameteraspect/PAS_3662,prefLabel,ParameterAspect,a+bHCHS (standaard in water): vracht,near_duplicate_labelwoord,'bhchs' lijkt op vaker voorkomend 'bhch',
https://data.omgeving.vlaanderen.be/id/concept/csor/parameteraspect/PAS_3661,prefLabel,ParameterAspect,a+bHCHS (standaard in water): massaconcentratie,near_duplicate_labelwoord,'bhchs' lijkt op vaker voorkomend 'bhch',
https://data.omgeving.vlaanderen.be/id/concept/csor/parameteraspect/PAS_1156,prefLabel,ParameterAspect,Selenas (standaard in vaste deel van de aarde): effecteenheid,near_duplicate_labelwoord,'selenas' lijkt op vaker voorkomend 'seleen',
https://data.omgeving.vlaanderen.be/id/concept/csor/variabele/V_1212,prefLabel,Variabele,"1,3,5-triazine-2,4,6-triamine",near_duplicate_labelwoord,'triamine' lijkt op vaker voorkomend 'triazine',
https://data.omgeving.vlaanderen.be/id/concept/csor/parameter/P_1757,prefLabel,Parameter,"1,3,5-triazine-2,4,6-triamine in water",near_duplicate_labelwoord,'triamine' lijkt op vaker voorkomend 'triazine',
https://data.omgeving.vlaanderen.be/id/concept/csor/parameteraspect/PAS_6744,prefLabel,ParameterAspect,"o,pDicofol (standaard in water): vracht per tijd",near_duplicate_labelwoord,'pdicofol' lijkt op vaker voorkomend 'dicofol',
https://data.omgeving.vlaanderen.be/id/concept/csor/parameteraspect/PAS_6743,prefLabel,ParameterAspect,"o,pDicofol (standaard in water): massaconcentratie",near_duplicate_labelwoord,'pdicofol' lijkt op vaker voorkomend 'dicofol',
https://data.omgeving.vlaanderen.be/id/concept/csor/parameter/P_520,prefLabel,Parameter,Dichloorprop in water,near_duplicate_labelwoord,'dichloorprop' lijkt op vaker voorkomend 'dichloorpropeen',
https://data.omgeving.vlaanderen.be/id/concept/csor/variabele/V_375,prefLabel,Variabele,Dichloorprop,near_duplicate_labelwoord,'dichloorprop' lijkt op vaker voorkomend 'dichloorpropeen',
https://data.omgeving.vlaanderen.be/id/concept/csor/variabele/V_1159,prefLabel,Variabele,Trihalometanen totaal excl trichloorethyleen,near_duplicate_labelwoord,'trichloorethyleen' lijkt op vaker voorkomend 'trichlooretheen',
https://data.omgeving.vlaanderen.be/id/concept/csor/parameter/P_1701,prefLabel,Parameter,Trihalometanen totaal excl trichloorethyleen in water,near_duplicate_labelwoord,'trichloorethyleen' lijkt op vaker voorkomend 'trichlooretheen',
https://data.omgeving.vlaanderen.be/id/concept/csor/parameter/P_1002,prefLabel,Parameter,Booroxide in water,near_duplicate_labelwoord,'booroxide' lijkt op vaker voorkomend 'bromide',
https://data.omgeving.vlaanderen.be/id/concept/csor/variabele/V_660,prefLabel,Variabele,Booroxide,near_duplicate_labelwoord,'booroxide' lijkt op vaker voorkomend 'bromide',
https://data.omgeving.vlaanderen.be/id/concept/csor/parameteraspect/PAS_3071,prefLabel,ParameterAspect,TN (standaard in biota): geen,near_duplicate_labelwoord,'tn' lijkt op vaker voorkomend 'ton',
https://data.omgeving.vlaanderen.be/id/concept/csor/parameteraspect/PAS_300,prefLabel,ParameterAspect,TtBDE (standaard in vaste deel van de aarde): massaverhouding per droge stof,near_duplicate_labelwoord,'ttbde' lijkt op vaker voorkomend 'bde',
https://data.omgeving.vlaanderen.be/id/concept/csor/kwantificeerbaaraspect/KWA_24,prefLabel,KwantificeerbaarAspect,molvracht,near_duplicate_labelwoord,'molvracht' lijkt op vaker voorkomend 'vracht',
https://data.omgeving.vlaanderen.be/id/concept/csor/parameteraspect/PAS_2369,prefLabel,ParameterAspect,PBS (standaard in water): molvracht,near_duplicate_labelwoord,'molvracht' lijkt op vaker voorkomend 'vracht',
https://data.omgeving.vlaanderen.be/id/concept/csor/variabele/V_2135,prefLabel,Variabele,Dichloorethanen (som),near_duplicate_labelwoord,'dichloorethanen' lijkt op vaker voorkomend 'dichlooretheen',
https://data.omgeving.vlaanderen.be/id/concept/csor/parameter/P_3832,prefLabel,Parameter,Dichloorethanen (som) in water,near_duplicate_labelwoord,'dichloorethanen' lijkt op vaker voorkomend 'dichlooretheen',
https://data.omgeving.vlaanderen.be/id/concept/csor/parameteraspect/PAS_7100,prefLabel,ParameterAspect,DEETH (standaard in vaste deel van de aarde): massaverhouding per droge stof,near_duplicate_labelwoord,'deeth' lijkt op vaker voorkomend 'dieet',
https://data.omgeving.vlaanderen.be/id/concept/csor/parameteraspect/PAS_7101,prefLabel,ParameterAspect,DEETH (standaard in water): massaconcentratie,near_duplicate_labelwoord,'deeth' lijkt op vaker voorkomend 'dieet',
https://data.omgeving.vlaanderen.be/id/concept/csor/parameteraspect/PAS_3836,prefLabel,ParameterAspect,BBI (standaard in water): ecologische kwaliteitscoëfficiënt,near_duplicate_labelwoord,'bbi' lijkt op vaker voorkomend 'bi',
https://data.omgeving.vlaanderen.be/id/concept/csor/variabele/V_1102,prefLabel,Variabele,OrganoChloor individueel,near_duplicate_labelwoord,'organochloor' lijkt op vaker voorkomend 'prochloor',
https://data.omgeving.vlaanderen.be/id/concept/csor/parameter/P_1642,prefLabel,Parameter,OrganoChloor individueel vluchtig in water,near_duplicate_labelwoord,'organochloor' lijkt op vaker voorkomend 'prochloor',
https://data.omgeving.vlaanderen.be/id/concept/csor/eenheid/E_232,prefLabel,Eenheid,picogram toxiciteit equiv. per vierk. met. per dag,near_duplicate_labelwoord,'vierk' lijkt op vaker voorkomend 'ver',
https://data.omgeving.vlaanderen.be/id/concept/csor/parameteraspect/PAS_3835,prefLabel,ParameterAspect,MDEA (standaard in water): vracht,near_duplicate_labelwoord,'mdea' lijkt op vaker voorkomend 'meta',
https://data.omgeving.vlaanderen.be/id/concept/csor/parameteraspect/PAS_3834,prefLabel,ParameterAspect,MDEA (standaard in water): massaconcentratie,near_duplicate_labelwoord,'mdea' lijkt op vaker voorkomend 'meta',
https://data.omgeving.vlaanderen.be/id/concept/csor/parameter/P_960,prefLabel,Parameter,"2,4,6-Trichloor-1,3,5-triazine in water",near_duplicate_labelwoord,'trichloor' lijkt op vaker voorkomend 'dichloor',
https://data.omgeving.vlaanderen.be/id/concept/csor/variabele/V_627,prefLabel,Variabele,"2,4,6-Trichloor-1,3,5-triazine",near_duplicate_labelwoord,'trichloor' lijkt op vaker voorkomend 'dichloor',
https://data.omgeving.vlaanderen.be/id/concept/csor/parameteraspect/PAS_3385,prefLabel,ParameterAspect,Dinophysis ft (standaard in water): telling per volume,near_duplicate_labelwoord,'ft' lijkt op vaker voorkomend 'pft',
https://data.omgeving.vlaanderen.be/id/concept/csor/parameteraspect/PAS_7619,prefLabel,ParameterAspect,PCDDT (standaard in vaste deel van de aarde): massaverhouding per droge stof,near_duplicate_labelwoord,'pcddt' lijkt op vaker voorkomend 'pcdd',
https://data.omgeving.vlaanderen.be/id/concept/csor/parameteraspect/PAS_2502,prefLabel,ParameterAspect,PCZ (standaard in water): vracht,near_duplicate_labelwoord,'pcz' lijkt op vaker voorkomend 'pcbz',
https://data.omgeving.vlaanderen.be/id/concept/csor/parameteraspect/PAS_2501,prefLabel,ParameterAspect,PCZ (standaard in water): massaconcentratie,near_duplicate_labelwoord,'pcz' lijkt op vaker voorkomend 'pcbz',
https://data.omgeving.vlaanderen.be/id/concept/csor/parameteraspect/PAS_562,prefLabel,ParameterAspect,Pseud (standaard in water): telling per volume,near_duplicate_labelwoord,'pseud' lijkt op vaker voorkomend 'pseudo',
https://data.omgeving.vlaanderen.be/id/concept/csor/natuurkundigedimensie/ND_15,prefLabel,NatuurkundigeDimensie,volumeverhouding,near_duplicate_labelwoord,'volumeverhouding' lijkt op vaker voorkomend 'verhouding',
https://data.omgeving.vlaanderen.be/id/concept/csor/parameter/P_2314,prefLabel,Parameter,perfluorbutaansulfinezuur (PFBSi) in water,near_duplicate_labelwoord,'perfluorbutaansulfinezuur' lijkt op vaker voorkomend 'perfluorbutaansulfonzuur',
https://data.omgeving.vlaanderen.be/id/concept/csor/variabele/V_1507,prefLabel,Variabele,perfluorbutaansulfinezuur (PFBSi),near_duplicate_labelwoord,'perfluorbutaansulfinezuur' lijkt op vaker voorkomend 'perfluorbutaansulfonzuur',
https://data.omgeving.vlaanderen.be/id/concept/csor/parameter/P_240,prefLabel,Parameter,CIE 1976 totaal kleurverschil in water,near_duplicate_labelwoord,'cie' lijkt op vaker voorkomend 'ce',
https://data.omgeving.vlaanderen.be/id/concept/csor/variabele/V_201,prefLabel,Variabele,CIE 1976 totaal kleurverschil,near_duplicate_labelwoord,'cie' lijkt op vaker voorkomend 'ce',
https://data.omgeving.vlaanderen.be/id/concept/csor/parameteraspect/PAS_3660,prefLabel,ParameterAspect,TBDE (standaard in vaste deel van de aarde): massaverhouding per droge stof,near_duplicate_labelwoord,'tbde' lijkt op vaker voorkomend 'bde',
https://data.omgeving.vlaanderen.be/id/concept/csor/eenheid/E_104,prefLabel,Eenheid,micorgram stikstof per liter,near_duplicate_labelwoord,'micorgram' lijkt op vaker voorkomend 'microgram',
https://data.omgeving.vlaanderen.be/id/concept/csor/variabele/V_917,prefLabel,Variabele,Pentabroomtolueen,near_duplicate_labelwoord,'pentabroomtolueen' lijkt op vaker voorkomend 'nitrotolueen',
https://data.omgeving.vlaanderen.be/id/concept/csor/parameter/P_1412,prefLabel,Parameter,Pentabroomtolueen in water,near_duplicate_labelwoord,'pentabroomtolueen' lijkt op vaker voorkomend 'nitrotolueen',
https://data.omgeving.vlaanderen.be/id/concept/csor/parameteraspect/PAS_3413,prefLabel,ParameterAspect,tNChlor (standaard in biota): massaverhouding per nat gewicht,near_duplicate_labelwoord,'tnchlor' lijkt op vaker voorkomend 'chloor',
https://data.omgeving.vlaanderen.be/id/concept/csor/parameteraspect/PAS_421,prefLabel,ParameterAspect,Clost Perf (standaard in water): telling per volume,near_duplicate_labelwoord,'perf' lijkt op vaker voorkomend 'per',
https://data.omgeving.vlaanderen.be/id/concept/csor/parameteraspect/PAS_5587,prefLabel,ParameterAspect,Clost Perf (standaard in materiaal): Kolonievormende eenheden per massa,near_duplicate_labelwoord,'perf' lijkt op vaker voorkomend 'per',
https://data.omgeving.vlaanderen.be/id/concept/csor/parameteraspect/PAS_8313,prefLabel,ParameterAspect,DMF (standaard in water): massaconcentratie,near_duplicate_labelwoord,'dmf' lijkt op vaker voorkomend 'dmyft',
https://data.omgeving.vlaanderen.be/id/concept/csor/parameteraspect/PAS_8312,prefLabel,ParameterAspect,DMF (standaard in vaste deel van de aarde): massaverhouding per droge stof,near_duplicate_labelwoord,'dmf' lijkt op vaker voorkomend 'dmyft',
https://data.omgeving.vlaanderen.be/id/concept/csor/eenheid/E_240,prefLabel,Eenheid,parts par million - methaanequivalenten,near_duplicate_labelwoord,'methaanequivalenten' lijkt op vaker voorkomend 'equivalenten',
https://data.omgeving.vlaanderen.be/id/concept/csor/parameteraspect/PAS_395,prefLabel,ParameterAspect,BHT (standaard in water): massaconcentratie,near_duplicate_labelwoord,'bht' lijkt op vaker voorkomend 'bt',
https://data.omgeving.vlaanderen.be/id/concept/csor/parameteraspect/PAS_138,prefLabel,ParameterAspect,EaSH (standaard in water): massaconcentratie,near_duplicate_labelwoord,'eash' lijkt op vaker voorkomend 'eas',
https://data.omgeving.vlaanderen.be/id/concept/csor/parameteraspect/PAS_3414,prefLabel,ParameterAspect,cNChlor (standaard in biota): massaverhouding per nat gewicht,near_duplicate_labelwoord,'cnchlor' lijkt op vaker voorkomend 'chloor',
https://data.omgeving.vlaanderen.be/id/concept/csor/parameterAfleiding/AFL_33,prefLabel,ParameterAfleidingVeelterm,PFOSAtoaal - PFOSA,near_duplicate_labelwoord,'pfosatoaal' lijkt op vaker voorkomend 'pfostotaal',
https://data.omgeving.vlaanderen.be/id/concept/csor/parameteraspect/PAS_5085,prefLabel,ParameterAspect,Tmin (standaard in lucht): temperatuur,near_duplicate_labelwoord,'tmin' lijkt op vaker voorkomend 'tin',
https://data.omgeving.vlaanderen.be/id/concept/csor/parameteraspect/PAS_8551,prefLabel,ParameterAspect,MIND (standaard in water): massaconcentratie,near_duplicate_labelwoord,'mind' lijkt op vaker voorkomend 'min',
https://data.omgeving.vlaanderen.be/id/concept/csor/parameteraspect/PAS_3546,prefLabel,ParameterAspect,DMA (standaard in biota): massaverhouding per nat gewicht,near_duplicate_labelwoord,'dma' lijkt op vaker voorkomend 'dcma',
https://data.omgeving.vlaanderen.be/id/concept/csor/parameteraspect/PAS_2510,prefLabel,ParameterAspect,Pyrmanil (standaard in water): massaconcentratie,near_duplicate_labelwoord,'pyrmanil' lijkt op vaker voorkomend 'propanil',
https://data.omgeving.vlaanderen.be/id/concept/csor/parameterAfleiding/AFL_88,prefLabel,ParameterAfleidingVeelterm,"DDT, totaal (MKN)",near_duplicate_labelwoord,'mkn' lijkt op vaker voorkomend 'mn',
https://data.omgeving.vlaanderen.be/id/concept/csor/eenheid/E_130,prefLabel,Eenheid,millgram fosfor per kilogram droge stof,near_duplicate_labelwoord,'millgram' lijkt op vaker voorkomend 'milligram',
https://data.omgeving.vlaanderen.be/id/concept/csor/parameteraspect/PAS_5380,prefLabel,ParameterAspect,citlpm (standaard in water): massaconcentratie,near_duplicate_labelwoord,'citlpm' lijkt op vaker voorkomend 'citalopram',
https://data.omgeving.vlaanderen.be/id/concept/csor/parameter/P_1779,verkorteNotatie,Parameter,Danio rerio 96h,near_duplicate_labelwoord,'danio' lijkt op vaker voorkomend 'dan',
https://data.omgeving.vlaanderen.be/id/concept/csor/parameter/P_2030,verkorteNotatie,Parameter,Danio rerio 96h na Zahn Wellens,near_duplicate_labelwoord,'danio' lijkt op vaker voorkomend 'dan',
https://data.omgeving.vlaanderen.be/id/concept/csor/parameter/P_2312,verkorteNotatie,Parameter,2-perfluorbutaansulfonamidoethanol (FBSE),near_duplicate_labelwoord,'perfluorbutaansulfonamidoethanol' lijkt op vaker voorkomend 'perfluorbutaansulfonamide',
https://data.omgeving.vlaanderen.be/id/concept/csor/parameter/P_2312,verkorteNotatie,Parameter,2-perfluorbutaansulfonamidoethanol (FBSE),near_duplicate_labelwoord,'fbse' lijkt op vaker voorkomend 'pfbs',
https://data.omgeving.vlaanderen.be/id/concept/csor/parameter/P_788,verkorteNotatie,Parameter,Broomtrichloorethaan,near_duplicate_labelwoord,'broomtrichloorethaan' lijkt op vaker voorkomend 'trichloorethaan',
https://data.omgeving.vlaanderen.be/id/concept/csor/parameter/P_4750,verkorteNotatie,Parameter,Xylenolen (som),near_duplicate_labelwoord,'xylenolen' lijkt op vaker voorkomend 'xylenen',
https://data.omgeving.vlaanderen.be/id/concept/csor/parameter/P_4749,verkorteNotatie,Parameter,Xylenolen (som),near_duplicate_labelwoord,'xylenolen' lijkt op vaker voorkomend 'xylenen',
https://data.omgeving.vlaanderen.be/id/concept/csor/parameter/P_4841,verkorteNotatie,Parameter,n-Butylacrylaat,near_duplicate_labelwoord,'butylacrylaat' lijkt op vaker voorkomend 'butylftalaat',
https://data.omgeving.vlaanderen.be/id/concept/csor/parameter/P_215,verkorteNotatie,Parameter,n-Butylacrylaat,near_duplicate_labelwoord,'butylacrylaat' lijkt op vaker voorkomend 'butylftalaat',
https://data.omgeving.vlaanderen.be/id/concept/csor/parameter/P_2100,verkorteNotatie,Parameter,"Ammonium-4,8-dioxa-3H-perfluornonanoaat (ADONA)",near_duplicate_labelwoord,'adona' lijkt op vaker voorkomend 'dona',
https://data.omgeving.vlaanderen.be/id/concept/csor/parameter/P_2099,verkorteNotatie,Parameter,"Ammonium-4,8-dioxa-3H-perfluornonanoaat (ADONA)",near_duplicate_labelwoord,'adona' lijkt op vaker voorkomend 'dona',
https://data.omgeving.vlaanderen.be/id/concept/csor/parameter/P_4673,verkorteNotatie,Parameter,Texanolbenzylftalaat,near_duplicate_labelwoord,'texanolbenzylftalaat' lijkt op vaker voorkomend 'butylbenzylftalaat',
https://data.omgeving.vlaanderen.be/id/concept/csor/parameter/P_4564,verkorteNotatie,Parameter,Pyrethrin-1,near_duplicate_labelwoord,'pyrethrin' lijkt op vaker voorkomend 'permethrin',
https://data.omgeving.vlaanderen.be/id/concept/csor/parameter/P_1694,verkorteNotatie,Parameter,alifatische organohalogenen; gehalogeneerde alifat,near_duplicate_labelwoord,'alifat' lijkt op vaker voorkomend 'alifaten',
https://data.omgeving.vlaanderen.be/id/concept/csor/parameter/P_683,verkorteNotatie,Parameter,2-Fenylfenol,near_duplicate_labelwoord,'fenylfenol' lijkt op vaker voorkomend 'ethylfenol',
https://data.omgeving.vlaanderen.be/id/concept/csor/parameter/P_1927,verkorteNotatie,Parameter,Gallium multi opgelost,near_duplicate_labelwoord,'gallium' lijkt op vaker voorkomend 'thallium',
https://data.omgeving.vlaanderen.be/id/concept/csor/parameter/P_1860,verkorteNotatie,Parameter,Gallium multi totaal,near_duplicate_labelwoord,'gallium' lijkt op vaker voorkomend 'thallium',
https://data.omgeving.vlaanderen.be/id/concept/csor/parameter/P_3425,verkorteNotatie,Parameter,3-Methyl-2-butanon,near_duplicate_labelwoord,'butanon' lijkt op vaker voorkomend 'butanol',
https://data.omgeving.vlaanderen.be/id/concept/csor/parameter/P_3424,verkorteNotatie,Parameter,3-Methyl-2-butanon,near_duplicate_labelwoord,'butanon' lijkt op vaker voorkomend 'butanol',
https://data.omgeving.vlaanderen.be/id/concept/csor/parameter/P_602,verkorteNotatie,Parameter,"Triazines, totaal",near_duplicate_labelwoord,'triazines' lijkt op vaker voorkomend 'atrazine',
https://data.omgeving.vlaanderen.be/id/concept/csor/parameter/P_601,verkorteNotatie,Parameter,"Triazines, totaal",near_duplicate_labelwoord,'triazines' lijkt op vaker voorkomend 'atrazine',
https://data.omgeving.vlaanderen.be/id/concept/csor/parameter/P_311,verkorteNotatie,Parameter,"Chloorresten, vrij",near_duplicate_labelwoord,'chloorresten' lijkt op vaker voorkomend 'dichlooretheen',
https://data.omgeving.vlaanderen.be/id/concept/csor/parameter/P_1996,verkorteNotatie,Parameter,Oxychlordaan,near_duplicate_labelwoord,'oxychlordaan' lijkt op vaker voorkomend 'chloordaan',
https://data.omgeving.vlaanderen.be/id/concept/csor/parameter/P_993,verkorteNotatie,Parameter,Thiosulfaat,near_duplicate_labelwoord,'thiosulfaat' lijkt op vaker voorkomend 'sulfaat',
https://data.omgeving.vlaanderen.be/id/concept/csor/parameter/P_1924,verkorteNotatie,Parameter,Erbium multi opgelost,near_duplicate_labelwoord,'erbium' lijkt op vaker voorkomend 'cerium',
https://data.omgeving.vlaanderen.be/id/concept/csor/parameter/P_1857,verkorteNotatie,Parameter,Erbium multi totaal,near_duplicate_labelwoord,'erbium' lijkt op vaker voorkomend 'cerium',
https://data.omgeving.vlaanderen.be/id/concept/csor/parameter/P_4121,verkorteNotatie,Parameter,Isopreen,near_duplicate_labelwoord,'isopreen' lijkt op vaker voorkomend 'isomeren',
https://data.omgeving.vlaanderen.be/id/concept/csor/parameter/P_2739,verkorteNotatie,Parameter,Isopreen,near_duplicate_labelwoord,'isopreen' lijkt op vaker voorkomend 'isomeren',
https://data.omgeving.vlaanderen.be/id/concept/csor/parameter/P_3149,verkorteNotatie,Parameter,Isobuteen,near_duplicate_labelwoord,'isobuteen' lijkt op vaker voorkomend 'buteen',
https://data.omgeving.vlaanderen.be/id/concept/csor/parameter/P_1962,verkorteNotatie,Parameter,Terbium multi opgelost,near_duplicate_labelwoord,'terbium' lijkt op vaker voorkomend 'cerium',
https://data.omgeving.vlaanderen.be/id/concept/csor/parameter/P_1895,verkorteNotatie,Parameter,Terbium multi totaal,near_duplicate_labelwoord,'terbium' lijkt op vaker voorkomend 'cerium',
https://data.omgeving.vlaanderen.be/id/concept/csor/parameter/P_1701,verkorteNotatie,Parameter,Trihalometanen totaal excl trichloorethyleen,near_duplicate_labelwoord,'trichloorethyleen' lijkt op vaker voorkomend 'trichlooretheen',
https://data.omgeving.vlaanderen.be/id/concept/csor/parameter/P_3895,verkorteNotatie,Parameter,Dodecaanzuur,near_duplicate_labelwoord,'dodecaanzuur' lijkt op vaker voorkomend 'perfluordodecaanzuur',
https://data.omgeving.vlaanderen.be/id/concept/csor/parameter/P_3894,verkorteNotatie,Parameter,Dodecaanzuur,near_duplicate_labelwoord,'dodecaanzuur' lijkt op vaker voorkomend 'perfluordodecaanzuur',
https://data.omgeving.vlaanderen.be/id/concept/csor/parameter/P_4427,verkorteNotatie,Parameter,Pentachloordibenzodioxine (totaal),near_duplicate_labelwoord,'pentachloordibenzodioxine' lijkt op vaker voorkomend 'pentachloordibenzo',
https://data.omgeving.vlaanderen.be/id/concept/csor/parameter/P_2373,verkorteNotatie,Parameter,"1,1,1,2-Tetrafluorethaan (HFK134a)",near_duplicate_labelwoord,'tetrafluorethaan' lijkt op vaker voorkomend 'tetrachloorethaan',
https://data.omgeving.vlaanderen.be/id/concept/csor/parameter/P_116,verkorteNotatie,Parameter,"1,1,1,2-Tetrafluorethaan (HFK134a)",near_duplicate_labelwoord,'tetrafluorethaan' lijkt op vaker voorkomend 'tetrachloorethaan',
https://data.omgeving.vlaanderen.be/id/concept/csor/parameter/P_1695,verkorteNotatie,Parameter,Anorganische tinverbindingen totaal,near_duplicate_labelwoord,'tinverbindingen' lijkt op vaker voorkomend 'verbindingen',
https://data.omgeving.vlaanderen.be/id/concept/csor/parameter/P_2441,verkorteNotatie,Parameter,3-Nitrofluorantheen,near_duplicate_labelwoord,'nitrofluorantheen' lijkt op vaker voorkomend 'fluorantheen',
https://data.omgeving.vlaanderen.be/id/concept/csor/parameter/P_2432,verkorteNotatie,Parameter,2-Nitrofluorantheen,near_duplicate_labelwoord,'nitrofluorantheen' lijkt op vaker voorkomend 'fluorantheen',
https://data.omgeving.vlaanderen.be/id/concept/csor/parameter/P_1599,verkorteNotatie,Parameter,Fluorkoolwaterstoffen,near_duplicate_labelwoord,'fluorkoolwaterstoffen' lijkt op vaker voorkomend 'koolwaterstoffen',
https://data.omgeving.vlaanderen.be/id/concept/csor/parameter/P_2719,verkorteNotatie,Parameter,Fluorkoolwaterstoffen,near_duplicate_labelwoord,'fluorkoolwaterstoffen' lijkt op vaker voorkomend 'koolwaterstoffen',
https://data.omgeving.vlaanderen.be/id/concept/csor/parameter/P_968,verkorteNotatie,Parameter,Chloortoluidinen,near_duplicate_labelwoord,'chloortoluidinen' lijkt op vaker voorkomend 'chloortolueen',
https://data.omgeving.vlaanderen.be/id/concept/csor/parameter/P_1262,verkorteNotatie,Parameter,Isobutanol,near_duplicate_labelwoord,'isobutanol' lijkt op vaker voorkomend 'butanol',
https://data.omgeving.vlaanderen.be/id/concept/csor/parameter/P_4834,verkorteNotatie,Parameter,Isobutanol,near_duplicate_labelwoord,'isobutanol' lijkt op vaker voorkomend 'butanol',
https://data.omgeving.vlaanderen.be/id/concept/csor/parameter/P_520,verkorteNotatie,Parameter,Dichloorprop,near_duplicate_labelwoord,'dichloorprop' lijkt op vaker voorkomend 'dichloorpropeen',
https://data.omgeving.vlaanderen.be/id/concept/csor/parameter/P_3396,verkorteNotatie,Parameter,2-Octanol,near_duplicate_labelwoord,'octanol' lijkt op vaker voorkomend 'octaan',
https://data.omgeving.vlaanderen.be/id/concept/csor/parameter/P_3397,verkorteNotatie,Parameter,2-Octanol,near_duplicate_labelwoord,'octanol' lijkt op vaker voorkomend 'octaan',
https://data.omgeving.vlaanderen.be/id/concept/csor/parameter/P_4423,verkorteNotatie,Parameter,Polychloorbifenylen (som VROM),near_duplicate_labelwoord,'polychloorbifenylen' lijkt op vaker voorkomend 'polychloorbifenyl',
https://data.omgeving.vlaanderen.be/id/concept/csor/parameter/P_4424,verkorteNotatie,Parameter,Polychloorbifenylen (som VROM),near_duplicate_labelwoord,'polychloorbifenylen' lijkt op vaker voorkomend 'polychloorbifenyl',
https://data.omgeving.vlaanderen.be/id/concept/csor/parameter/P_3612,verkorteNotatie,Parameter,"2,6-Dichloorbenzamide",near_duplicate_labelwoord,'dichloorbenzamide' lijkt op vaker voorkomend 'dichloorbenzeen',
https://data.omgeving.vlaanderen.be/id/concept/csor/parameter/P_1427,verkorteNotatie,Parameter,"2,6-Dichloorbenzamide",near_duplicate_labelwoord,'dichloorbenzamide' lijkt op vaker voorkomend 'dichloorbenzeen',
https://data.omgeving.vlaanderen.be/id/concept/csor/parameter/P_2315,verkorteNotatie,Parameter,perfluorbutaansulfonamidoazijnzuur (FBSAA),near_duplicate_labelwoord,'perfluorbutaansulfonamidoazijnzuur' lijkt op vaker voorkomend 'perfluoroctaansulfonamidoazijnzuur',
https://data.omgeving.vlaanderen.be/id/concept/csor/parameter/P_2315,verkorteNotatie,Parameter,perfluorbutaansulfonamidoazijnzuur (FBSAA),near_duplicate_labelwoord,'fbsaa' lijkt op vaker voorkomend 'pfbsa',
https://data.omgeving.vlaanderen.be/id/concept/csor/parameter/P_221,verkorteNotatie,Parameter,Pentachlooraniline,near_duplicate_labelwoord,'pentachlooraniline' lijkt op vaker voorkomend 'chlooraniline',
https://data.omgeving.vlaanderen.be/id/concept/csor/parameter/P_96,verkorteNotatie,Parameter,Anthantreen,near_duplicate_labelwoord,'anthantreen' lijkt op vaker voorkomend 'fenantreen',
https://data.omgeving.vlaanderen.be/id/concept/csor/parameter/P_2499,verkorteNotatie,Parameter,Anthantreen,near_duplicate_labelwoord,'anthantreen' lijkt op vaker voorkomend 'fenantreen',
https://data.omgeving.vlaanderen.be/id/concept/csor/parameter/P_1411,verkorteNotatie,Parameter,Decabroomdifenylethaan,near_duplicate_labelwoord,'decabroomdifenylethaan' lijkt op vaker voorkomend 'hexabroomdifenylether',
https://data.omgeving.vlaanderen.be/id/concept/csor/parameter/P_3826,verkorteNotatie,Parameter,Decabroomdifenylethaan,near_duplicate_labelwoord,'decabroomdifenylethaan' lijkt op vaker voorkomend 'hexabroomdifenylether',
https://data.omgeving.vlaanderen.be/id/concept/csor/parameter/P_2680,verkorteNotatie,Parameter,Fluorverbindingen,near_duplicate_labelwoord,'fluorverbindingen' lijkt op vaker voorkomend 'verbindingen',
https://data.omgeving.vlaanderen.be/id/concept/csor/parameter/P_1590,verkorteNotatie,Parameter,Fluorverbindingen,near_duplicate_labelwoord,'fluorverbindingen' lijkt op vaker voorkomend 'verbindingen',
https://data.omgeving.vlaanderen.be/id/concept/csor/parameter/P_245,verkorteNotatie,Parameter,Bifenox,near_duplicate_labelwoord,'bifenox' lijkt op vaker voorkomend 'bisfenol',
https://data.omgeving.vlaanderen.be/id/concept/csor/parameter/P_4628,verkorteNotatie,Parameter,Trichloorethanen (som),near_duplicate_labelwoord,'trichloorethanen' lijkt op vaker voorkomend 'trichlooretheen',
https://data.omgeving.vlaanderen.be/id/concept/csor/parameter/P_4629,verkorteNotatie,Parameter,Trichloorethanen (som),near_duplicate_labelwoord,'trichloorethanen' lijkt op vaker voorkomend 'trichlooretheen',
https://data.omgeving.vlaanderen.be/id/concept/csor/parameter/P_684,verkorteNotatie,Parameter,2-Benzylfenol,near_duplicate_labelwoord,'benzylfenol' lijkt op vaker voorkomend 'ethylfenol',
https://data.omgeving.vlaanderen.be/id/concept/csor/parameter/P_685,verkorteNotatie,Parameter,4-Chloor-2-benzylfenol,near_duplicate_labelwoord,'benzylfenol' lijkt op vaker voorkomend 'ethylfenol',
https://data.omgeving.vlaanderen.be/id/concept/csor/parameter/P_4337,verkorteNotatie,Parameter,Octadecaanzuur,near_duplicate_labelwoord,'octadecaanzuur' lijkt op vaker voorkomend 'perfluoroctadecaanzuur',
https://data.omgeving.vlaanderen.be/id/concept/csor/parameter/P_4336,verkorteNotatie,Parameter,Octadecaanzuur,near_duplicate_labelwoord,'octadecaanzuur' lijkt op vaker voorkomend 'perfluoroctadecaanzuur',
https://data.omgeving.vlaanderen.be/id/concept/csor/parameter/P_3699,verkorteNotatie,Parameter,Chloorazijnzuur,near_duplicate_labelwoord,'chloorazijnzuur' lijkt op vaker voorkomend 'trifluorazijnzuur',
https://data.omgeving.vlaanderen.be/id/concept/csor/parameter/P_789,verkorteNotatie,Parameter,Chloorazijnzuur,near_duplicate_labelwoord,'chloorazijnzuur' lijkt op vaker voorkomend 'trifluorazijnzuur',
https://data.omgeving.vlaanderen.be/id/concept/csor/parameter/P_1486,verkorteNotatie,Parameter,"4-Chloor-2,5-dimethylaniline",near_duplicate_labelwoord,'dimethylaniline' lijkt op vaker voorkomend 'methylaniline',
https://data.omgeving.vlaanderen.be/id/concept/csor/parameter/P_2263,verkorteNotatie,Parameter,2-(perfluoroctyl)ethylalcohol,near_duplicate_labelwoord,'perfluoroctyl' lijkt op vaker voorkomend 'perfluor',
https://data.omgeving.vlaanderen.be/id/concept/csor/parameter/P_3698,verkorteNotatie,Parameter,Chloorfenolen,near_duplicate_labelwoord,'chloorfenolen' lijkt op vaker voorkomend 'chloorfenol',
https://data.omgeving.vlaanderen.be/id/concept/csor/parameter/P_4,verkorteNotatie,Parameter,Chloorfenolen,near_duplicate_labelwoord,'chloorfenolen' lijkt op vaker voorkomend 'chloorfenol',
https://data.omgeving.vlaanderen.be/id/concept/csor/parameter/P_2094,verkorteNotatie,Parameter,Dimethyl Arseenzuur,near_duplicate_labelwoord,'dimethyl' lijkt op vaker voorkomend 'methyl',
https://data.omgeving.vlaanderen.be/id/concept/csor/parameter/P_573,verkorteNotatie,Parameter,Pentachloornitrobenzeen,near_duplicate_labelwoord,'pentachloornitrobenzeen' lijkt op vaker voorkomend 'pentachloorbenzeen',
https://data.omgeving.vlaanderen.be/id/concept/csor/parameter/P_572,verkorteNotatie,Parameter,Pentachloornitrobenzeen,near_duplicate_labelwoord,'pentachloornitrobenzeen' lijkt op vaker voorkomend 'pentachloorbenzeen',
https://data.omgeving.vlaanderen.be/id/concept/csor/parameter/P_2189,verkorteNotatie,Parameter,Chloortoluron pesticiden sampler,near_duplicate_labelwoord,'chloortoluron' lijkt op vaker voorkomend 'chloortolueen',
https://data.omgeving.vlaanderen.be/id/concept/csor/parameter/P_591,verkorteNotatie,Parameter,Chloortoluron,near_duplicate_labelwoord,'chloortoluron' lijkt op vaker voorkomend 'chloortolueen',
https://data.omgeving.vlaanderen.be/id/concept/csor/parameter/P_1824,verkorteNotatie,Parameter,Chlooramfenicol,near_duplicate_labelwoord,'chlooramfenicol' lijkt op vaker voorkomend 'chloorfenol',
https://data.omgeving.vlaanderen.be/id/concept/csor/parameter/P_2593,verkorteNotatie,Parameter,Chloordecon,near_duplicate_labelwoord,'chloordecon' lijkt op vaker voorkomend 'chloordaan',
https://data.omgeving.vlaanderen.be/id/concept/csor/parameter/P_1370,verkorteNotatie,Parameter,Chloordecon,near_duplicate_labelwoord,'chloordecon' lijkt op vaker voorkomend 'chloordaan',
https://data.omgeving.vlaanderen.be/id/concept/csor/parameter/P_220,verkorteNotatie,Parameter,"2,3,5,6-Tetrachlooraniline",near_duplicate_labelwoord,'tetrachlooraniline' lijkt op vaker voorkomend 'chlooraniline',
https://data.omgeving.vlaanderen.be/id/concept/csor/parameter/P_2114,verkorteNotatie,Parameter,"2,3,4,5 Tetrachlooraniline",near_duplicate_labelwoord,'tetrachlooraniline' lijkt op vaker voorkomend 'chlooraniline',
https://data.omgeving.vlaanderen.be/id/concept/csor/parameter/P_689,verkorteNotatie,Parameter,4-n-Pentylfenol,near_duplicate_labelwoord,'pentylfenol' lijkt op vaker voorkomend 'ethylfenol',
https://data.omgeving.vlaanderen.be/id/concept/csor/parameter/P_692,verkorteNotatie,Parameter,4-tert-Pentylfenol,near_duplicate_labelwoord,'pentylfenol' lijkt op vaker voorkomend 'ethylfenol',
https://data.omgeving.vlaanderen.be/id/concept/csor/parameter/P_2031,verkorteNotatie,Parameter,"Vibrio Fischeri 0,5h bac lum-inh na Zahn Wellens",near_duplicate_labelwoord,'inh' lijkt op vaker voorkomend 'in',
https://data.omgeving.vlaanderen.be/id/concept/csor/parameter/P_885,verkorteNotatie,Parameter,Trifenyltinchloride,near_duplicate_labelwoord,'trifenyltinchloride' lijkt op vaker voorkomend 'vinylchloride',
https://data.omgeving.vlaanderen.be/id/concept/csor/parameter/P_6,verkorteNotatie,Parameter,Chloortoluenen,near_duplicate_labelwoord,'chloortoluenen' lijkt op vaker voorkomend 'chloortolueen',
https://data.omgeving.vlaanderen.be/id/concept/csor/parameter/P_3738,verkorteNotatie,Parameter,Chloortoluenen,near_duplicate_labelwoord,'chloortoluenen' lijkt op vaker voorkomend 'chloortolueen',
https://data.omgeving.vlaanderen.be/id/concept/csor/parameter/P_1829,verkorteNotatie,Parameter,Desfuroylceftiofur cysteïne disulfide,near_duplicate_labelwoord,'disulfide' lijkt op vaker voorkomend 'sulfide',
https://data.omgeving.vlaanderen.be/id/concept/csor/parameter/P_2718,verkorteNotatie,Parameter,Hexachloorcyclopentadieen,near_duplicate_labelwoord,'hexachloorcyclopentadieen' lijkt op vaker voorkomend 'hexachloorcyclohexaan',
https://data.omgeving.vlaanderen.be/id/concept/csor/parameter/P_799,verkorteNotatie,Parameter,Hexachloorcyclopentadieen,near_duplicate_labelwoord,'hexachloorcyclopentadieen' lijkt op vaker voorkomend 'hexachloorcyclohexaan',
https://data.omgeving.vlaanderen.be/id/concept/csor/parameter/P_638,verkorteNotatie,Parameter,alfa-alfa-Dichloortolueen,near_duplicate_labelwoord,'dichloortolueen' lijkt op vaker voorkomend 'chloortolueen',
https://data.omgeving.vlaanderen.be/id/concept/csor/parameter/P_3378,verkorteNotatie,Parameter,2-Chloorethanol,near_duplicate_labelwoord,'chloorethanol' lijkt op vaker voorkomend 'chloorfenol',
https://data.omgeving.vlaanderen.be/id/concept/csor/parameter/P_760,verkorteNotatie,Parameter,2-Chloorethanol,near_duplicate_labelwoord,'chloorethanol' lijkt op vaker voorkomend 'chloorfenol',
https://data.omgeving.vlaanderen.be/id/concept/csor/parameter/P_2301,verkorteNotatie,Parameter,Chloormethylbenzeen,near_duplicate_labelwoord,'chloormethylbenzeen' lijkt op vaker voorkomend 'chloorbenzeen',
https://data.omgeving.vlaanderen.be/id/concept/csor/parameter/P_1351,verkorteNotatie,Parameter,Tetrabroombisfenol-A,near_duplicate_labelwoord,'tetrabroombisfenol' lijkt op vaker voorkomend 'tetrabroomdifenylether',
https://data.omgeving.vlaanderen.be/id/concept/csor/parameter/P_1350,verkorteNotatie,Parameter,Tetrabroombisfenol-A,near_duplicate_labelwoord,'tetrabroombisfenol' lijkt op vaker voorkomend 'tetrabroomdifenylether',
https://data.omgeving.vlaanderen.be/id/concept/csor/parameter/P_126,verkorteNotatie,Parameter,Iopromide,near_duplicate_labelwoord,'iopromide' lijkt op vaker voorkomend 'bromide',
https://data.omgeving.vlaanderen.be/id/concept/csor/parameter/P_1413,verkorteNotatie,Parameter,Pentabroomethylbenzeen,near_duplicate_labelwoord,'pentabroomethylbenzeen' lijkt op vaker voorkomend 'trimethylbenzeen',
https://data.omgeving.vlaanderen.be/id/concept/csor/parameter/P_657,verkorteNotatie,Parameter,Alexandrium spp.,near_duplicate_labelwoord,'spp' lijkt op vaker voorkomend 'pp',
https://data.omgeving.vlaanderen.be/id/concept/csor/parameter/P_660,verkorteNotatie,Parameter,Pseudo-nitzschia spp.,near_duplicate_labelwoord,'spp' lijkt op vaker voorkomend 'pp',
https://data.omgeving.vlaanderen.be/id/concept/csor/parameter/P_1176,verkorteNotatie,Parameter,Hexachloorethaan,near_duplicate_labelwoord,'hexachloorethaan' lijkt op vaker voorkomend 'tetrachloorethaan',
https://data.omgeving.vlaanderen.be/id/concept/csor/parameter/P_1175,verkorteNotatie,Parameter,Hexachloorethaan,near_duplicate_labelwoord,'hexachloorethaan' lijkt op vaker voorkomend 'tetrachloorethaan',
https://data.omgeving.vlaanderen.be/id/concept/csor/parameter/P_2162,verkorteNotatie,Parameter,PAH calux,near_duplicate_labelwoord,'pah' lijkt op vaker voorkomend 'ph',
https://data.omgeving.vlaanderen.be/id/concept/csor/parameter/P_4706,verkorteNotatie,Parameter,Triallaat,near_duplicate_labelwoord,'triallaat' lijkt op vaker voorkomend 'ftalaat',
https://data.omgeving.vlaanderen.be/id/concept/csor/parameter/P_999,verkorteNotatie,Parameter,Triallaat,near_duplicate_labelwoord,'triallaat' lijkt op vaker voorkomend 'ftalaat',
https://data.omgeving.vlaanderen.be/id/concept/csor/parameter/P_2093,verkorteNotatie,Parameter,Monomethyl Arseenzuur,near_duplicate_labelwoord,'monomethyl' lijkt op vaker voorkomend 'methyl',
https://data.omgeving.vlaanderen.be/id/concept/csor/parameter/P_265,verkorteNotatie,Parameter,(3-chloro-2-hydroxypropyl)trimethylammoniumchlorid,near_duplicate_labelwoord,'chloro' lijkt op vaker voorkomend 'chloor',
https://data.omgeving.vlaanderen.be/id/concept/csor/parameter/P_4842,verkorteNotatie,Parameter,n-Butylmetacrylaat,near_duplicate_labelwoord,'butylmetacrylaat' lijkt op vaker voorkomend 'butylftalaat',
https://data.omgeving.vlaanderen.be/id/concept/csor/parameter/P_216,verkorteNotatie,Parameter,n-Butylmetacrylaat,near_duplicate_labelwoord,'butylmetacrylaat' lijkt op vaker voorkomend 'butylftalaat',
https://data.omgeving.vlaanderen.be/id/concept/csor/parameter/P_998,verkorteNotatie,Parameter,Butachloor,near_duplicate_labelwoord,'butachloor' lijkt op vaker voorkomend 'heptachloor',
https://data.omgeving.vlaanderen.be/id/concept/csor/parameter/P_1726,verkorteNotatie,Parameter,"Som van Butachloor, Triallat,Alachloor,Acetochloor",near_duplicate_labelwoord,'butachloor' lijkt op vaker voorkomend 'heptachloor',
https://data.omgeving.vlaanderen.be/id/concept/csor/parameter/P_1545,verkorteNotatie,Parameter,Decylfenolpolyethoxylaat,near_duplicate_labelwoord,'decylfenolpolyethoxylaat' lijkt op vaker voorkomend 'alkylfenolethoxylaat',
https://data.omgeving.vlaanderen.be/id/concept/csor/parameter/P_4664,verkorteNotatie,Parameter,"2,4,6‑Trinitrotolueen",near_duplicate_labelwoord,'trinitrotolueen' lijkt op vaker voorkomend 'dinitrotolueen',
https://data.omgeving.vlaanderen.be/id/concept/csor/parameter/P_4665,verkorteNotatie,Parameter,"2,4,6‑Trinitrotolueen",near_duplicate_labelwoord,'trinitrotolueen' lijkt op vaker voorkomend 'dinitrotolueen',
https://data.omgeving.vlaanderen.be/id/concept/csor/parameter/P_4369,verkorteNotatie,Parameter,"PAK som 3 antraceen, benzo(ghi)peryleen, fluoreen",near_duplicate_labelwoord,'antraceen' lijkt op vaker voorkomend 'anthraceen',
https://data.omgeving.vlaanderen.be/id/concept/csor/parameter/P_4370,verkorteNotatie,Parameter,"PAK som 3 antraceen, benzo(ghi)peryleen, fluoreen",near_duplicate_labelwoord,'antraceen' lijkt op vaker voorkomend 'anthraceen',
https://data.omgeving.vlaanderen.be/id/concept/csor/parameter/P_2300,verkorteNotatie,Parameter,Broomchloorethaan,near_duplicate_labelwoord,'broomchloorethaan' lijkt op vaker voorkomend 'trichloorethaan',
https://data.omgeving.vlaanderen.be/id/concept/csor/parameter/P_3775,verkorteNotatie,Parameter,Chloordeen,near_duplicate_labelwoord,'chloordeen' lijkt op vaker voorkomend 'chloordaan',
https://data.omgeving.vlaanderen.be/id/concept/csor/parameter/P_3774,verkorteNotatie,Parameter,Chloordeen,near_duplicate_labelwoord,'chloordeen' lijkt op vaker voorkomend 'chloordaan',
https://data.omgeving.vlaanderen.be/id/concept/csor/parameter/P_2708,verkorteNotatie,Parameter,Hexabroomdifenyl,near_duplicate_labelwoord,'hexabroomdifenyl' lijkt op vaker voorkomend 'hexabroomdifenylether',
https://data.omgeving.vlaanderen.be/id/concept/csor/parameter/P_1372,verkorteNotatie,Parameter,Hexabroomdifenyl,near_duplicate_labelwoord,'hexabroomdifenyl' lijkt op vaker voorkomend 'hexabroomdifenylether',
https://data.omgeving.vlaanderen.be/id/concept/csor/parameter/P_727,verkorteNotatie,Parameter,"1-Chloor-2,4-dinitrobenzeen",near_duplicate_labelwoord,'dinitrobenzeen' lijkt op vaker voorkomend 'nitrobenzeen',
https://data.omgeving.vlaanderen.be/id/concept/csor/parameter/P_1687,verkorteNotatie,Parameter,"Som (matig-)vluchtige halog.verb., PCB en OCl-pest",near_duplicate_labelwoord,'verb' lijkt op vaker voorkomend 'ver',
https://data.omgeving.vlaanderen.be/id/concept/csor/parameter/P_2311,verkorteNotatie,Parameter,N-methylperfluorbutaansulfonamidoethanol (MeFBSE),near_duplicate_labelwoord,'methylperfluorbutaansulfonamidoethanol' lijkt op vaker voorkomend 'methylperfluorbutaansulfonamide',
https://data.omgeving.vlaanderen.be/id/concept/csor/parameter/P_2311,verkorteNotatie,Parameter,N-methylperfluorbutaansulfonamidoethanol (MeFBSE),near_duplicate_labelwoord,'mefbse' lijkt op vaker voorkomend 'mepfbsa',
https://data.omgeving.vlaanderen.be/id/concept/csor/parameter/P_3690,verkorteNotatie,Parameter,Capronzuur,near_duplicate_labelwoord,'capronzuur' lijkt op vaker voorkomend 'propionzuur',
https://data.omgeving.vlaanderen.be/id/concept/csor/parameter/P_796,verkorteNotatie,Parameter,Dichloordifluormethaan (CFK12),near_duplicate_labelwoord,'dichloordifluormethaan' lijkt op vaker voorkomend 'dichloormethaan',
https://data.omgeving.vlaanderen.be/id/concept/csor/parameter/P_2629,verkorteNotatie,Parameter,Dichloordifluormethaan (CFK12),near_duplicate_labelwoord,'dichloordifluormethaan' lijkt op vaker voorkomend 'dichloormethaan',
https://data.omgeving.vlaanderen.be/id/concept/csor/parameter/P_1961,verkorteNotatie,Parameter,Tantaal multi opgelost,near_duplicate_labelwoord,'tantaal' lijkt op vaker voorkomend 'totaal',
https://data.omgeving.vlaanderen.be/id/concept/csor/parameter/P_1894,verkorteNotatie,Parameter,Tantaal multi totaal,near_duplicate_labelwoord,'tantaal' lijkt op vaker voorkomend 'totaal',
https://data.omgeving.vlaanderen.be/id/concept/csor/parameter/P_1669,verkorteNotatie,Parameter,Som van de dimethylfenolen,near_duplicate_labelwoord,'dimethylfenolen' lijkt op vaker voorkomend 'dimethylfenol',
https://data.omgeving.vlaanderen.be/id/concept/csor/parameter/P_3710,verkorteNotatie,Parameter,Chlooranilinen,near_duplicate_labelwoord,'chlooranilinen' lijkt op vaker voorkomend 'chlooraniline',
https://data.omgeving.vlaanderen.be/id/concept/csor/parameter/P_3711,verkorteNotatie,Parameter,Chlooranilinen,near_duplicate_labelwoord,'chlooranilinen' lijkt op vaker voorkomend 'chlooraniline',
https://data.omgeving.vlaanderen.be/id/concept/csor/parameter/P_1279,verkorteNotatie,Parameter,"Polychloorbifenyl en polychloorterfenyl, totaal",near_duplicate_labelwoord,'polychloorterfenyl' lijkt op vaker voorkomend 'polychloorbifenyl',
https://data.omgeving.vlaanderen.be/id/concept/csor/parameter/P_1006,verkorteNotatie,Parameter,"Polychloorterfenyl, totaal",near_duplicate_labelwoord,'polychloorterfenyl' lijkt op vaker voorkomend 'polychloorbifenyl',
https://data.omgeving.vlaanderen.be/id/concept/csor/parameter/P_1455,verkorteNotatie,Parameter,Tetrachloorvinfos,near_duplicate_labelwoord,'tetrachloorvinfos' lijkt op vaker voorkomend 'tetrachloordibenzo',
https://data.omgeving.vlaanderen.be/id/concept/csor/parameter/P_961,verkorteNotatie,Parameter,"3,3'-Dichloorbenzidine",near_duplicate_labelwoord,'dichloorbenzidine' lijkt op vaker voorkomend 'dichloorbenzeen',
https://data.omgeving.vlaanderen.be/id/concept/csor/parameter/P_908,verkorteNotatie,Parameter,"2,2'-Dichloorbenzidine",near_duplicate_labelwoord,'dichloorbenzidine' lijkt op vaker voorkomend 'dichloorbenzeen',
https://data.omgeving.vlaanderen.be/id/concept/csor/parameter/P_2007,verkorteNotatie,Parameter,C14-17 chlooralkanen,near_duplicate_labelwoord,'chlooralkanen' lijkt op vaker voorkomend 'chloordaan',
https://data.omgeving.vlaanderen.be/id/concept/csor/parameter/P_1421,verkorteNotatie,Parameter,"1,1-Dichloorfluorethaan",near_duplicate_labelwoord,'dichloorfluorethaan' lijkt op vaker voorkomend 'dichloorethaan',
https://data.omgeving.vlaanderen.be/id/concept/csor/parameter/P_1001,verkorteNotatie,Parameter,Uranimine,near_duplicate_labelwoord,'uranimine' lijkt op vaker voorkomend 'uranium',
https://data.omgeving.vlaanderen.be/id/concept/csor/parameter/P_3832,verkorteNotatie,Parameter,Dichloorethanen (som),near_duplicate_labelwoord,'dichloorethanen' lijkt op vaker voorkomend 'dichlooretheen',
https://data.omgeving.vlaanderen.be/id/concept/csor/parameter/P_4627,verkorteNotatie,Parameter,Tetrachloorethanen (som),near_duplicate_labelwoord,'tetrachloorethanen' lijkt op vaker voorkomend 'tetrachlooretheen',
https://data.omgeving.vlaanderen.be/id/concept/csor/parameter/P_4626,verkorteNotatie,Parameter,Tetrachloorethanen (som),near_duplicate_labelwoord,'tetrachloorethanen' lijkt op vaker voorkomend 'tetrachlooretheen',
https://data.omgeving.vlaanderen.be/id/concept/csor/parameter/P_500,verkorteNotatie,Parameter,"Monoaromatische KWS, totaal",near_duplicate_labelwoord,'monoaromatische' lijkt op vaker voorkomend 'aromatische',
https://data.omgeving.vlaanderen.be/id/concept/csor/parameter/P_2262,verkorteNotatie,Parameter,2-(perfluorhexyl)ethylalcohol,near_duplicate_labelwoord,'perfluorhexyl' lijkt op vaker voorkomend 'perfluor',
https://data.omgeving.vlaanderen.be/id/concept/csor/parameter/P_4634,verkorteNotatie,Parameter,Trichloorbroommethaan,near_duplicate_labelwoord,'trichloorbroommethaan' lijkt op vaker voorkomend 'trichloormethaan',
https://data.omgeving.vlaanderen.be/id/concept/csor/parameter/P_1726,verkorteNotatie,Parameter,"Som van Butachloor, Triallat,Alachloor,Acetochloor",near_duplicate_labelwoord,'acetochloor' lijkt op vaker voorkomend 'metolachloor',
https://data.omgeving.vlaanderen.be/id/concept/csor/parameter/P_997,verkorteNotatie,Parameter,Acetochloor,near_duplicate_labelwoord,'acetochloor' lijkt op vaker voorkomend 'metolachloor',
https://data.omgeving.vlaanderen.be/id/concept/csor/parameter/P_2261,verkorteNotatie,Parameter,"Perfluor([5-methoxy-1,3-dioxolaan-4-yl]oxy)azijnzu",near_duplicate_labelwoord,'methoxy' lijkt op vaker voorkomend 'methyl',
https://data.omgeving.vlaanderen.be/id/concept/csor/parameter/P_2261,verkorteNotatie,Parameter,"Perfluor([5-methoxy-1,3-dioxolaan-4-yl]oxy)azijnzu",near_duplicate_labelwoord,'azijnzu' lijkt op vaker voorkomend 'azijnzuur',
https://data.omgeving.vlaanderen.be/id/concept/csor/parameter/P_89,verkorteNotatie,Parameter,Ethaanthiol,near_duplicate_labelwoord,'ethaanthiol' lijkt op vaker voorkomend 'ethanol',
https://data.omgeving.vlaanderen.be/id/concept/csor/parameter/P_3,verkorteNotatie,Parameter,Chlooranilines,near_duplicate_labelwoord,'chlooranilines' lijkt op vaker voorkomend 'chlooraniline',
https://data.omgeving.vlaanderen.be/id/concept/csor/parameter/P_1686,verkorteNotatie,Parameter,"Chlooranilines, individueel",near_duplicate_labelwoord,'chlooranilines' lijkt op vaker voorkomend 'chlooraniline',
https://data.omgeving.vlaanderen.be/id/concept/csor/parameter/P_1050,verkorteNotatie,Parameter,Dichloordifenyltrichlorethanen,near_duplicate_labelwoord,'dichloordifenyltrichlorethanen' lijkt op vaker voorkomend 'dichloordifenyltrichloorethaan',
https://data.omgeving.vlaanderen.be/id/concept/csor/parameter/P_4639,verkorteNotatie,Parameter,trichloorazijnzuur,near_duplicate_labelwoord,'trichloorazijnzuur' lijkt op vaker voorkomend 'trifluorazijnzuur',
https://data.omgeving.vlaanderen.be/id/concept/csor/parameter/P_3836,verkorteNotatie,Parameter,Dichloorfluormethaan,near_duplicate_labelwoord,'dichloorfluormethaan' lijkt op vaker voorkomend 'dichloormethaan',
https://data.omgeving.vlaanderen.be/id/concept/csor/parameter/P_3835,verkorteNotatie,Parameter,Dichloorfluormethaan,near_duplicate_labelwoord,'dichloorfluormethaan' lijkt op vaker voorkomend 'dichloormethaan',
https://data.omgeving.vlaanderen.be/id/concept/csor/parameter/P_1478,verkorteNotatie,Parameter,Decylfenol,near_duplicate_labelwoord,'decylfenol' lijkt op vaker voorkomend 'octylfenol',
https://data.omgeving.vlaanderen.be/id/concept/csor/parameter/P_1248,verkorteNotatie,Parameter,Di-n-hexylftalaat,near_duplicate_labelwoord,'hexylftalaat' lijkt op vaker voorkomend 'butylftalaat',
https://data.omgeving.vlaanderen.be/id/concept/csor/parameter/P_3866,verkorteNotatie,Parameter,Diethyleenglycol,near_duplicate_labelwoord,'diethyleenglycol' lijkt op vaker voorkomend 'dimethylfenol',
https://data.omgeving.vlaanderen.be/id/concept/csor/parameter/P_2353,verkorteNotatie,Parameter,Diethyleenglycol,near_duplicate_labelwoord,'diethyleenglycol' lijkt op vaker voorkomend 'dimethylfenol',
https://data.omgeving.vlaanderen.be/id/concept/csor/parameter/P_3391,verkorteNotatie,Parameter,2-Methylnaftaleen,near_duplicate_labelwoord,'methylnaftaleen' lijkt op vaker voorkomend 'naftaleen',
https://data.omgeving.vlaanderen.be/id/concept/csor/parameter/P_3392,verkorteNotatie,Parameter,2-Methylnaftaleen,near_duplicate_labelwoord,'methylnaftaleen' lijkt op vaker voorkomend 'naftaleen',
https://data.omgeving.vlaanderen.be/id/concept/csor/parameter/P_1414,verkorteNotatie,Parameter,Bis(Tribroomdifenoxy)-ethaan,near_duplicate_labelwoord,'tribroomdifenoxy' lijkt op vaker voorkomend 'tribroomdifenylether',
https://data.omgeving.vlaanderen.be/id/concept/csor/parameter/P_4066,verkorteNotatie,Parameter,Hexadecaanzuur,near_duplicate_labelwoord,'hexadecaanzuur' lijkt op vaker voorkomend 'perfluorhexadecaanzuur',
https://data.omgeving.vlaanderen.be/id/concept/csor/parameter/P_4065,verkorteNotatie,Parameter,Hexadecaanzuur,near_duplicate_labelwoord,'hexadecaanzuur' lijkt op vaker voorkomend 'perfluorhexadecaanzuur',
https://data.omgeving.vlaanderen.be/id/concept/csor/parameter/P_515,verkorteNotatie,Parameter,Propanil,near_duplicate_labelwoord,'propanil' lijkt op vaker voorkomend 'propanol',
https://data.omgeving.vlaanderen.be/id/concept/csor/parameter/P_2211,verkorteNotatie,Parameter,Propanil pesticiden sampler,near_duplicate_labelwoord,'propanil' lijkt op vaker voorkomend 'propanol',
https://data.omgeving.vlaanderen.be/id/concept/csor/parameter/P_2473,verkorteNotatie,Parameter,9-Nitroanthraceen,near_duplicate_labelwoord,'nitroanthraceen' lijkt op vaker voorkomend 'anthraceen',
https://data.omgeving.vlaanderen.be/id/concept/csor/parameter/P_3846,verkorteNotatie,Parameter,Dichlobenil,near_duplicate_labelwoord,'dichlobenil' lijkt op vaker voorkomend 'dichloorfenol',
https://data.omgeving.vlaanderen.be/id/concept/csor/parameter/P_1431,verkorteNotatie,Parameter,Dichlobenil,near_duplicate_labelwoord,'dichlobenil' lijkt op vaker voorkomend 'dichloorfenol',
https://data.omgeving.vlaanderen.be/id/concept/csor/parameter/P_1831,verkorteNotatie,Parameter,Dicloxacilline,near_duplicate_labelwoord,'dicloxacilline' lijkt op vaker voorkomend 'dichlooraniline',
https://data.omgeving.vlaanderen.be/id/concept/csor/parameter/P_1822,verkorteNotatie,Parameter,Difloxacine,near_duplicate_labelwoord,'difloxacine' lijkt op vaker voorkomend 'dioxine',
https://data.omgeving.vlaanderen.be/id/concept/csor/parameter/P_3226,verkorteNotatie,Parameter,"1,1,2-Trichloortrifluorethaan",near_duplicate_labelwoord,'trichloortrifluorethaan' lijkt op vaker voorkomend 'trichloorethaan',
https://data.omgeving.vlaanderen.be/id/concept/csor/parameter/P_1172,verkorteNotatie,Parameter,"1,1,2-Trichloortrifluorethaan",near_duplicate_labelwoord,'trichloortrifluorethaan' lijkt op vaker voorkomend 'trichloorethaan',
https://data.omgeving.vlaanderen.be/id/concept/csor/parameter/P_979,verkorteNotatie,Parameter,Dimethylamine,near_duplicate_labelwoord,'dimethylamine' lijkt op vaker voorkomend 'methylaniline',
https://data.omgeving.vlaanderen.be/id/concept/csor/parameter/P_2635,verkorteNotatie,Parameter,Dimethylamine,near_duplicate_labelwoord,'dimethylamine' lijkt op vaker voorkomend 'methylaniline',
https://data.omgeving.vlaanderen.be/id/concept/csor/parameter/P_1688,verkorteNotatie,Parameter,Alkanen en Alkenen,near_duplicate_labelwoord,'alkenen' lijkt op vaker voorkomend 'alkanen',
https://data.omgeving.vlaanderen.be/id/concept/csor/parameter/P_842,verkorteNotatie,Parameter,Trichloorfon,near_duplicate_labelwoord,'trichloorfon' lijkt op vaker voorkomend 'trichloorfenol',
https://data.omgeving.vlaanderen.be/id/concept/csor/parameter/P_841,verkorteNotatie,Parameter,Trichloorfon,near_duplicate_labelwoord,'trichloorfon' lijkt op vaker voorkomend 'trichloorfenol',
https://data.omgeving.vlaanderen.be/id/concept/csor/parameter/P_1711,verkorteNotatie,Parameter,Som v totale Organofosfor en organohalogeenverbind,near_duplicate_labelwoord,'organohalogeenverbind' lijkt op vaker voorkomend 'organohalogenen',
https://data.omgeving.vlaanderen.be/id/concept/csor/parameter/P_3847,verkorteNotatie,Parameter,dichloorazijnzuur,near_duplicate_labelwoord,'dichloorazijnzuur' lijkt op vaker voorkomend 'trifluorazijnzuur',
https://data.omgeving.vlaanderen.be/id/concept/csor/parameter/P_1543,verkorteNotatie,Parameter,Octylfenolpolyethoxylaat,near_duplicate_labelwoord,'octylfenolpolyethoxylaat' lijkt op vaker voorkomend 'alkylfenolethoxylaat',
https://data.omgeving.vlaanderen.be/id/concept/csor/parameter/P_966,verkorteNotatie,Parameter,Chloornitrotoluenen,near_duplicate_labelwoord,'chloornitrotoluenen' lijkt op vaker voorkomend 'chloortolueen',
https://data.omgeving.vlaanderen.be/id/concept/csor/parameter/P_1997,verkorteNotatie,Parameter,trans-Nonachloor,near_duplicate_labelwoord,'nonachloor' lijkt op vaker voorkomend 'chloor',
https://data.omgeving.vlaanderen.be/id/concept/csor/parameter/P_1998,verkorteNotatie,Parameter,cis-Nonachloor,near_duplicate_labelwoord,'nonachloor' lijkt op vaker voorkomend 'chloor',
https://data.omgeving.vlaanderen.be/id/concept/csor/parameter/P_4620,verkorteNotatie,Parameter,tribroomazijnzuur,near_duplicate_labelwoord,'tribroomazijnzuur' lijkt op vaker voorkomend 'trifluorazijnzuur',
https://data.omgeving.vlaanderen.be/id/concept/csor/parameter/P_1275,verkorteNotatie,Parameter,Dichloorbenzidines,near_duplicate_labelwoord,'dichloorbenzidines' lijkt op vaker voorkomend 'dichloorbenzeen',
https://data.omgeving.vlaanderen.be/id/concept/csor/parameter/P_3375,verkorteNotatie,Parameter,2-Chloor-5-methyaniline,near_duplicate_labelwoord,'methyaniline' lijkt op vaker voorkomend 'methylaniline',
https://data.omgeving.vlaanderen.be/id/concept/csor/parameter/P_3376,verkorteNotatie,Parameter,2-Chloor-6-methyaniline,near_duplicate_labelwoord,'methyaniline' lijkt op vaker voorkomend 'methylaniline',
https://data.omgeving.vlaanderen.be/id/concept/csor/parameter/P_1277,verkorteNotatie,Parameter,"Dichlooranilines, totaal",near_duplicate_labelwoord,'dichlooranilines' lijkt op vaker voorkomend 'dichlooraniline',
https://data.omgeving.vlaanderen.be/id/concept/csor/parameter/P_4846,verkorteNotatie,Parameter,n-Pentanol,near_duplicate_labelwoord,'pentanol' lijkt op vaker voorkomend 'ethanol',
https://data.omgeving.vlaanderen.be/id/concept/csor/parameter/P_4847,verkorteNotatie,Parameter,n-Pentanol,near_duplicate_labelwoord,'pentanol' lijkt op vaker voorkomend 'ethanol',
https://data.omgeving.vlaanderen.be/id/concept/csor/parameter/P_2314,verkorteNotatie,Parameter,perfluorbutaansulfinezuur (PFBSi),near_duplicate_labelwoord,'perfluorbutaansulfinezuur' lijkt op vaker voorkomend 'perfluorbutaansulfonzuur',
https://data.omgeving.vlaanderen.be/id/concept/csor/parameter/P_2314,verkorteNotatie,Parameter,perfluorbutaansulfinezuur (PFBSi),near_duplicate_labelwoord,'pfbsi' lijkt op vaker voorkomend 'pfbs',
https://data.omgeving.vlaanderen.be/id/concept/csor/parameter/P_4334,verkorteNotatie,Parameter,Octaanzuur,near_duplicate_labelwoord,'octaanzuur' lijkt op vaker voorkomend 'propaanzuur',
https://data.omgeving.vlaanderen.be/id/concept/csor/parameter/P_4335,verkorteNotatie,Parameter,Octaanzuur,near_duplicate_labelwoord,'octaanzuur' lijkt op vaker voorkomend 'propaanzuur',
https://data.omgeving.vlaanderen.be/id/concept/csor/parameter/P_1900,verkorteNotatie,Parameter,Thulium multi totaal,near_duplicate_labelwoord,'thulium' lijkt op vaker voorkomend 'thallium',
https://data.omgeving.vlaanderen.be/id/concept/csor/parameter/P_1967,verkorteNotatie,Parameter,Thulium multi opgelost,near_duplicate_labelwoord,'thulium' lijkt op vaker voorkomend 'thallium',
https://data.omgeving.vlaanderen.be/id/concept/csor/parameter/P_224,verkorteNotatie,Parameter,3-Chloor-4-methoxyaniline,near_duplicate_labelwoord,'methoxyaniline' lijkt op vaker voorkomend 'methylaniline',
https://data.omgeving.vlaanderen.be/id/concept/csor/parameter/P_1002,verkorteNotatie,Parameter,Booroxide,near_duplicate_labelwoord,'booroxide' lijkt op vaker voorkomend 'bromide',
https://data.omgeving.vlaanderen.be/id/concept/csor/parameter/P_1382,verkorteNotatie,Parameter,Mestranol,near_duplicate_labelwoord,'mestranol' lijkt op vaker voorkomend 'ethanol',
https://data.omgeving.vlaanderen.be/id/concept/csor/parameter/P_4067,verkorteNotatie,Parameter,Hexachloordibenzodioxine (totaal),near_duplicate_labelwoord,'hexachloordibenzodioxine' lijkt op vaker voorkomend 'hexachloordibenzo',
https://data.omgeving.vlaanderen.be/id/concept/csor/parameter/P_4063,verkorteNotatie,Parameter,Heptachloordibenzodioxine (totaal),near_duplicate_labelwoord,'heptachloordibenzodioxine' lijkt op vaker voorkomend 'heptachloordibenzo',
https://data.omgeving.vlaanderen.be/id/concept/csor/parameter/P_1544,verkorteNotatie,Parameter,Nonylfenolpolyethoxylaat,near_duplicate_labelwoord,'nonylfenolpolyethoxylaat' lijkt op vaker voorkomend 'alkylfenolethoxylaat',
https://data.omgeving.vlaanderen.be/id/concept/csor/parameter/P_3126,verkorteNotatie,Parameter,alfa-Pineen,near_duplicate_labelwoord,'pineen' lijkt op vaker voorkomend 'penteen',
https://data.omgeving.vlaanderen.be/id/concept/csor/parameter/P_2330,verkorteNotatie,Parameter,"N-1,3-Dimethylbutyl-N’-fenyl-p-fenylenediamine",near_duplicate_labelwoord,'fenyl' lijkt op vaker voorkomend 'fenol',
https://data.omgeving.vlaanderen.be/id/concept/csor/parameter/P_1757,verkorteNotatie,Parameter,"1,3,5-triazine-2,4,6-triamine",near_duplicate_labelwoord,'triazine' lijkt op vaker voorkomend 'atrazine',
https://data.omgeving.vlaanderen.be/id/concept/csor/parameter/P_960,verkorteNotatie,Parameter,"2,4,6-Trichloor-1,3,5-triazine",near_duplicate_labelwoord,'triazine' lijkt op vaker voorkomend 'atrazine',
https://data.omgeving.vlaanderen.be/id/concept/csor/parameter/P_1757,verkorteNotatie,Parameter,"1,3,5-triazine-2,4,6-triamine",near_duplicate_labelwoord,'triamine' lijkt op vaker voorkomend 'atrazine',
https://data.omgeving.vlaanderen.be/id/concept/csor/parameter/P_960,verkorteNotatie,Parameter,"2,4,6-Trichloor-1,3,5-triazine",near_duplicate_labelwoord,'trichloor' lijkt op vaker voorkomend 'chloor',
https://data.omgeving.vlaanderen.be/id/concept/csor/parameter/P_2256,verkorteNotatie,Parameter,"Trichlooranilines, totaal",near_duplicate_labelwoord,'trichlooranilines' lijkt op vaker voorkomend 'dichlooraniline',
https://data.omgeving.vlaanderen.be/id/concept/csor/parameter/P_812,verkorteNotatie,Parameter,Trihalomethanen totaal,near_duplicate_labelwoord,'trihalomethanen' lijkt op vaker voorkomend 'trichloormethaan',
https://data.omgeving.vlaanderen.be/id/concept/csor/parameter/P_5,verkorteNotatie,Parameter,Chloornitrobenzenen,near_duplicate_labelwoord,'chloornitrobenzenen' lijkt op vaker voorkomend 'dichloornitrobenzeen',
https://data.omgeving.vlaanderen.be/id/concept/csor/parameter/P_2433,verkorteNotatie,Parameter,2-Nitrofluoreen,near_duplicate_labelwoord,'nitrofluoreen' lijkt op vaker voorkomend 'fluoreen',
https://data.omgeving.vlaanderen.be/id/concept/csor/parameter/P_4623,verkorteNotatie,Parameter,Tetrachloordibenzodioxine (totaal),near_duplicate_labelwoord,'tetrachloordibenzodioxine' lijkt op vaker voorkomend 'tetrachloordibenzo',
https://data.omgeving.vlaanderen.be/id/concept/csor/parameter/P_3433,verkorteNotatie,Parameter,"4,4’-methylenebis(2-chloroaniline)",near_duplicate_labelwoord,'chloroaniline' lijkt op vaker voorkomend 'chlooraniline',
https://data.omgeving.vlaanderen.be/id/concept/csor/parameter/P_4312,verkorteNotatie,Parameter,nitrilotriazijnzuur,near_duplicate_labelwoord,'nitrilotriazijnzuur' lijkt op vaker voorkomend 'trifluorazijnzuur',
https://data.omgeving.vlaanderen.be/id/concept/csor/parameter/P_4431,verkorteNotatie,Parameter,Polychloordibenzofuranen (PCDF),near_duplicate_labelwoord,'polychloordibenzofuranen' lijkt op vaker voorkomend 'octachloordibenzofuraan',
